accountingservice,53.820661111110994,48.41800769230702,58.5180818181821,54.23090909090851,57.03562222222232,40.76251428571413,45.45595333333331,31.740366666666887,49.373612500000036,55.6244333333334,49.20009473684236,55.413688235294316,78.68447333333314,41.51610454545467,39.310075000000325,63.99075999999987,57.80543750000015,50.62332727272753,51.86344500000014,45.73147692307724,51.62044285714156,40.41114285714243,57.010846666666716,52.39354499999972,42.73132222222194,65.98885625000048,33.67978749999929,41.573744444444145,39.76735000000068,46.54004000000059,49.09498181818146,33.59720000000088,58.08773571428589,60.99158750000015,31.380266666667012,42.21859999999967,54.57328333333297,43.30144166666711,58.106035714286136,65.30908124999996,43.93117222222281,39.67093888888889,44.690853333332534,50.9908714285718,54.42423999999931,49.34178000000029,54.343641666666976,62.84612499999912,44.43930909090837,50.32672857142825,43.84130588235284,59.233900000000176,43.67944444444422,72.48827999999995,29.9315749999987,49.29740000000038,39.878149999999245,44.902963636363644,48.55699444444489,51.02518125000006,50.80602222222013,52.59006315789501,48.47026428571552,49.57754615384776,53.28269999999999,49.99228260869542,37.46959375000006,35.318350000001374,46.73307272727305,43.15033333333364,73.47055454545426,38.59637142857329,68.46244166666777,45.5077809523805,47.549887500001205,70.18295999999972,37.591599999996106,61.31847999999785,43.995892307694206,61.64390714285504,37.11314285714512,36.46373000000021,50.62097500000042,48.87726875000135,41.94068571428527,47.520518181819085,55.28185384615454,47.09841874999984,45.49484615384762,56.37678571428426,45.516516666669,43.25630434782563,47.84849999999902,53.51723636363551,62.376549999997216,39.28585714285665,58.35314615384693,48.60274705882287,46.81032307692377,44.35495000000083,46.73952352941235,76.14955555555773,59.299200000002756,44.86956666666665,40.37128000000181,62.99496923076871,46.4433600000033,60.4057500000005,50.48719166666706,52.70113124999898,45.44202222222035,50.865953846155136,57.10587500000232,36.682049999999435,50.240061538461866,37.32792727272846,48.70216666666642,48.8780099999989,50.40731363636389,54.03195454545626,51.22042500000135,43.878199999999204,56.14751666666538,56.43253076923317,44.17338666666668,46.478671428571815,41.509016666664444,54.935685714286855,50.90945500000089,54.87139999999834,57.63788235294187,39.977820000000065,51.802122222225684,45.02005000000063,35.27120714285723,46.685325000000375,58.53157999999676,47.699816666667175,64.97855555555564,16.84820000000036,44.12474166666774,46.16528888888974,46.85650666666819,40.1696833333319,67.05804285713904,53.83078999999852,49.11794374999863,73.64564615385069,54.87464375000127,54.88871538461535,34.08720000000176,40.141969999996945,43.759316666662926,45.86897272727748,54.90046000000439,53.782222222223126,91.59930000000168,50.25465714285798,42.01663749999898,62.31617499999993,49.42216666666839,60.47074210526127,39.670123076923815,55.13370000000407,52.21541249999791,45.60594166666609,44.05856363636717,57.611137500007324,45.340080000000306,65.17988999999652,40.733492857140455,43.37970000000288,61.382457142857945,37.81499090909016,54.32887142857154,45.73765000000033,45.35191111111392,55.92873636363815,52.160857142857,42.058950000001154,45.68080000000191,48.65175714285994,43.29572222222406,60.550037499999235,53.90119000000122,60.13032222222279,33.02451818181858,68.22434285714242,55.0568692307682,36.46521874999962,55.92952727272959,53.39662666666748,62.14814166666474,52.90544444444498,68.59027499999866,42.98631538461464,52.9750076923094,47.407452631579396,52.38383333332928,42.45692500000223,43.0325000000034,18.689585714284995,61.46751111111371,59.63152222222157,59.97740714285673,43.95919166666621,62.451018181817325,54.53516428571311,53.06031176470809,70.70283333333404,67.7275909090928,47.272986666666114,42.209649999997055,52.500266666664785,51.473360000005535,53.9520555555565,46.985592857144574,40.01640000000044,40.29623333333293,53.973125000002256,39.28614444444409,42.168340000000896,46.812941666665814,59.56399230769379,56.39472352941384,43.66299230769688,50.143585714284974,47.312380000001575,66.2291999999977,43.918053333337106,44.314441666671584,42.22723846153866,42.38547142857403,44.980963636366965,58.465661538464836,60.55950714285635,50.55056666666253,42.65597272727543,40.42777777778166,51.40109230769136,49.03300666666861,56.72259999999993,61.89083333332867,70.1678857142854,39.9830099999992,54.73119999999763,73.42607500000061,48.641519999998856,61.3512833333322,39.500776470587454,51.85327777778083,48.63793636363434,40.261705882352544,47.45435333333444,39.99966666667024,56.811020000002465,40.80116923076835,39.68514166666622,48.579923529410735,43.138757142853656,49.9930238095223,54.16014285714067,66.29859230768992,49.39355882352752,62.059840000001714,44.19747142857107,49.79842499999904,41.66766428571178,58.3001076923034,46.762877777775024,54.22565555555371,64.90757000000158,60.872237500003386,53.04236153846096,75.154028571427,47.364836363635156,48.45714444443971,55.29139374999795,42.82000952381003,53.616900000000335,50.69855833333471,43.38330555555391,50.3590272727306,49.8989437500004,49.45255454544994,52.478599999998956,63.18793124999502,50.6562083333362,47.02290625000023,56.32085999999544,53.00526666666701,70.7354933333331,50.55980999999447,42.712784615383356,61.79250624999804,35.55779000000039,46.36573749999843,47.83530625000276,47.17536923076841,62.07524210526179,55.826663636364344,56.644346666669776,42.563893333335486,48.0793533333325
adservice,NaN,NaN,NaN,NaN,NaN,NaN,NaN,NaN,NaN,NaN,NaN,NaN,NaN,NaN,NaN,NaN,NaN,NaN,NaN,NaN,NaN,NaN,NaN,NaN,NaN,NaN,NaN,NaN,NaN,NaN,NaN,NaN,NaN,NaN,NaN,NaN,NaN,NaN,NaN,NaN,NaN,NaN,NaN,NaN,NaN,NaN,NaN,NaN,NaN,NaN,NaN,NaN,NaN,NaN,NaN,NaN,NaN,NaN,NaN,NaN,NaN,NaN,NaN,NaN,NaN,NaN,NaN,NaN,NaN,NaN,NaN,NaN,NaN,NaN,NaN,NaN,NaN,NaN,NaN,NaN,NaN,NaN,NaN,NaN,NaN,NaN,NaN,NaN,NaN,NaN,NaN,NaN,NaN,NaN,NaN,NaN,NaN,NaN,NaN,NaN,NaN,NaN,NaN,NaN,NaN,NaN,NaN,NaN,NaN,NaN,NaN,NaN,NaN,NaN,NaN,NaN,NaN,NaN,NaN,NaN,NaN,NaN,NaN,NaN,NaN,NaN,NaN,NaN,NaN,NaN,NaN,NaN,NaN,NaN,NaN,NaN,NaN,NaN,NaN,NaN,NaN,NaN,NaN,NaN,NaN,NaN,NaN,NaN,NaN,NaN,NaN,NaN,NaN,NaN,NaN,NaN,NaN,NaN,NaN,NaN,NaN,NaN,NaN,NaN,NaN,NaN,NaN,NaN,NaN,NaN,NaN,NaN,NaN,NaN,NaN,NaN,NaN,NaN,NaN,NaN,NaN,NaN,NaN,NaN,NaN,NaN,NaN,NaN,NaN,NaN,NaN,NaN,NaN,NaN,NaN,NaN,NaN,NaN,NaN,NaN,NaN,NaN,NaN,NaN,NaN,NaN,NaN,NaN,NaN,NaN,NaN,NaN,NaN,NaN,NaN,NaN,NaN,NaN,NaN,NaN,NaN,NaN,NaN,NaN,NaN,NaN,NaN,NaN,NaN,NaN,NaN,NaN,NaN,NaN,NaN,NaN,NaN,NaN,NaN,NaN,NaN,NaN,NaN,NaN,NaN,NaN,NaN,NaN,NaN,NaN,NaN,NaN,NaN,NaN,NaN,NaN,NaN,NaN,NaN,NaN,NaN,NaN,NaN,NaN,NaN,NaN,NaN,NaN,NaN,NaN,NaN,NaN,NaN,NaN,NaN,NaN,NaN,NaN,NaN,NaN,NaN,NaN,NaN,NaN,NaN,NaN,NaN,NaN,NaN,NaN,NaN,NaN,NaN,NaN,NaN,NaN,NaN,NaN,NaN,NaN,NaN,NaN,NaN,NaN
cartservice,15.841841186612184,11.215071191342014,14.99874631577069,12.079589694045616,12.840634334836338,12.176534666991602,17.233768767735825,13.362272177393416,11.240910863724821,13.680572649009274,43.210600226658485,11.56976533776909,14.634952986883288,14.881690895599574,14.431798965005767,10.843182599936261,11.499870093630252,11.988007347021437,12.150326863014524,12.008074401536504,12.586809792482189,11.032516320203166,12.926551799012135,12.859429803494915,11.314831475360872,10.969912935431418,13.473599402612066,12.104023448576957,14.320960268206328,14.397433382865966,13.740180963530873,13.180706032065387,11.507145471204682,13.423754344419548,13.243572501256955,11.735930983727995,14.579980769337718,14.774940308074163,12.733191146314017,12.384868066513375,10.579967612753817,11.87239442063369,12.439457582998566,13.23977733128584,15.000976836112045,11.177860725454893,13.61933922017512,11.622962067822055,13.362878125236593,12.883775413716627,10.807866761143284,14.04560939219278,11.70821917634703,12.433242824486832,11.175104696151683,11.7631018106854,10.905531968696916,12.090549684410181,14.741158684719949,13.019147396767005,11.272113754637047,14.675267431838542,14.144770299467211,13.697330953128333,13.746989575542687,12.376389804416421,11.749453688203285,11.495951911349282,10.985040578789096,11.527090818392479,12.807209779305227,11.01411579009936,28.529723705004326,13.252435667921496,9.96445072448786,9.934281042769445,11.865160284407374,12.083683971621229,12.440227289007977,12.967954619890353,12.340863088781733,14.190830255577946,13.260253574092218,11.572629019328353,12.339967157961867,11.510076109885155,13.203717427796018,12.911487587469987,12.608975087003802,12.167735717034477,12.612182064444228,13.853562519068063,14.87015098416833,11.878743691736139,12.568958845657919,11.659208962260628,12.811731144373631,12.128372413283676,14.243496989305047,12.583910371707113,12.058230880638698,11.900055521384434,12.25982272777611,13.224453689096434,11.545765828342514,11.558163322026104,13.848592892138393,12.143906498321257,13.069122160594926,12.177731172773395,11.725105924795535,15.310252975390926,13.602332129225783,11.726770576101977,12.374887852609376,11.885708707758626,12.134455112130862,10.566635794336182,11.486634609040847,12.758329079591427,11.875696547421033,13.789010735293392,13.604963045261131,12.91056167076002,10.877645398244592,12.12987549594248,11.588319411316665,12.880425360685562,12.869213390724328,11.282374271995877,13.050907323232629,12.276841381558093,12.073616968978857,10.937450742481587,10.757267881711577,13.96403625031931,12.588649542953222,12.124999804209564,11.876331103525835,10.004809566740782,12.633120905358824,11.6667813752567,11.688772667975499,12.036637778717559,13.313952427304317,12.115864552192395,12.211923618388756,12.899549361962302,10.897125424140114,11.832851470958389,11.88341071011362,11.7174535748702,12.213288348236897,12.733328317652468,13.55834574010682,12.58265638120911,10.113640178694943,11.135420037901355,13.848161631180977,13.980586642315219,11.295248399137916,13.137307017439676,13.55405883365932,11.690501950840583,13.753761344322667,12.250396224849473,10.999589173381672,10.74710529225194,19.912551723173472,15.478953458496962,12.861304834127647,11.208934353931092,17.22304100817012,12.575415812782763,12.170169513876923,12.481200880659879,13.017626361172459,12.237870479948645,13.11582441458771,11.986598777408322,14.091732102534724,11.810263642475896,12.339810839546319,11.310270028240922,13.675937678065749,10.543160249671958,15.259491583242715,14.008271495718693,12.657620300229262,10.949372944055211,15.301130349363945,13.242070325850367,12.311748096638922,15.01092475967576,11.25373058203988,12.469606887864916,12.630475743799801,14.22304767555151,11.153910680706966,10.615041361105083,12.450459651958434,14.716552468854083,11.480409611054725,13.13664754419474,12.896748313680714,11.11417554829417,12.51441503775991,11.592256207450674,12.909841552447096,14.17186015481165,14.919719079281128,14.57738895390389,12.77282226651619,15.266117541877751,15.178159839496988,11.10983181575538,14.220418275590688,11.733889743158306,12.10170019624839,12.370136891065203,13.992468535221974,13.431095303363694,13.07218806029156,10.937790840560316,12.92644708666247,12.279682468630718,14.031586324065154,13.4226641534381,13.92690912383792,11.206291830005084,13.345004862885185,12.095324264921674,11.969931658157723,14.02759812225052,13.661760587866628,12.069808454255705,11.957170320050952,12.471947198499533,14.357096430249022,16.195402334707268,15.453517057925447,12.612808752130062,10.593614258672918,15.399980886656415,13.381100162816843,11.334335884277667,11.127554682260717,11.550139693507205,12.294018460686694,11.255714513275501,11.572502127108802,12.14968503553485,12.97571034542643,13.114375324439077,10.03834035567007,10.550079581685054,11.991730602045134,13.80476040945984,12.530468943447053,13.519086587672236,11.69485419682117,13.291130314905464,13.547850879990683,13.971462363235656,12.784533791958793,12.658713605426374,11.44163037121473,15.499948312198052,13.007935738356178,14.24993774939681,14.958155120071577,13.169866420417925,13.493745214159786,13.780358921403657,17.16063029500059,14.332048000988195,12.146788789023516,13.509137277902227,15.398128762939681,13.916095678831331,15.97093119080363,13.391402416122212,11.97880020104168,13.60267014868003,14.147513153633781,13.75587022497625,12.268780573567721,14.451881707723903,11.437741847879085,11.121342447095442,11.398785845863141,16.504761252563963,13.44740882312861,11.045272705020086,12.575889586403012,15.118799634130468,11.727924216578266,12.916206306466933,12.435019229047771,10.74583665494691,12.054898040790926,13.034331735305784,13.995722739778897,11.335361885701154
checkoutservice,126.69769910040584,59.69746532728733,60.92052813413558,54.81786442348453,57.965475501782485,60.494254809524044,67.08828060256396,78.2487942985739,53.74121179166694,66.51820157480115,184.88767228317582,57.10488595691822,70.86602603604994,66.11541461340755,65.06612542777738,53.212020740171965,54.0462659588889,66.11243580697652,53.566878704002846,58.17026726102517,57.41667594362674,58.469682071428004,57.707121562500106,55.29446512999959,50.17437830610105,51.99905849033862,66.55720667582422,56.593052341665796,71.25854005568577,150.86255370000003,63.26465783749991,65.19150469681416,61.1962375614942,67.79945968134093,65.77487680939252,52.064574697354054,65.82275961312219,58.976336377537066,62.91758596596673,61.4398189167456,53.090338826526946,60.58567570098036,57.25100388194904,59.056072939678565,64.93551037873698,56.628271577094765,58.63633133093838,53.15884909305538,64.92048342902717,58.93461955219403,54.05742048308298,58.333389536927974,55.20582745616918,54.94976450555442,53.428810650793416,58.787929395671426,58.18307701666677,51.11579719489754,61.12615259732665,59.22718677625281,51.08432880476153,68.71725449625795,57.660992567103065,64.32985311471141,62.130842863674424,55.30872701098828,47.81566529259252,56.271899168692244,52.041198291901864,54.820281394928415,52.60497716666604,60.49129077567108,66.94403962229569,64.79116676192989,47.68355841666686,52.35545513888947,58.600242218269194,57.419524531250275,55.413468857336795,60.128730609376845,56.20450854929968,60.258067045455185,57.62375749444653,59.19943733898521,293.6231188916669,50.997607149537394,61.81817784090879,65.57797942130838,66.03633565274717,62.86781709411824,185.77063201282067,59.146834293030935,63.992573849998756,61.570204420604604,58.597498110694225,54.631478030630575,57.513112771756134,57.721269291034275,61.767018757043,58.972620924502564,60.9890756274522,59.12002121536151,58.78728025757589,63.84674879937328,62.663572355851095,54.861413337499336,57.975556481730436,58.24043586136403,58.541357370187235,54.84169519563636,55.45707518696541,58.51699658615393,54.89034321428514,52.94286102361925,55.085627511312886,66.79606568002403,58.32617733194764,49.24011271518025,55.111727213055495,55.98231189881296,51.40986550324778,56.72324170555498,291.3587934419607,60.6244127259086,53.18451523829244,52.125033116226774,56.764379455554895,57.5135759374029,57.9832173922233,55.348395295221245,61.52710623208267,60.922949569489504,60.0860424336182,68.13387597472749,52.56877963188436,58.16046481641624,61.21256358149267,56.7278608531561,74.12169510508448,49.01336733968407,59.92403071211907,58.80908230871906,62.041957499998695,58.10216958930613,57.1144343958322,69.04554840740683,61.226996323531196,64.1162980638107,56.48464538624813,63.88129787514429,59.70308836666717,60.39935297265739,60.356791141735805,60.81696946548755,63.341872351028115,122.7311322216102,50.40013839999788,60.75053514848547,63.014720455557566,54.62149500537646,61.041920583072205,60.5762714755798,57.60783419800955,58.74806482204481,69.98324741792932,67.91994725554771,50.5368141923063,48.91182936745971,69.73540262916511,74.65078876212222,58.556136502710885,50.94591722780008,60.273380993335444,61.35861286189373,57.941398775634525,52.22981896333681,57.76420073395302,64.02744307692166,68.30165517376815,58.465608595830204,66.08500535893853,55.20832992499763,55.44777249281027,65.0842192738974,156.64838832380923,57.59805448486468,68.0648445678936,60.84287581255104,52.59160542307649,47.44957805969724,64.30599040047143,56.934323681986044,56.10542325703896,62.46102011214393,54.243211029913205,51.496411270199204,65.19769885714591,63.48389824881344,50.43430322670831,56.74596875434726,59.45139209138061,73.34146004761874,59.28051833246401,54.5803129160399,54.212649844445274,51.444269261471284,55.826487833334525,54.25256920570325,57.55501699320732,70.53194781865064,64.91574509090796,58.9063418555052,61.34874266390806,61.462947066666565,67.61838339256579,210.83485672552388,62.327242870010885,53.188405351851394,59.67134624333307,65.4775779152187,63.40935572018904,69.39962295129895,57.94514722622766,52.38295226758467,57.02930783863609,53.314563297621405,144.47927574166658,58.508302968898334,113.53246822162666,51.19292363932515,57.574829157290154,53.0167459957566,57.80650443999869,54.21031431818628,60.44794947058624,55.43403251922942,61.53265768799354,58.84060662779175,71.9428224020197,68.96870604366208,282.3255149078414,54.54332014610401,49.56666930952672,63.560549279489166,60.189782433642,59.268757379175504,53.36912272113962,59.201972145440195,59.299393868315285,262.9676255805819,56.0941820479133,52.800465767964745,112.94387333951967,69.1353735991863,55.768643857136354,58.818564462761614,57.56936209242864,54.148733473876185,62.300211817528485,58.94083752911624,56.814809376493024,66.1093037840404,67.94933224999969,65.90258242085827,58.27873280476259,52.50321454166207,221.33249896034644,65.55246056850136,55.64108069572099,58.42529183305144,69.2299972187393,55.729553373802254,55.02902322666736,56.13884560666556,70.58746008009551,65.85045618438271,NaN,NaN,NaN,NaN,NaN,NaN,NaN,NaN,NaN,NaN,NaN,NaN,NaN,NaN,NaN,NaN,NaN,NaN,NaN,NaN,NaN,NaN,NaN,NaN,NaN,NaN,NaN,NaN
currencyservice,4.3974315236650785,4.432506337584337,4.751446293736157,4.591759108195751,4.574853891207752,4.417934980998764,4.729341101827013,4.665165004256232,4.876295722466829,5.0738564448202075,11.228327847016137,4.571852025941952,4.657334103836095,4.224362169090787,5.058186915473851,4.606371599536366,4.298826896331385,4.483632013973145,4.554621357978839,4.315633143422978,4.618162711447592,4.2891375095614785,4.732862154859827,4.413102626635407,4.588842655928044,4.280285349794148,4.5982370440334766,4.330339100905898,4.455043459805003,4.852140192393714,4.845457299205737,4.370062644714707,4.479363625841799,4.400064662009798,4.3847144663468836,4.4408990134602355,4.4824490581499035,4.402021345934878,4.745842558926666,4.510782934566608,4.333413480003999,4.403117474648212,4.590367223075208,4.362962107488753,4.463877917994431,4.563309471793313,4.413430210366305,4.1858870998338364,4.734874302796179,4.280072340273794,4.2873636467915865,4.663507354707675,4.482145968571763,4.353846027676316,4.186403313074578,4.368116581968671,4.575758235816718,4.431259766802484,4.6178532777848105,4.619764637900443,4.246598673512764,4.249870999517659,4.220395369533273,4.511297759232125,4.233382805875922,4.442108441600345,4.327011708556391,4.303441519572638,4.396908077784525,4.2092043292652335,4.4331697948616435,4.424431417124119,4.196814965061709,4.481387523922459,4.27961907583154,4.519130819349478,4.392994679725452,4.384039449925332,4.459517947116971,4.219217507408317,4.192375991409302,4.489944323876415,4.45227847042282,4.601201909652236,4.968359587633448,4.521046709690692,4.54416216799346,4.478684586751966,4.342974252508162,4.254251983122485,4.292997422298085,4.457202124264849,4.022788939828658,4.371181007894733,4.3762253180359245,4.635122011335219,4.39589909479191,4.506611350698875,4.584919393234667,4.536900595386636,4.278558801865661,4.365914679689152,4.016922298683983,5.937553003359537,4.175078123426939,4.1775508613204995,4.378587391195033,4.2150553105238195,4.372518965657166,4.336924871084076,4.3815095990188775,4.215962085328706,4.380003599662268,4.395595310682297,4.464828719851169,4.462732525321991,4.273220476287637,4.62875713603804,4.459570819028279,4.396208168230399,4.377750826124595,4.552831141671441,4.33241295965713,4.56723462914847,4.366503856633512,4.505305521779254,4.422523804975441,4.486162337248409,4.522385566530648,4.2491591809409215,4.304914310672727,4.475315696490655,4.355365738329652,4.563129900235385,4.266796394356811,4.393840601156555,4.543395656436376,4.205819225893899,4.386573095846938,4.628429703128482,4.460928705211407,4.318616212034138,4.348059338363118,4.165852180229669,4.553035113073474,4.391402863247393,4.532146973571792,4.417361743986254,4.422491659896852,4.321110852656556,4.392541416936993,4.470724187485766,4.301317129953531,4.317769733384596,4.6295518836712795,4.63445832507308,4.3198219791971,4.397767732527613,4.629393193476821,4.291180827838078,4.73819790166145,4.368026813219374,4.333155649748715,4.461752256851121,5.3659317340147155,4.470359318555283,4.34614178621125,4.600720919274956,4.573872843452458,4.360557767934982,4.315394283248956,4.331169920430687,4.321474275346878,4.205851908425673,4.3472007599514555,4.526023836406734,4.4098485902921,4.4448707422454925,4.343901999367059,4.398442908306664,4.3569725552380705,4.166161339689016,4.493491565775899,4.397212265955971,4.314194482266073,4.130153539558471,4.525123890766457,4.364994022229338,4.749600996119605,4.243249902324222,4.641028346458121,4.634664685635633,4.418253843306327,4.428189984262818,4.3501822180897936,6.539427297449323,4.557474676615056,4.454859000329697,4.751760315481757,4.478695183694363,4.241189052319455,4.7026048822417215,4.363435514650696,4.504137835430064,4.363524167366156,4.316644695570992,4.339525562162032,4.485687129442188,4.545855820631352,4.595599115484403,4.825128563867594,4.931251315275763,4.492441589360077,4.442899454454981,4.267720165492456,4.06599305705952,4.321469995740703,4.377796132436414,4.396330349552618,4.4671675930588135,4.599677003696037,4.483816703616189,4.331720667680569,4.740660308437656,4.2222630495079425,4.4331079741448915,4.345212816383977,4.479604201722406,4.585527815408774,4.53989123036851,4.3852177061107565,4.62986667167247,4.256634605084285,4.210159773033436,4.555689032277733,4.908117592893112,4.477104137034758,4.919480880150617,4.709296247605988,4.705665280696751,4.701916234538773,4.654761262311036,4.505173973508413,4.566739319923961,4.356185058950693,4.4746141488130435,4.118780643555484,4.339633355685131,4.226182769888162,4.402441573298033,4.392668954038934,4.44109881083882,4.580895745899276,4.4441452683059754,4.320071535066455,4.486280514846551,4.7985440289946295,4.312821578312797,4.565843760343463,4.654686138871191,4.405245098919955,4.447970744894262,4.414214614172142,4.631387894350542,4.759853528950413,4.68120477378832,4.353102766750775,4.8095948547903875,4.62374137751426,4.757110456443465,4.5809450393422155,4.449871439884826,4.21887800505052,4.332428339976724,5.06046308116265,4.991833173923638,5.00712211841476,4.668470303648442,4.298832945510268,4.69191410558679,4.718568950038527,4.493235336929321,4.794495001628304,4.832550933408914,4.502215363069699,4.939683343301048,4.666694083707028,4.602043399297342,4.438127750108557,4.424069188505303,4.11310616366568,4.402022428532406,4.330501207199469,4.27655152761764,4.505062540961063,4.676303870351187,4.23112057043391,4.439848607032928,4.32830328014525,4.386740930641016,4.375443675989907,4.527781033251588,4.106959230005721,4.41350701564693
emailservice,6.9054686052631835,10.873421192307713,5.649817727272722,5.789342458333292,5.8989437631578845,5.997323599999977,6.88088897058825,6.898150277777717,6.059082625000027,6.4053375333333635,11.911414447368411,6.594045666666645,7.3772904666666665,7.6239968181818,6.587029400000052,6.3068765999999865,5.621671444444543,6.673948727272667,6.067280120000005,6.483184357142883,5.40445206250002,7.154566416666668,6.6559535833332815,6.140172809523816,5.723185041666667,5.94297142857146,6.710622687499935,6.144460611111147,6.915814052631564,7.281838749999918,6.899190208333303,7.447635727272675,6.3789740999999935,6.168036823529419,6.728663522727327,6.6539315999999795,6.458320444444445,6.681961076923078,5.992998607142795,6.833137176470664,8.033684904762064,6.137173605263277,6.326651699999888,7.358975636363707,6.7076241666667515,5.691946538461602,6.823443333333367,5.723668611111047,9.315467045454414,6.507844633333438,6.14108656521743,6.406251294117654,13.471302333333174,5.757036833333306,5.771364500000155,5.413699352941184,6.843554785714518,5.340833708333245,6.411100666666648,6.499305526315757,4.886472722222303,7.848144894736864,6.231584647058697,5.6841576333332,7.644793199999923,6.481896153846157,6.007225894736827,6.235328562499955,6.627097833333384,5.735720866666683,6.238501166666694,6.364835888888883,6.6369673333334065,6.393124108695694,6.2870965833331764,5.53031925000019,5.966124409090924,7.200502124999808,7.640871281249964,6.431036687500004,6.896814857142983,6.174438499999993,6.987113423076878,6.552880029411587,6.058166812500048,6.177585964285681,6.959854999999905,6.877373763157895,13.518249107143081,6.309232937499992,5.724510928571476,7.064397333333218,6.128555000000055,6.737980295454546,6.723055666666798,6.727051600000057,6.266875615384492,7.00304426470579,5.530555461538518,6.918055499999885,6.495871611111113,6.227504950000082,6.299286999999719,7.619990294117656,10.650269888888847,7.336562307692222,5.257664541666571,6.029857975000016,6.619470874999649,5.639873868420948,7.8678557777776,6.321003785714611,5.587832214285348,6.229757625000087,6.40056549999983,6.315772863636467,6.218452692307962,5.914520727272547,7.733549318181774,5.7627648636365,8.010823999999957,6.873815999999566,5.932034115384454,6.191801558823533,5.608213472222278,6.323535366666556,5.63083637500002,5.839846166666651,6.562071909090864,6.662831846154019,6.230030823529406,5.451556681818633,6.133387277777855,6.423074350000138,6.114357088235325,5.820145611111286,6.689197090909343,6.533206035714435,8.44028300000001,6.608447899999464,6.389048666666564,7.445162749999991,5.822290468749777,6.563468944444568,6.637936076922861,6.566878100000201,7.024338117647222,6.273017250000009,6.295939105263014,7.837322399999941,7.024300699999822,6.04853114999977,7.283354541666503,5.85356400000015,6.210172906250165,7.481762923076811,5.729622857142723,7.24473437500005,6.486640500000035,6.827536233333232,7.528246461538655,6.372772099999912,6.617219735293936,6.712585499999966,7.890380818181856,7.584212307692225,6.029298458333433,6.194333249999796,7.594884333333388,5.93626127272735,5.969572107142824,6.082368535714409,7.725065499999961,6.387185625000171,6.3819622500005995,7.898059666666578,8.46348554999962,11.59934003124981,7.546343113636567,7.1266050833331365,6.2028319722222065,5.555224250000265,5.399503400000231,7.196719921052603,5.38404696153837,5.11940879999986,7.307095681817952,6.829731535714585,5.746657464285623,5.944756055555558,6.635231791666854,5.573843055555358,9.189328625000352,6.25922561111108,6.226411649999795,6.616435529411989,6.575846541666351,5.923282236842002,5.124163249999902,7.177402200000211,7.02662396666686,8.659019062500391,6.877162750000309,6.598521700000197,5.380020142857071,6.206233807692133,7.010677333333092,5.881659357142731,6.446042452381237,6.220288875000449,5.355016045454746,6.7563269444441785,5.975273441176274,9.549361846153925,6.716982200000287,7.115640999999778,6.883320562500003,6.018879150000384,7.425629437499964,6.72848699999996,6.324835499999949,6.7207111363638266,7.013924607142696,5.60384211538408,5.882395886363611,7.756247718749663,6.227756100000245,6.14035075000009,6.777926222222492,5.8778975588237,6.1241610769224835,6.221695392857295,6.275430999999799,6.456498083333638,6.108791499999882,7.412165633333098,8.002196307692902,7.050743499999829,6.770740500000354,7.551913366666243,6.243440166666498,5.73293944444524,6.9814471111112155,6.102396735294446,6.445764625000133,6.863876083333688,7.617758392856997,6.35558241176437,6.993512900000253,6.370106599999996,6.593739181818261,6.16710213636392,6.4770561388887575,8.434363823529699,6.909270375000062,7.773807409091515,5.908143433332907,7.003112235294392,8.003386825000257,6.376017928571367,6.46579335714274,6.734878571428518,8.205502678571941,6.9492256666667975,6.076653642858154,6.520139187499325,6.167534882352891,6.44114964285708,5.6732096428575485,6.598703076922867,18.567021343749815,6.252561181818113,7.185027400000195,7.071677899999895,6.752843099999632,5.486477916666672,5.414837272727524,8.013139531249521,6.644547565217052,6.000204964285558,6.305191083333568,5.778273325000066,5.874317499999165,7.05617467647039,6.315714961538823,5.670009045454064,6.813691676470344,6.223527749999827,6.282650205882807,6.431951750000053,7.447143461538067,6.654736166667044,5.9968790384616915,8.321986406249977,5.7848599687500695,7.068711749999989,6.815000617646854,6.170862684210234,7.4124056428570055,6.209533119047202,11.480529454545977,6.570897399999679,6.660986321428205,7.599353533332973
flagd,NaN,NaN,NaN,NaN,NaN,NaN,NaN,NaN,NaN,NaN,NaN,NaN,NaN,NaN,NaN,NaN,NaN,NaN,NaN,NaN,NaN,NaN,NaN,NaN,NaN,NaN,NaN,NaN,NaN,NaN,NaN,NaN,NaN,NaN,NaN,NaN,NaN,NaN,NaN,NaN,NaN,NaN,NaN,NaN,NaN,NaN,NaN,NaN,NaN,NaN,NaN,NaN,NaN,NaN,NaN,NaN,NaN,NaN,NaN,NaN,NaN,NaN,NaN,NaN,NaN,NaN,NaN,NaN,NaN,NaN,NaN,NaN,NaN,NaN,NaN,NaN,NaN,NaN,NaN,NaN,NaN,NaN,NaN,NaN,NaN,NaN,NaN,NaN,NaN,NaN,NaN,NaN,NaN,NaN,NaN,NaN,NaN,NaN,NaN,NaN,NaN,NaN,NaN,NaN,NaN,NaN,NaN,NaN,NaN,NaN,NaN,NaN,NaN,NaN,NaN,NaN,NaN,NaN,NaN,NaN,NaN,NaN,NaN,NaN,NaN,NaN,NaN,NaN,NaN,NaN,NaN,NaN,NaN,NaN,NaN,NaN,NaN,NaN,NaN,NaN,NaN,NaN,NaN,NaN,NaN,NaN,NaN,NaN,NaN,NaN,NaN,NaN,NaN,NaN,NaN,NaN,NaN,NaN,NaN,NaN,NaN,NaN,NaN,NaN,NaN,NaN,NaN,NaN,NaN,NaN,NaN,NaN,NaN,NaN,NaN,NaN,NaN,NaN,NaN,NaN,NaN,NaN,NaN,NaN,NaN,NaN,NaN,NaN,NaN,NaN,NaN,NaN,NaN,NaN,NaN,NaN,NaN,NaN,NaN,NaN,NaN,NaN,NaN,NaN,NaN,NaN,NaN,NaN,NaN,NaN,NaN,NaN,NaN,NaN,NaN,NaN,NaN,NaN,NaN,NaN,NaN,NaN,NaN,NaN,NaN,NaN,NaN,NaN,NaN,NaN,NaN,NaN,NaN,NaN,NaN,NaN,NaN,NaN,NaN,NaN,NaN,NaN,NaN,NaN,NaN,NaN,NaN,NaN,NaN,NaN,NaN,NaN,NaN,NaN,NaN,NaN,NaN,NaN,NaN,NaN,NaN,NaN,NaN,NaN,NaN,NaN,NaN,NaN,NaN,NaN,NaN,NaN,NaN,NaN,NaN,NaN,NaN,NaN,NaN,NaN,NaN,NaN,NaN,NaN,NaN,NaN,NaN,NaN,NaN,NaN,NaN,NaN,NaN,NaN,NaN,NaN,NaN,NaN,NaN,NaN,NaN,NaN,NaN,NaN
frauddetectionservice,NaN,NaN,NaN,NaN,NaN,NaN,NaN,NaN,NaN,NaN,NaN,NaN,NaN,NaN,NaN,NaN,NaN,NaN,NaN,NaN,NaN,NaN,NaN,NaN,NaN,NaN,NaN,NaN,NaN,NaN,NaN,NaN,NaN,NaN,NaN,NaN,NaN,NaN,NaN,NaN,NaN,NaN,NaN,NaN,NaN,NaN,NaN,NaN,NaN,NaN,NaN,NaN,NaN,NaN,NaN,NaN,NaN,NaN,NaN,NaN,NaN,NaN,NaN,NaN,NaN,NaN,NaN,NaN,NaN,NaN,NaN,NaN,NaN,NaN,NaN,NaN,NaN,NaN,NaN,NaN,NaN,NaN,NaN,NaN,NaN,NaN,NaN,NaN,NaN,NaN,NaN,NaN,NaN,NaN,NaN,NaN,NaN,NaN,NaN,NaN,NaN,NaN,NaN,NaN,NaN,NaN,NaN,NaN,NaN,NaN,NaN,NaN,NaN,NaN,NaN,NaN,NaN,NaN,NaN,NaN,NaN,NaN,NaN,NaN,NaN,NaN,NaN,NaN,NaN,NaN,NaN,NaN,NaN,NaN,NaN,NaN,NaN,NaN,NaN,NaN,NaN,NaN,NaN,NaN,NaN,NaN,NaN,NaN,NaN,NaN,NaN,NaN,NaN,NaN,NaN,NaN,NaN,NaN,NaN,NaN,NaN,NaN,NaN,NaN,NaN,NaN,NaN,NaN,NaN,NaN,NaN,NaN,NaN,NaN,NaN,NaN,NaN,NaN,NaN,NaN,NaN,NaN,NaN,NaN,NaN,NaN,NaN,NaN,NaN,NaN,NaN,NaN,NaN,NaN,NaN,NaN,NaN,NaN,NaN,NaN,NaN,NaN,NaN,NaN,NaN,NaN,NaN,NaN,NaN,NaN,NaN,NaN,NaN,NaN,NaN,NaN,NaN,NaN,NaN,NaN,NaN,NaN,NaN,NaN,NaN,NaN,NaN,NaN,NaN,NaN,NaN,NaN,NaN,NaN,NaN,NaN,NaN,NaN,NaN,NaN,NaN,NaN,NaN,NaN,NaN,NaN,NaN,NaN,NaN,NaN,NaN,NaN,NaN,NaN,NaN,NaN,NaN,NaN,NaN,NaN,NaN,NaN,NaN,NaN,NaN,NaN,NaN,NaN,NaN,NaN,NaN,NaN,NaN,NaN,NaN,NaN,NaN,NaN,NaN,NaN,NaN,NaN,NaN,NaN,NaN,NaN,NaN,NaN,NaN,NaN,NaN,NaN,NaN,NaN,NaN,NaN,NaN,NaN,NaN,NaN,NaN,NaN,NaN,NaN
frontend,NaN,NaN,NaN,NaN,NaN,NaN,NaN,NaN,NaN,NaN,NaN,NaN,NaN,NaN,NaN,NaN,NaN,NaN,NaN,NaN,NaN,NaN,NaN,NaN,NaN,NaN,NaN,NaN,NaN,NaN,NaN,NaN,NaN,NaN,NaN,NaN,NaN,NaN,NaN,NaN,NaN,NaN,NaN,NaN,NaN,NaN,NaN,NaN,NaN,NaN,NaN,NaN,NaN,NaN,NaN,NaN,NaN,NaN,NaN,NaN,NaN,NaN,NaN,NaN,NaN,NaN,NaN,NaN,NaN,NaN,NaN,NaN,NaN,NaN,NaN,NaN,NaN,NaN,NaN,NaN,NaN,NaN,NaN,NaN,NaN,NaN,NaN,NaN,NaN,NaN,NaN,NaN,NaN,NaN,NaN,NaN,NaN,NaN,NaN,NaN,NaN,NaN,NaN,NaN,NaN,NaN,NaN,NaN,NaN,NaN,NaN,NaN,NaN,NaN,NaN,NaN,NaN,NaN,NaN,NaN,NaN,NaN,NaN,NaN,NaN,NaN,NaN,NaN,NaN,NaN,NaN,NaN,NaN,NaN,NaN,NaN,NaN,NaN,NaN,NaN,NaN,NaN,NaN,NaN,NaN,NaN,NaN,NaN,NaN,NaN,NaN,NaN,NaN,NaN,NaN,NaN,NaN,NaN,NaN,NaN,NaN,NaN,NaN,NaN,NaN,NaN,NaN,NaN,NaN,NaN,NaN,NaN,NaN,NaN,NaN,NaN,NaN,NaN,NaN,NaN,NaN,NaN,NaN,NaN,NaN,NaN,NaN,NaN,NaN,NaN,NaN,NaN,NaN,NaN,NaN,NaN,NaN,NaN,NaN,NaN,NaN,NaN,NaN,NaN,NaN,NaN,NaN,NaN,NaN,NaN,NaN,NaN,NaN,NaN,NaN,NaN,NaN,NaN,NaN,NaN,NaN,NaN,NaN,NaN,NaN,NaN,NaN,NaN,NaN,NaN,NaN,NaN,NaN,NaN,NaN,NaN,NaN,NaN,NaN,NaN,NaN,NaN,NaN,NaN,NaN,NaN,NaN,NaN,NaN,NaN,NaN,NaN,NaN,NaN,NaN,NaN,NaN,NaN,NaN,NaN,NaN,NaN,NaN,NaN,NaN,NaN,NaN,NaN,NaN,NaN,NaN,NaN,NaN,NaN,NaN,NaN,NaN,NaN,NaN,NaN,NaN,NaN,NaN,NaN,NaN,NaN,NaN,NaN,NaN,NaN,NaN,NaN,NaN,NaN,NaN,NaN,NaN,NaN,NaN,NaN,NaN,NaN,NaN,NaN
frontend-web,668.0551070701227,671.648296939085,698.0901376035964,668.5183961286008,733.2257449897329,804.8466905273176,718.9998833738516,692.6450434802233,749.9998415638366,725.660819256923,1710.460116989826,728.7193579926643,671.7032730765086,692.4380641518327,694.3191449626187,709.8523266713939,677.6684769572756,914.1368158358135,725.8984535875031,776.7933855476983,679.7815336089184,716.7346258469438,698.8485161284701,681.4350902001801,809.3664240635962,860.0810476285867,686.4948165122056,531.4747729818571,696.392901993461,709.0236119768509,713.6100865057499,776.662763965339,607.3604431003663,760.7281360538051,737.8755858242758,692.9850386851314,690.2705550101787,674.0046353376163,687.3921626075635,697.5420401561789,567.7677944078976,707.5740899013367,697.9827261947491,782.0801414875469,657.6905418796341,593.8395319770303,547.9710199210624,495.71266885693115,575.0853917391446,584.2349191892494,533.0973818627361,529.5907612374588,540.4687484803087,533.5277780149974,515.9591377377293,584.6513681732768,574.4452600322115,528.2617609458748,522.3771543402382,548.908250725544,521.2986166345049,509.043293404659,507.8830158072322,523.7569709941106,550.9558743465134,557.6083746434831,550.8684494335118,590.7789259711116,578.5100728631704,580.1688896901014,539.4169993608637,520.0934138469927,528.3124495798686,533.9697417460079,511.1088901242648,504.1701376725904,520.0857797749767,544.9668638866558,516.5602631980138,535.2875754724122,505.3582600266386,523.0436089657493,534.6629635119249,601.0383201169278,588.7450562362083,568.6529720349754,502.5963202124499,535.1917257836166,511.83541051458883,514.9121209755068,558.3987106113395,555.6710102475464,503.2740669746381,524.7475001970399,569.7243038381231,584.2870223435356,567.9526850300315,583.3676298367083,597.4441099735362,576.5436301693425,513.4735295351151,551.8124548083355,521.4649889753106,521.2771083924683,544.5002797096835,549.596139846025,577.8217589447895,517.7567035303528,526.1822069555983,594.7779313074457,562.7597545595157,518.5807278221508,525.1609295094362,523.4435907358375,523.996663327039,528.2512659612701,532.9255991235074,536.7447252223777,583.2064843101523,581.7527165534066,569.305149584657,514.0462221727491,561.9083943068371,604.8073591168252,562.4348147427158,535.6571937435643,540.4402629368519,571.5076183774878,579.3584128571894,531.2623985298445,531.5149586659732,536.329111994629,550.1834821234402,558.6435651271231,579.6445003535074,533.7353795406457,513.4919734421225,556.4979353168122,576.1902760278106,518.194349681117,549.4830027584941,548.4576630239103,591.8630680856793,571.1201938256564,519.8193115283709,580.9887813859572,594.755207050146,526.0330796665927,554.0497692554582,577.2393283061405,584.3310573852037,582.1981202466635,557.8306688944242,520.9093670898266,523.3892740104409,517.7630082123629,603.982843022374,516.8533915378711,525.9432886663684,536.4926787422917,537.9715649610091,527.3463952554285,514.2088222263241,566.325442835414,572.2971622188354,608.6028320726548,586.3421655935502,515.3774168854355,518.810638024921,548.7322872143621,536.8480689133859,611.1303079566458,602.5509410477258,564.7093797197564,609.5757888328151,587.8514764065914,552.410794935152,573.7333329522114,527.5881531329438,539.9956882462654,541.9879501107258,526.3732163183521,554.9526003047793,552.8594913926169,599.6708654875761,619.9614604867865,547.2774612878636,555.8447945258109,567.9418268237246,530.0182037775747,522.448017560577,551.1366267160878,577.2370520407289,533.9710145995656,512.3588481816225,503.8267632708561,600.5948500619318,597.7331047288618,600.3458005279379,561.5084782044017,552.3157982957931,543.8503881978721,522.5242628747507,579.6559496887056,553.3861471095693,537.4581620459893,530.2942722081881,597.5242546594984,531.728826063325,534.3669784722883,567.0334935823985,551.7129513839623,570.5973085940203,531.4999269809372,547.751661501352,586.0943617334186,521.3731376474074,572.4846531047618,521.867077652872,566.2904785870085,510.4467543586021,582.9158548882318,605.0844102787524,567.732512200743,589.1003578847601,521.6385970520337,613.6468749168632,626.6709601422251,525.4355988277945,526.1497157894033,531.3745698652199,544.5358601349424,599.3847295007131,533.2555670139191,545.5233777771164,553.9705449559941,561.6404102309756,600.2540405685868,616.5339238998743,540.4870717749114,593.2434814958239,586.9679358306049,527.5154725340145,546.762441354025,520.3462719489243,521.3226574361316,508.72883560196755,529.2777741867027,600.0892612200331,538.3639156570747,532.363094664826,539.2368090652393,528.3131525903773,620.4134206885227,606.6230920934106,529.7836712179924,541.7092877105507,542.4402174090716,531.9423125642182,609.5087864160998,538.6946291653643,518.875400244685,574.1384680890924,574.726565037018,534.1786619677863,579.7529716895286,526.4314133689572,542.52329175301,594.8879251981208,615.0772263520881,582.2710717409203,547.6619803150554,592.5131837058566,564.0429362853929,554.7655064127224,578.6096491477575,597.8499801361987,565.6656927650962,609.4388208523826,594.5932956651246,646.7709260560586,610.4944493991893,617.7808320951141,534.6939474298815,555.1679163035989,621.072219572922,572.8923644204423,596.2819690369759,597.9785801995225,534.4270592767593,581.9370476616048,624.9333526635622,590.0549528896299,585.2467878326713,598.309971340151,583.9396543045909,518.5176944868294,529.8271647594041,633.2492689875968,523.73886191207,523.3562483977149,562.3422774943442,573.8707303095476,584.8343215711835
frontendproxy,NaN,NaN,NaN,NaN,NaN,NaN,NaN,NaN,NaN,NaN,NaN,NaN,NaN,NaN,NaN,NaN,NaN,NaN,NaN,NaN,NaN,NaN,NaN,NaN,NaN,NaN,NaN,NaN,NaN,NaN,NaN,NaN,NaN,NaN,NaN,NaN,NaN,NaN,NaN,NaN,NaN,NaN,NaN,NaN,NaN,NaN,NaN,NaN,NaN,NaN,NaN,NaN,NaN,NaN,NaN,NaN,NaN,NaN,NaN,NaN,NaN,NaN,NaN,NaN,NaN,NaN,NaN,NaN,NaN,NaN,NaN,NaN,NaN,NaN,NaN,NaN,NaN,NaN,NaN,NaN,NaN,NaN,NaN,NaN,NaN,NaN,NaN,NaN,NaN,NaN,NaN,NaN,NaN,NaN,NaN,NaN,NaN,NaN,NaN,NaN,NaN,NaN,NaN,NaN,NaN,NaN,NaN,NaN,NaN,NaN,NaN,NaN,NaN,NaN,NaN,NaN,NaN,NaN,NaN,NaN,NaN,NaN,NaN,NaN,NaN,NaN,NaN,NaN,NaN,NaN,NaN,NaN,NaN,NaN,NaN,NaN,NaN,NaN,NaN,NaN,NaN,NaN,NaN,NaN,NaN,NaN,NaN,NaN,NaN,NaN,NaN,NaN,NaN,NaN,NaN,NaN,NaN,NaN,NaN,NaN,NaN,NaN,NaN,NaN,NaN,NaN,NaN,NaN,NaN,NaN,NaN,NaN,NaN,NaN,NaN,NaN,NaN,NaN,NaN,NaN,NaN,NaN,NaN,NaN,NaN,NaN,NaN,NaN,NaN,NaN,NaN,NaN,NaN,NaN,NaN,NaN,NaN,NaN,NaN,NaN,NaN,NaN,NaN,NaN,NaN,NaN,NaN,NaN,NaN,NaN,NaN,NaN,1159.7725662356443,NaN,NaN,NaN,NaN,NaN,NaN,NaN,NaN,NaN,NaN,NaN,NaN,NaN,NaN,NaN,NaN,NaN,NaN,NaN,NaN,NaN,NaN,NaN,NaN,NaN,NaN,NaN,NaN,NaN,NaN,NaN,NaN,NaN,NaN,NaN,NaN,NaN,NaN,NaN,NaN,NaN,NaN,NaN,NaN,NaN,NaN,NaN,NaN,NaN,NaN,NaN,NaN,NaN,NaN,NaN,NaN,NaN,NaN,NaN,NaN,NaN,NaN,NaN,NaN,NaN,NaN,NaN,NaN,NaN,NaN,NaN,NaN,NaN,NaN,NaN,NaN,NaN,NaN,NaN,NaN,NaN,NaN,NaN,NaN,NaN,NaN,NaN,NaN,NaN,NaN,NaN
imageprovider,0,0,0,0,0,0,0,0,0,0,0,0,0,0,0,0,0,0,0,0,0,0,0,0,0,0,0,0,0,0,0,0,0,0,0,0,0,0,0,0,0,0,0,0,0,0,0,0,0,0,0,0,0,0,0,0,0,0,0,0,0,0,0,0,0,0,0,0,0,0,0,0,0,0,0,0,0,0,0,0,0,0,0,0,0,0,0,0,0,0,0,0,0,0,0,0,0,0,0,0,0,0,0,0,0,0,0,0,0,0,0,0,0,0,0,0,0,0,0,0,0,0,0,0,0,0,0,0,0,0,0,0,0,0,0,0,0,0,0,0,0,0,0,0,0,0,0,0,0,0,0,0,0,0,0,0,0,0,0,0,0,0,0,0,0,0,0,0,0,0,0,0,0,0,0,0,0,0,0,0,0,0,0,0,0,0,0,0,0,0,0,0,0,0,0,0,0,0,0,0,0,0,0,0,0,0,0,0,0,0,0,0,0,0,0,0,0,0,0,0,0,0,0,0,0,0,0,0,0,0,0,0,0,0,0,0,0,0,0,0,0,0,0,0,0,0,0,0,0,0,0,0,0,0,0,0,0,0,0,0,0,0,0,0,0,0,0,0,0,0,0,0,0,0,0,0,0,0,0,0,0,0,0,0,0,0,0,0,0,0,0,0,0,0,0,0,0,0,0,0,0,0,0,0
loadgenerator,NaN,NaN,NaN,NaN,NaN,NaN,NaN,NaN,NaN,NaN,NaN,NaN,NaN,NaN,NaN,NaN,NaN,NaN,NaN,NaN,NaN,NaN,NaN,NaN,NaN,NaN,NaN,NaN,NaN,NaN,NaN,NaN,NaN,NaN,NaN,NaN,NaN,NaN,NaN,NaN,NaN,NaN,NaN,NaN,NaN,NaN,NaN,NaN,NaN,NaN,NaN,NaN,NaN,NaN,NaN,NaN,NaN,NaN,NaN,NaN,NaN,NaN,NaN,NaN,NaN,NaN,NaN,NaN,NaN,NaN,NaN,NaN,NaN,NaN,NaN,NaN,NaN,NaN,NaN,NaN,NaN,NaN,NaN,NaN,NaN,NaN,NaN,NaN,NaN,NaN,NaN,NaN,NaN,NaN,NaN,NaN,NaN,NaN,NaN,NaN,NaN,NaN,NaN,NaN,NaN,NaN,NaN,NaN,NaN,NaN,NaN,NaN,NaN,NaN,NaN,NaN,NaN,NaN,NaN,NaN,NaN,NaN,NaN,NaN,NaN,NaN,NaN,NaN,NaN,NaN,NaN,NaN,NaN,NaN,NaN,NaN,NaN,NaN,NaN,NaN,NaN,NaN,NaN,NaN,NaN,NaN,NaN,NaN,NaN,NaN,NaN,NaN,NaN,NaN,NaN,NaN,NaN,NaN,NaN,NaN,NaN,NaN,NaN,NaN,NaN,NaN,NaN,NaN,NaN,NaN,NaN,NaN,NaN,NaN,NaN,NaN,NaN,NaN,NaN,NaN,NaN,NaN,NaN,NaN,NaN,NaN,NaN,NaN,NaN,NaN,NaN,NaN,NaN,NaN,NaN,NaN,NaN,NaN,NaN,NaN,NaN,NaN,NaN,NaN,NaN,NaN,NaN,NaN,NaN,NaN,NaN,NaN,NaN,NaN,NaN,NaN,NaN,NaN,NaN,NaN,NaN,NaN,NaN,NaN,NaN,NaN,NaN,NaN,NaN,NaN,NaN,NaN,NaN,NaN,NaN,NaN,NaN,NaN,NaN,NaN,NaN,NaN,NaN,NaN,NaN,NaN,NaN,NaN,NaN,NaN,NaN,NaN,NaN,NaN,NaN,NaN,NaN,NaN,NaN,NaN,NaN,NaN,NaN,NaN,NaN,NaN,NaN,NaN,NaN,NaN,NaN,NaN,NaN,NaN,NaN,NaN,NaN,NaN,NaN,NaN,NaN,NaN,NaN,NaN,NaN,NaN,NaN,NaN,NaN,NaN,NaN,NaN,NaN,NaN,NaN,NaN,NaN,NaN,NaN,NaN,NaN,NaN,NaN,NaN
paymentservice,NaN,NaN,NaN,NaN,NaN,NaN,NaN,NaN,NaN,NaN,NaN,NaN,NaN,NaN,NaN,NaN,NaN,NaN,NaN,NaN,NaN,NaN,NaN,NaN,NaN,NaN,NaN,NaN,NaN,NaN,NaN,NaN,NaN,NaN,NaN,NaN,NaN,NaN,NaN,NaN,NaN,NaN,NaN,NaN,NaN,NaN,NaN,NaN,NaN,NaN,NaN,NaN,NaN,NaN,NaN,NaN,NaN,NaN,NaN,NaN,NaN,NaN,NaN,NaN,NaN,NaN,NaN,NaN,NaN,NaN,NaN,NaN,NaN,NaN,NaN,NaN,NaN,NaN,NaN,NaN,NaN,NaN,NaN,NaN,NaN,NaN,NaN,NaN,NaN,NaN,NaN,NaN,NaN,NaN,NaN,NaN,NaN,NaN,NaN,NaN,NaN,NaN,NaN,NaN,NaN,NaN,NaN,NaN,NaN,NaN,NaN,NaN,NaN,NaN,NaN,NaN,NaN,NaN,NaN,NaN,NaN,NaN,NaN,NaN,NaN,NaN,NaN,NaN,NaN,NaN,NaN,NaN,NaN,NaN,NaN,NaN,NaN,NaN,NaN,NaN,NaN,NaN,NaN,NaN,NaN,NaN,NaN,NaN,NaN,NaN,NaN,NaN,NaN,NaN,NaN,NaN,NaN,NaN,NaN,NaN,NaN,NaN,NaN,NaN,NaN,NaN,NaN,NaN,NaN,NaN,NaN,NaN,NaN,NaN,NaN,NaN,NaN,NaN,NaN,NaN,NaN,NaN,NaN,NaN,NaN,NaN,NaN,NaN,NaN,NaN,NaN,NaN,NaN,NaN,NaN,NaN,NaN,NaN,NaN,NaN,NaN,NaN,NaN,NaN,NaN,NaN,NaN,NaN,NaN,NaN,NaN,NaN,NaN,NaN,NaN,NaN,NaN,NaN,NaN,NaN,NaN,NaN,NaN,NaN,NaN,NaN,NaN,NaN,NaN,NaN,NaN,NaN,NaN,NaN,NaN,NaN,NaN,NaN,NaN,NaN,NaN,NaN,NaN,NaN,NaN,NaN,NaN,NaN,NaN,NaN,NaN,NaN,NaN,NaN,NaN,NaN,NaN,NaN,NaN,NaN,NaN,NaN,NaN,NaN,NaN,NaN,NaN,NaN,NaN,NaN,NaN,NaN,NaN,NaN,NaN,NaN,NaN,NaN,NaN,NaN,NaN,NaN,NaN,NaN,NaN,NaN,NaN,NaN,NaN,NaN,NaN,NaN,NaN,NaN,NaN,NaN,NaN,NaN,NaN,NaN,NaN,NaN,NaN,NaN
productcatalogservice,0.35889790472364325,0.36082988129631277,0.3761824139838885,0.36762485983637794,0.3684500442847185,0.3831474324159532,0.3556620047648027,0.367095771598452,0.39529542229308384,0.3658360199144648,0.5654539147448499,0.36613365943878196,0.3621525462594239,0.3633631498999681,0.3821261494161064,0.3897240780205386,0.37816822188561505,0.35618999502292503,0.35692027973380924,0.3675797256627166,0.3799787366721892,0.37811790637356935,0.3855878932708072,0.34437687831817243,0.35398418020131395,0.3635429748287493,0.37132397647402704,0.3552027893341356,0.3656667461918547,0.35757235588851943,0.3681018501164522,0.3609841671487226,0.36620282229009105,0.3633725426268677,0.3582645454575765,0.36215391576125466,0.37093766297046393,0.3709345285083817,0.3679484258683036,0.35867411315218434,0.36079661681771746,0.38246424836571247,0.3529366878485186,0.3762111015276076,0.3572809403314472,0.3790871442913649,0.3785687698800341,0.34179368507438146,0.3529649161601852,0.3487800055219299,0.3545795413298799,0.3816483254082147,0.3611203495897981,0.36972827494971416,0.3741212803097176,0.3728103524071645,0.3633567996598374,0.3492693955473933,0.357126049784856,0.36416561474598574,0.35532241757902416,0.3671998695299288,0.35979648060441594,0.3542572520888647,0.3584117489200921,0.36113756594184077,0.3579670662413137,0.36225558707813216,0.3611862981244173,0.3692578305589397,0.390371426073938,0.34504114827477145,0.3530520334936321,0.3671851686421902,0.37429254729103406,0.3532908099500005,0.33795213616620523,0.3710250095723805,0.3433206861679796,0.3580294724165076,0.3341460697444967,0.37336571555242903,0.34713479669700176,0.3543354473665949,0.37997314622414713,0.3436453451499447,0.34784013443938105,0.3679737478176434,0.3490251932403716,0.34635878450618196,0.3552626671807103,0.3535487661739479,0.36158234808847856,0.3555067499169011,0.3560159783002732,0.36177894742062533,0.351658600722039,0.35962263784934667,0.37699393117620167,0.3653087154356711,0.34024082835211455,0.3640939721232478,0.36110895459511766,0.37744464394513555,0.3600664578475591,0.36943976132201717,0.35137965321559683,0.35083249373641456,0.3589418629138153,0.36132870772933323,0.3921360504122128,0.36813492505025447,0.3721165058483259,0.3710568901724851,0.36051569803173267,0.3621532837433885,0.3688721910209728,0.3797356258700447,0.36366578676678707,0.3343424315716208,0.387832513968451,0.3607492831525545,0.35859447419613455,0.36246860006292714,0.3563627579335725,0.3556749344557769,0.34389070466881033,0.3703794061559398,0.37102774073602873,0.33126810722818256,0.35937564015525436,0.3547228783389673,0.3684554499516979,0.35219016493567,0.3422450731317168,0.356865679648496,0.35888962599849145,0.34705268187512794,0.3421069272965802,0.35753977356832445,0.35365025501608355,0.3798274880526583,0.3754797733720052,0.3526313347854173,0.3709419834597498,0.3514102094937786,0.38637030468212213,0.36926445431658805,0.3827209037802233,0.3434549032167401,0.36657699930890997,0.3754321438715197,0.36427011298187134,0.34399932490570206,0.3537908971447189,0.356803971433884,0.36939924449284545,0.3632804313898311,0.3485105304956745,0.3694801503381955,0.3791206541747544,0.3538687263567839,0.36408578790806856,0.35523249072940805,0.35604654078878173,0.364885754370199,0.356175359059941,0.3513726532524084,0.3646631112686841,0.3497272942877049,0.3545625970958125,0.35095648803566093,0.35974233360674107,0.34068955741681595,0.37189150274559263,0.3677513218439171,0.37277633515691433,0.3490542272402174,0.33450603328247686,0.3423795877985304,0.36535017634801903,0.35853836591469157,0.351120059864666,0.35168916141351636,0.3535237661544831,0.36474161028424035,0.3780099740725893,0.34683098319042127,0.3606003544887823,0.3658475734231618,0.34781942005133587,0.3676114693945897,0.3531041385447045,0.3844975885217593,0.34065414322042775,0.34802472377866334,0.3562854994171717,0.359941836580821,0.35685472309793076,0.3727447623466177,0.3504899638091039,0.3654181907312838,0.3678073796402097,0.3575630791086376,0.3500166664459037,0.3730448111642686,0.3514784579494521,0.3542151024766508,0.34917676709486506,0.36048925073904475,0.36822443111045466,0.3699191620509398,0.35612961362732964,0.36032915001954824,0.363077686579485,0.3628739523983372,0.36331594710047,0.3679000425566319,0.35259542363948343,0.36284981222522317,0.3572066188670243,0.3781892856676221,0.36527514055409516,0.3791667419054967,0.3632478145388476,0.3423151953316886,0.38056935797572855,0.3647965426307004,0.379128633041963,0.37158846108486443,0.372191514965353,0.39136906522945103,0.3628782079149728,0.3669219340350426,0.3488445854825585,0.36665449014940343,0.3638218041275576,0.3728624985892486,0.359871207490569,0.3670822650069321,0.3783659066493391,0.36539112404366453,0.3737170942310537,0.3780204950284707,0.35330630077622016,0.35697327135435586,0.36270493560095396,0.37963217850083064,0.37551823550579244,0.36057679409277144,0.364526092231563,0.34792413434917807,0.37354654053290404,0.3675602650038609,0.34907791685907075,0.37770394703287935,0.3664641422689261,0.37435761843722193,0.35410746965910755,0.3717165586507597,0.35355699703007915,0.3552365210894759,0.37297875407392045,0.3767579531630988,0.3491192450620193,0.3576414200289095,0.3600037075859455,0.37879870611716043,0.372686508349807,0.38192478246153744,0.3614304441031619,0.3601057920085166,0.3716560393617801,0.35844935348656703,0.3850352815235183,0.3763114446805424,0.3829281526659711,0.36783557012671964,0.3753565998236105,0.3929450623306049,0.3728625880515101,0.34650649652966253,0.37602095311360206,0.3712381899043335,0.3734050161567075,0.36051356263139755,0.38465202297980416,0.39936780477633016,0.3880274879807899,0.36607898058239113,0.37123642688059577,0.36365301999327915,0.3664431246479737,0.35359875825226716,0.3949623848406083,0.37663284881203224,0.35646088342612503,0.3715215462571966,0.36864020942416753,0.3696260864142764,0.3621106012348072,0.365936489795861,0.3743715660454694,0.3637551914613612
quoteservice,1.1207401666666652,0.7623686153846193,0.6954428181818189,0.7452780909090926,0.6875766666666667,0.7398820000000013,0.6938498333333354,0.6684661428571457,0.7016948888888901,0.73287385714286,1.0211459999999997,0.6951017647058814,0.7018918666666656,0.7141614090909121,0.6678519999999875,0.676795599999992,0.9276363750000067,0.688776636363634,0.6966419047619035,0.718512461538466,0.6628344999999953,0.7005507142857168,0.7698637857142825,0.7069721000000044,0.7359140999999995,0.7256462352941242,0.7303798749999961,0.6838093749999885,0.6981986470588244,0.7083728181818152,0.6974303333333285,0.6589084545454572,0.7160406428571393,0.8451516874999929,0.6885711666666658,0.714117400000003,0.7533847777777775,0.7442312727272647,0.7277223571428476,0.7393304374999969,1.0325896666666543,0.7481013529411731,0.7433977333333345,0.7710425625000061,0.7006905000000029,0.6804594999999878,0.8154501666666665,0.6965523333333279,0.7331939999999981,0.9080016666666652,0.9866664736842004,0.7675134117647097,0.6881796249999974,0.6914373000000026,0.7647459999999853,0.683609437500015,0.7261381428571596,0.7083440000000102,0.6890092222222164,0.7024535999999894,0.702266875000003,0.7532832777777819,0.6911619999999938,0.6788389285714271,0.7683390000000081,0.710122739130443,0.7284496249999934,0.7134759166666514,0.7133520000000132,1.134242307692304,0.6768211818181711,0.682487125000014,0.6783010833333343,0.6980748095238035,0.6998715454545497,0.709321399999979,0.6618763750000021,0.6925646666666816,0.6843371538461647,1.1317157333333294,0.7463006666666583,0.7166661000000062,0.6910096923076998,0.7223140624999926,0.6876450000000074,0.6626311818181732,0.7124871428571637,0.7074612500000041,0.715900384615394,0.6990932142857074,1.1503179166666821,0.7108263636363625,0.7457115714285985,0.695333727272737,0.6828951249999804,0.6914885384615297,0.7281289230769188,0.7133465294117665,0.770201153846136,0.7281701249999628,1.1812148235294093,0.7128057777777662,0.7063782999999972,0.7062147647058714,0.7170004117647186,0.6964292500000072,0.6806328888888863,0.7128267777777819,0.6956649166666805,0.7362414705882183,1.1290027499999766,0.7031052857142766,0.6966330000000056,0.6847285833333601,0.6843300769230696,0.7239375454545621,0.6780943333333325,0.7515395000000084,0.7137621363636316,0.6837531818182094,0.8407601249999601,1.4067958750000003,0.6981100833333519,0.6671443333333471,0.6764814999999551,0.6928163571428182,0.6984234166666745,0.7332426000000254,1.2800426190476162,0.7067827999999907,0.7524770714285448,1.051052699999994,0.6562611249999559,0.6876667000000296,0.6815938571428677,0.8069080000000137,0.7562593000000121,0.7220431538461332,0.7380087777777631,0.6918697500000093,0.7056956666666434,0.7095987777778,0.6863580714285453,0.7276251111110912,0.7073277500000135,0.7169384000000222,0.7600931999999991,0.6793936000000078,0.6927758235294071,0.6866085454545224,0.7223192500000124,0.6829002000000131,0.6889020833333225,1.2621007272727343,0.7678008000000233,0.6685226999999841,0.74631675000008,0.6905807142857238,0.7099244374999767,0.6925366153846332,0.7424885833333146,0.6947539411764581,0.6814479166666512,1.0222248333333366,0.6893788571428071,0.7160967500000197,0.7024295454545676,0.683643125000021,0.7511527999999543,0.8801130000000406,0.7651964999999917,0.7673157857142903,0.674782499999978,0.7020048999999773,0.6996899999999998,0.7110878461538819,0.676971555555582,0.6776359999999751,0.7158798095238113,0.6634148333333579,0.7477957222222373,0.7632519999999738,0.701803899999993,0.8178917499999798,1.35879249999997,0.6919856666666502,0.701588545454549,0.7509969166666604,0.6906880000000032,0.6830012352941023,0.7519905454545659,0.6871998000000038,0.6741204166666463,0.701438444444455,1.3318462999999923,0.7220446923076644,0.731495666666665,0.7462475263158082,0.7369903333333746,0.7046631249999713,0.7250438571428808,0.6698134285714161,0.7433879090909142,0.8632522857143019,0.803664384615377,0.6843066999999963,0.7225719166666735,0.709090615384604,0.7040138947368506,0.7162857999999933,0.7105382727272834,0.7445334666666592,0.7535807058823724,0.8504337692307484,0.7631392142857172,0.6907285000000076,0.7589542857142635,0.6779729999999865,0.7066326666666479,0.7370952941176937,0.7299904999999797,0.6867414000000281,0.836128499999937,0.6848015384615826,1.28556523529411,0.6935667692308064,0.7171294999999966,0.6817697999999808,0.7209536666666186,0.7151910769230767,0.7216694999999641,0.6847642500000054,0.706031222222145,0.7275777692307617,1.1850753846153452,0.6995953846153913,0.8971528333333414,0.7789847272727105,0.7038793333333394,0.7236952307692311,0.8390172666666804,0.6993695714285276,0.7188602222222124,0.7031267142857079,0.7484152000000563,0.9841651000000013,0.7078536153846292,0.8486235333333297,0.6742858461538088,0.710868187499992,0.7434071111110951,0.7088416363636388,0.6982102499999581,0.6769307499999755,0.7407390000000476,0.7377301000000244,0.6688888461538647,0.723371909090942,0.6974477058823505,0.6655282142857288,0.6808510952381174,0.9301865714286026,0.7759656923076539,0.7218685882353301,0.6858296666666396,0.6791159999999447,0.7166612499999534,0.6932826153846267,0.7158306666666359,0.6847309090909008,0.7414283333333127,0.7114609090909131,0.6580038888888914,0.7680231249999689,1.22660271428571,0.7270950000000284,1.0976878571427247,0.6975368749999973,0.6829180476190876,0.7492063333332624,0.7696520000000575,0.7521451176470632,0.7281944999999652,0.7136231176470643,0.6758684444445053,0.7124946666666827,0.7301397333334307,0.708968750000075,0.7292819375000086,0.6928054444444329,0.6946218333333292,0.7392997333333255,0.714608600000048,0.7248317142857233,0.7179395625000051,0.7457121999999743,0.7565925000000107,1.061968277777802,0.8244480769230511,0.7145085000000052,0.700884181818155,0.7067318666666457,0.6772605333333482,0.7009096875000207
recommendationservice,NaN,NaN,NaN,NaN,NaN,NaN,NaN,NaN,NaN,NaN,NaN,NaN,17.756462952930406,NaN,NaN,NaN,NaN,NaN,NaN,NaN,17.298801669328356,NaN,NaN,NaN,NaN,NaN,NaN,NaN,NaN,NaN,NaN,NaN,NaN,NaN,NaN,NaN,NaN,NaN,NaN,NaN,NaN,NaN,NaN,NaN,NaN,NaN,NaN,NaN,NaN,NaN,NaN,NaN,NaN,NaN,NaN,NaN,NaN,NaN,NaN,NaN,NaN,NaN,NaN,NaN,NaN,NaN,NaN,NaN,NaN,NaN,NaN,NaN,NaN,NaN,NaN,NaN,NaN,NaN,NaN,NaN,NaN,NaN,NaN,NaN,NaN,NaN,NaN,NaN,NaN,NaN,NaN,NaN,NaN,NaN,NaN,NaN,NaN,NaN,NaN,NaN,NaN,NaN,NaN,NaN,NaN,NaN,NaN,NaN,NaN,NaN,NaN,NaN,NaN,NaN,NaN,NaN,NaN,NaN,NaN,NaN,NaN,NaN,NaN,NaN,NaN,NaN,NaN,NaN,NaN,NaN,NaN,NaN,NaN,NaN,NaN,NaN,NaN,NaN,NaN,NaN,NaN,NaN,NaN,NaN,NaN,NaN,NaN,NaN,NaN,NaN,NaN,NaN,NaN,NaN,NaN,NaN,NaN,NaN,NaN,NaN,NaN,NaN,NaN,NaN,NaN,NaN,NaN,NaN,NaN,NaN,NaN,NaN,NaN,NaN,NaN,NaN,NaN,NaN,NaN,NaN,NaN,NaN,NaN,NaN,NaN,NaN,NaN,NaN,NaN,NaN,NaN,NaN,NaN,NaN,NaN,NaN,NaN,NaN,NaN,NaN,NaN,NaN,NaN,NaN,NaN,NaN,NaN,NaN,NaN,NaN,NaN,NaN,NaN,NaN,NaN,NaN,NaN,NaN,NaN,NaN,NaN,NaN,NaN,NaN,NaN,NaN,NaN,NaN,NaN,NaN,NaN,NaN,NaN,NaN,NaN,NaN,NaN,NaN,NaN,NaN,NaN,NaN,NaN,NaN,NaN,NaN,NaN,NaN,NaN,NaN,NaN,NaN,NaN,NaN,NaN,NaN,NaN,NaN,NaN,NaN,NaN,NaN,NaN,NaN,NaN,NaN,NaN,NaN,NaN,NaN,NaN,NaN,NaN,NaN,NaN,NaN,NaN,NaN,NaN,NaN,NaN,NaN,NaN,NaN,NaN,NaN,NaN,NaN,NaN,NaN,NaN,NaN,NaN,NaN,NaN,NaN,NaN,NaN,NaN,NaN,NaN,NaN,NaN,NaN
shippingservice,6.546621333333321,5.005129846153841,4.972359363636368,5.004184454545461,5.224294444444429,5.342350142857124,6.991171687500011,5.993263571428603,4.846672571428568,6.074497333333316,13.347485894736844,5.297163823529448,6.254527066666667,6.095046227272739,5.247621500000058,4.6954183999999755,5.658662000000045,7.034008000000003,5.369195000000007,5.937740615384628,5.271915000000005,5.061980142857291,5.2008347333334,5.231198199999956,4.974666800000061,5.14162593750003,5.900183374999976,4.796636777777641,6.0620188823529135,6.554536999999914,6.33754599999992,5.72732229999996,5.152103857142883,6.285256250000042,5.697792599999951,5.202271866666626,6.501947166666615,5.670564916666636,5.451648857142851,6.7181605625000955,5.1854980555555885,5.542231888888845,5.13026880000006,5.520017000000022,5.787879600000074,4.937183200000081,5.428005538461577,4.829345444444464,5.963062199999904,6.06431206666672,5.2413753157893765,5.5473417499999975,6.082096749999948,5.082063285714183,5.951098166666523,5.02478749999997,5.040950142857217,4.911338000000023,5.769021055555507,4.944239428571436,4.881923374999962,6.478829555555511,5.295711400000066,5.74294957142851,5.647085153846065,5.011707760000117,4.8103936875,5.16779342857145,4.8280704999999315,5.380297733333467,5.156109750000056,5.1459044444443816,4.901643999999989,5.227833350000019,4.676276666666687,4.951193285714211,7.2722096250000146,4.8915103333332866,4.625455230769208,5.380040266666679,5.547075833333308,5.481467100000053,5.224383000000092,5.6488398235293555,5.326655285714057,4.786299461538478,7.648003923076847,5.888080588235413,5.121919833333417,5.106413199999962,4.751238749999978,5.115948227272738,4.912439600000331,6.2676378947367155,4.764830000000009,5.41403959999998,5.810123769230753,5.094597705882535,4.842939538461677,5.360260499999994,6.230935777777872,4.846605700000192,5.5333829999998505,5.665280941176475,5.082909058823665,5.034947615384661,5.2882630909089,4.967817882352906,5.461969699999937,5.306077176470661,5.733285899999971,5.208815384615459,5.008461000000034,4.775511333333479,5.475977416666681,6.18027236363623,4.900717400000079,4.949720300000173,5.211311043478292,5.016336000000085,5.282960124999981,5.854213111111117,4.993083999999989,5.8477825384614,4.797450062500156,4.799670428571389,7.480702333333316,5.564957866666742,5.720466150000174,4.953526333333273,5.913435764706045,6.791565800000178,6.623925444444461,6.260381499999951,5.30265649999999,5.913451312500101,5.23505590000012,5.391377538461517,6.675177777777675,4.760043499999668,5.674928083333325,5.619652277777742,6.592229142857205,5.365824055555744,5.060984285714158,6.056226299999992,5.255480499999978,5.642259307692125,5.112571999999951,5.798714363636376,5.114354250000105,6.212420999999895,5.67575025000005,7.316698999999914,5.036165866666611,4.64621133333314,5.206825600000224,5.225543285714532,5.255464812499973,4.811929749999808,6.49056074999973,5.785194000000117,6.095216642857293,5.151545176470582,5.68626725,5.449388230769351,4.6930109090906065,4.904430666666473,5.910821199999935,7.37932772727296,5.6518814999998,5.374944428571167,4.763651875000086,7.460054499999643,5.579654285714521,4.662953818181886,5.598415666666556,5.557420750000128,6.076737100000102,4.879955428571715,5.874384562499781,5.606657249999991,5.473003777777706,6.458075000000225,5.649791700000478,5.163548444443986,5.243512727272562,6.225910571428274,4.867519307692329,4.591334124999976,5.078424454545358,5.231468812499974,4.889251833333297,6.11052788888899,5.857125125000312,5.32603769230763,5.562962615384739,5.749679789474011,5.499572999999957,4.937946250000003,5.8641418461536565,8.001734285714381,6.725911000000031,6.509803666666513,5.594872333333173,5.1318309090909064,5.0193021818179435,4.947425230769094,5.747111949999839,5.340322399999755,5.3056164000003685,5.460166866666704,5.905678588235295,6.340835285714298,5.758673285714821,5.670160571428243,5.9267813571427785,5.017527750000241,5.419036400000226,6.21319555555559,5.281505333333216,5.07482220000017,6.336017000000186,5.067322833333632,6.1827950499996716,4.780976999999891,5.0905114000000875,5.500796199999803,4.82365006666659,4.940319000000012,5.472706833333534,5.992182166666696,4.786599000000347,5.396302083333659,6.158554636363732,5.0180800000000385,5.485315090909544,5.124078454545197,7.251948250000229,5.907939785714275,6.798879066666776,4.7590396249999465,4.890792124999866,6.3953460714286825,5.64076169999996,6.569760181817902,5.172810083333452,6.2553223749999205,5.1039744999999055,4.735162600000185,6.502037222222571,4.737007181818401,4.831312571428654,8.016273285714423,6.630829499999962,4.926348999999778,5.412221769230876,5.085449499999866,5.9040717894736146,5.9386506428568016,5.163402888888651,6.990337285714573,7.0817356923076895,6.636130944444427,6.755078249999844,4.799873499999643,5.990749285714356,5.331413357142401,4.9780414999999065,5.359692000000186,6.066092928571379,5.239535727272925,4.900284666666958,5.58198526666664,5.523146166666621,5.89805339999989,5.67338388888921,5.165656375000241,6.588389849999994,5.630037846153577,6.643369846154131,5.462047222222066,5.391572800000069,5.751172285714263,5.570220272727155,6.460932124999797,6.006460875000112,7.560390666666836,6.404661187499803,5.341652399999663,5.10036283333275,8.40639933333338,4.635839555555157,5.026609363636269,5.698963176470534,6.221830500000692,5.288421312499878,6.578615055555466,6.032062846153646,4.878387722222211,5.340236090908894,5.512202266667015,5.295021066667058,5.668189687500023
