accountingservice,12.614345454526218,9.797245454551144,6.493385714279221,8.656945454528216,21.758425000007264,18.352344444435506,16.65262142858202,20.79609999998606,11.553066666703671,21.070611111147123,22.223455555581797,14.12561111108193,12.22975833331778,17.551639999984765,13.261445454575798,31.322549999982584,13.334149999959793,27.869125000026543,12.820000000006985,15.81011428570907,19.43225833333175,15.07842500001425,10.18986428572264,8.167015384631949,25.75359999995607,16.371314285755425,11.176018750004005,17.824022222206825,14.318130000005477,8.79623571427406,11.585788235301152,17.724345454501666,9.124157142825425,14.420649999985471,9.210757142864168,24.65848888886265,10.96641999995336,16.438127272720024,14.663954545447433,25.272919999994336,11.395266666697959,13.507145454577932,18.252787500008708,21.5540909091307,NaN,19.68578888889816,11.78958749998128,13.800133333347427,NaN,13.479837500024587,13.874407142883033,9.687792307679327,18.889700000034644,23.371299999998882,14.187249999988126,22.66054999995977,10.120946153855094,13.653969230810894,12.161399999990438,25.517714285724132,21.542188888881356,20.378140000021084,13.272388888885164,7.019936363614926,10.20951666671317,9.085476923089187,11.004108333358696,18.496266666696304,12.367442857174735,11.407957142850917,7.175013333310684,15.85353636364876,18.955890909091316,21.13572307692196,8.633449999964796,13.01022727271034,22.000900000100955,17.299049999983982,11.155199999998633,4.539399999999799,24.245457142824307,56.28759999992326,10.657614285725035,17.284711111129987,17.79240999999456,15.607172727267342,25.94608333336267,5.756809999980033,12.270616666646674,15.919764285674319,9.6013272727247,22.848685714283157,14.35052142857707,23.19994545452805,10.922477777788622,17.071169999963605,12.120041666668842,10.777487499974086,6.634650000021792,15.37112727274441,9.61731428571511,10.056655555523726,20.124079999979585,18.518583333313774,11.609169999998995,12.910049999970942,10.8990200000039,14.98530000003732,14.140200000023471,9.287842857152489,20.295939999981783,15.77945999999065,8.171844444444611,11.684627272717826,8.214740000013263,11.640149999953186,14.284225000010338,16.13945000001695,7.229971428568076,11.763237500010291,7.963338461543362,20.824399999999017,20.599344444461167,12.219208333330851,7.50359999993816,7.517892857165341,6.291827272771942,NaN,NaN,19.85196666667859,NaN,NaN,85.71249999990687,16.20770000000484,66.95729999989271,NaN,NaN,24.920266666708308,9.7371777777767,19.403025000006892,10.129899999999907,20.407820000018305,9.480141666679023,9.092169999983161,17.095249999989758,10.82370000001457,7.2780909091022545,5.447862500004703,NaN,25.379166666670546,19.9520874999871,17.815460000000893,77.45099999988452,28.607257142862572,8.135275000046628,16.060890909093853,12.599215384644385,15.228206666652113,16.742530000000258,17.597907142863342,17.83463333329807,8.718859999999404,7.992328571421759,12.034538461540182,14.244846153843145,22.757328571419098,12.988891666658068,12.556862500001444,10.198225000000093,15.437645454573529,30.502230000006968,18.44747777779897,15.248191666672938,13.032275000005031,5.254836363633248,11.370745454555038,10.319216666665548,16.801372727294538,13.553678571396242,21.632541666699883,9.974599999989467,16.12109090908515,34.00360000001577,11.140766666658843,18.791527272731233,12.07528333334873,10.946450000046752,13.37370833333504,13.898330769232976,12.055827272738414,13.425490909107875,19.256653846169893,10.167681818171827,11.2193083333356,7.769324999981715,15.294891666679177,12.274808333294155,6.904469999973662,9.23144545454786,25.582500000044497,9.165643749991432,8.569272727261044,6.560955555566276,9.83126470586285,73.54799999995157,7.188326666674887,6.379727272718975,16.709545454539526,NaN,NaN,7.279049999982817,NaN,NaN,14.585133333328283,79.85599999991246,NaN,5.332899999991059,NaN,2.2826000000350177,18.40977692304967,10.051084615379715,20.75827777781524,11.933621428557672,7.589799999987008,28.034600000013597,8.796109999972396,25.21391818181358,15.356627272695981,7.285771428574143,7.293449999997392,22.024299999974158,6.784521428518929,15.910285714315249,7.653974999945301,12.462499999965075,21.21244000000879,15.448466666702492,17.330635714294786,7.007113333325832,12.113422222228515,6.132383333305673,6.311442857142538,15.994009090904994,19.394873333334303,10.125274999998512,12.807327272730285,13.49427272724411,14.85693333329012,18.674509090879425,7.316108333334948,52.393250000081025,6.5836399999912825,12.374381818173623,9.802261538463286,13.390066666652759,18.47166999997571,NaN,17.82859285712974,11.620321428569566,11.32189999999375,20.387790909079325,22.9045749999932,14.0312181818299,40.3931750000047,35.21455999999307,21.28712500000256,14.061707692292448,9.461470000026747,13.289523076910813,11.238200000004975,7.524266666629249,8.666656250003143,22.186389999999665,NaN,13.725011111107758,6.170800000002298,13.55429999998887,21.75372222221146,10.822145454585552,10.706769999978132,11.534792307674742,12.556016666620659,19.682618181835014,11.427044444445832,12.453930769241056,16.165471428572864,17.188670000014827,12.913836363639513,8.208150000005844,42.686699999962,19.42156666667304,17.012977777825046,13.707005882334402,41.008099999977276,6.236885714261526,13.119907692289695,14.94804999997723,22.42310000001453,17.823929999978283,15.10124999999867,15.355523529407733,NaN,9.024330000020564,19.804506666663414
adservice,NaN,NaN,NaN,NaN,NaN,NaN,NaN,NaN,NaN,NaN,NaN,NaN,NaN,NaN,NaN,NaN,NaN,NaN,NaN,NaN,NaN,NaN,NaN,NaN,NaN,NaN,NaN,NaN,NaN,NaN,NaN,NaN,NaN,NaN,NaN,NaN,NaN,NaN,NaN,NaN,NaN,NaN,NaN,NaN,NaN,NaN,NaN,NaN,NaN,NaN,NaN,NaN,NaN,NaN,NaN,NaN,NaN,NaN,NaN,NaN,NaN,NaN,NaN,NaN,NaN,NaN,NaN,NaN,NaN,NaN,NaN,NaN,NaN,NaN,NaN,NaN,NaN,NaN,NaN,NaN,NaN,NaN,NaN,NaN,NaN,NaN,NaN,NaN,NaN,NaN,NaN,NaN,NaN,NaN,NaN,NaN,NaN,NaN,NaN,NaN,NaN,NaN,NaN,NaN,NaN,NaN,NaN,NaN,NaN,NaN,NaN,NaN,NaN,NaN,NaN,NaN,NaN,NaN,NaN,NaN,NaN,NaN,NaN,NaN,NaN,NaN,NaN,NaN,NaN,NaN,NaN,NaN,NaN,NaN,NaN,NaN,NaN,NaN,NaN,NaN,NaN,NaN,NaN,NaN,NaN,NaN,NaN,NaN,NaN,NaN,NaN,NaN,NaN,NaN,NaN,NaN,NaN,NaN,NaN,NaN,NaN,NaN,NaN,NaN,NaN,NaN,NaN,NaN,NaN,NaN,NaN,NaN,NaN,NaN,NaN,NaN,NaN,NaN,NaN,NaN,NaN,NaN,NaN,NaN,NaN,NaN,NaN,NaN,NaN,NaN,NaN,NaN,NaN,NaN,NaN,NaN,NaN,NaN,NaN,NaN,NaN,NaN,NaN,NaN,NaN,NaN,NaN,NaN,NaN,NaN,NaN,NaN,NaN,NaN,NaN,NaN,NaN,NaN,NaN,NaN,NaN,NaN,NaN,NaN,NaN,NaN,NaN,NaN,NaN,NaN,NaN,NaN,NaN,NaN,NaN,NaN,NaN,NaN,NaN,NaN,NaN,NaN,NaN,NaN,NaN,NaN,NaN,NaN,NaN,NaN,NaN,NaN,NaN,NaN,NaN,NaN,NaN,NaN,NaN,NaN,NaN,NaN,NaN,NaN,NaN,NaN,NaN,NaN,NaN,NaN,NaN,NaN,NaN,NaN,NaN,NaN,NaN,NaN,NaN,NaN,NaN,NaN,NaN,NaN,NaN,NaN,NaN,NaN,NaN,NaN,NaN,NaN,NaN,NaN,NaN,NaN,NaN,NaN,NaN,NaN,NaN,NaN,NaN,NaN
cartservice,14.887836107251701,12.93890769648136,12.203360053385241,11.063129602164933,15.128109622440986,18.581782500286003,16.394160420857983,14.11699790108967,10.351286013938479,14.985577952384563,11.701956409197944,14.302990543383508,16.840292770868334,9.356124234326009,13.880142987306911,14.277951067459346,14.830445320535102,12.32570743125478,9.66908981546138,9.832105996107265,14.960870627621588,12.35381921014019,23.484218356047982,12.056565394654127,16.89567574002921,16.60375661101644,16.30809091439863,13.205626093152127,15.630934091763285,17.109097335690706,17.913560701508892,17.84904218024328,11.193502664951096,9.264081777282822,12.205939136479,9.227291492441605,10.073479410561108,14.557383046281185,43.53142055306213,16.85886562127404,19.899212291952093,12.658047914976663,14.253289262220054,11.076956578529742,NaN,62.58626097329822,9.106135041528022,13.535407532105713,NaN,10.963218714449212,14.325669661331718,17.182330884903617,13.279628947596242,10.76035410503661,11.444388602243977,12.043569877130855,10.820204102643213,13.500087465454579,14.45459946861787,19.10814993970003,9.196788689479693,7.740361075409125,9.386794201657683,14.882948934129079,14.911849242555824,17.679822692263517,11.795653508039301,19.637746850181667,11.239874517405758,13.345630852750018,23.47845900895902,12.50891150956377,13.527510604976582,15.632885182683959,11.958758403714633,12.797579388565469,8.726793651682529,10.508407408797236,17.955357722053428,12.68469787517877,15.257884739849148,8.374400443971394,15.641303104827658,10.579217836232287,11.326160688521183,15.661652998135581,13.998985213398088,11.250519741288501,12.084843304363707,16.86277771020066,13.846125983245358,16.428738897049215,14.022329762988084,16.12111559861722,10.969741415453328,11.789430716237597,10.082449138949949,16.168733949584624,10.314251785951289,16.518711343198287,19.636192707542026,15.097469010858582,9.687748965897926,11.222295588990157,14.066605420755314,11.759285813500759,18.010666474431,11.745332456662505,12.030377086762773,21.021240241261854,10.723272737771156,18.50861719506054,15.980872105738145,13.569909283182275,12.17707392342944,21.370670601910657,15.231933428585867,11.201639552574541,14.602162825205843,20.19785412917429,15.448528377864372,17.434073619773148,10.372342441759912,14.83056968265338,8.592334587041606,11.472297565081575,14.128633113976727,NaN,NaN,22.824675015510426,NaN,NaN,8.866102272034382,12.564428730166592,8.947597606090653,NaN,NaN,13.054604751709821,16.491719116470552,9.380177116627939,13.787190025075693,17.037330184788306,12.03642514147326,12.030535248044666,13.865540309036248,17.380638296724683,10.659870511965023,16.555900722966353,NaN,12.207587059588421,13.088739945554568,124.47523168343615,9.735593209555883,21.971069947814566,17.137796099026442,12.294186238794019,18.488186988829018,16.2461211077578,10.715958192954613,26.968404503964216,13.819411625780088,11.37639471565111,13.045348454519333,12.210805456225636,17.17115806279368,14.20526802832742,16.26332258770796,11.786380727387305,14.48612555619078,16.712896907876118,11.982478474052135,12.83570330200735,11.880473757490307,14.98633761517087,11.833751772730968,12.616301690501292,17.19316233890479,15.002918053223455,21.155086439014255,14.653199302128186,16.80409969969836,14.113760182458812,27.92882193097517,13.078417664079545,15.649443255162733,13.124032098581042,17.766387476175115,11.608381642183836,14.563546081393937,8.512592726305874,10.401551297164012,16.617077413577,12.241748141609225,13.981059912547225,17.268844523624693,12.450529691956092,16.673696959722218,17.171733354970193,13.927465849582667,31.277477642755816,14.267835892249941,13.016109565022834,10.926801462517883,11.861624462033811,9.055289769838376,14.112345836834066,10.7237136664568,19.0609818634972,NaN,NaN,17.94986739518084,NaN,NaN,15.540007051883142,10.00262420219037,NaN,13.835818576450595,NaN,9.552079667766796,15.67428943520708,11.939763692590448,14.346668612481325,13.44681076027513,11.552252791329359,14.492296730840563,21.47876380098242,12.260363917992096,12.376864727747622,11.622685655140073,15.627268062948858,12.54971681527417,15.160485935690913,12.925025766326383,12.649927669743139,9.86734911918057,10.612506944875859,18.697624441012866,17.083589575995703,13.02495920638552,10.989658360993523,15.226396272738471,20.86191180376226,15.156078224247707,13.572756174714875,20.105815366462732,14.105572592231741,16.963786521398735,11.093117098717839,12.473728415494096,10.9004779390354,9.521370863203835,21.706307136316628,13.974684505865595,13.438939623923904,11.565771263986823,14.692094755302948,NaN,18.05011192329487,13.571998033936842,16.33209785022302,11.619298671334471,9.42235346321204,11.01340301289789,11.66659281890834,10.695762688646688,9.128683708035393,17.061881727798696,14.013853935266308,19.2599173423383,12.14390409146228,25.174448167158314,15.600042561453048,12.204203833370444,NaN,12.253244655737344,14.845516778453844,14.827247308877016,11.066920380701434,14.333848486191664,17.014715166656565,17.976388485390515,13.713070369663367,12.13776785253571,14.890556705692509,44.13745093527863,17.674440925732874,20.579412329621473,11.472306970777998,12.403422701202969,8.058928818282553,11.791107052021458,11.445144011434927,20.279027615735085,9.534984291770401,14.942256389059388,14.143417631276208,16.159795827460286,9.556526746260394,17.115814327541784,12.255452631897295,12.452855566474469,NaN,12.048314323700337,15.035921806389359
checkoutservice,NaN,NaN,NaN,NaN,NaN,NaN,NaN,NaN,NaN,NaN,NaN,NaN,NaN,NaN,NaN,NaN,NaN,NaN,NaN,NaN,NaN,NaN,NaN,NaN,NaN,NaN,NaN,NaN,NaN,NaN,NaN,NaN,NaN,NaN,NaN,NaN,NaN,NaN,NaN,NaN,NaN,NaN,NaN,NaN,NaN,NaN,NaN,NaN,NaN,NaN,NaN,NaN,NaN,NaN,NaN,NaN,NaN,NaN,NaN,NaN,NaN,NaN,NaN,NaN,NaN,NaN,NaN,NaN,NaN,NaN,NaN,NaN,NaN,NaN,NaN,NaN,NaN,NaN,NaN,NaN,NaN,NaN,NaN,NaN,NaN,NaN,NaN,NaN,NaN,NaN,NaN,NaN,NaN,NaN,NaN,NaN,NaN,NaN,NaN,NaN,NaN,NaN,NaN,NaN,NaN,NaN,NaN,NaN,NaN,NaN,NaN,NaN,NaN,NaN,NaN,NaN,NaN,NaN,NaN,NaN,NaN,NaN,NaN,NaN,NaN,NaN,NaN,NaN,NaN,NaN,NaN,NaN,NaN,NaN,NaN,NaN,NaN,NaN,NaN,NaN,NaN,NaN,NaN,NaN,NaN,NaN,NaN,NaN,NaN,NaN,NaN,NaN,NaN,NaN,NaN,NaN,NaN,NaN,NaN,NaN,NaN,NaN,NaN,NaN,NaN,NaN,NaN,NaN,NaN,NaN,NaN,NaN,NaN,NaN,NaN,NaN,NaN,NaN,NaN,NaN,NaN,NaN,NaN,NaN,NaN,NaN,NaN,NaN,NaN,NaN,NaN,NaN,NaN,NaN,NaN,NaN,NaN,NaN,NaN,NaN,NaN,NaN,NaN,NaN,NaN,NaN,NaN,NaN,NaN,NaN,NaN,NaN,NaN,NaN,NaN,NaN,NaN,NaN,NaN,NaN,NaN,NaN,NaN,NaN,NaN,NaN,NaN,NaN,NaN,NaN,NaN,NaN,NaN,NaN,NaN,NaN,NaN,NaN,NaN,NaN,NaN,NaN,NaN,NaN,NaN,NaN,NaN,NaN,NaN,NaN,NaN,NaN,NaN,NaN,NaN,NaN,NaN,NaN,NaN,NaN,NaN,NaN,NaN,NaN,NaN,NaN,NaN,NaN,NaN,NaN,NaN,NaN,NaN,NaN,NaN,NaN,NaN,NaN,NaN,NaN,NaN,NaN,NaN,NaN,NaN,NaN,NaN,NaN,NaN,NaN,NaN,NaN,NaN,NaN,NaN,NaN,NaN,NaN,NaN,NaN,NaN,NaN,NaN,NaN
currencyservice,133022.0934909343,117211.23329770178,105785.98165012228,124270.08554421207,73515.84692418238,111920.74740036108,132208.51580007467,103637.35929421187,123480.49936925103,101411.02912787508,107608.54978884727,87242.2564491928,105226.16291370866,97476.21444894404,126170.66122353614,106529.13322274694,115245.56712110082,104977.16738126104,126310.40907308144,110462.45791222678,93805.52298779172,92815.69019418243,110929.33760900344,118768.31914182888,125258.28741299684,96014.87102537444,140936.85299305012,97669.30549169335,128027.87289102,154880.82888995763,125896.54975294176,99577.47462850116,96261.27483864411,116543.15704780826,114780.4553698336,103777.18134548233,98363.23840747282,117774.25438263806,92189.2397417791,146492.1864709473,132799.49834696008,143184.0630954987,132842.042736237,101460.0809144809,119188.95318057007,131378.90504798217,89232.61645904518,125274.19249998854,123046.09882313013,117316.49981217703,137431.06888582546,114228.52250394656,116751.86487890608,109146.54935699776,132227.38185017987,109279.90137715127,119025.27456778937,154513.09136664012,148709.22608237443,115533.7309213537,100832.02830698638,101737.57125071567,136175.1119612811,127758.88246180075,122818.18885347739,121527.64200596733,100143.53113445565,130245.18881960075,153297.74602092206,146553.1951435707,91714.23988449624,116201.16657011092,130780.52197032419,109390.45402238483,113331.72424849744,140669.503943795,122118.32442368487,110213.6991878715,129997.38975600862,116574.35060547841,109096.93222448966,126897.15302268168,107333.11443042594,113065.12439846806,137281.74887905663,144466.2094216548,118982.3362947038,115132.53729770216,157075.44755919112,145218.67032717844,113838.52248288576,120829.37953528433,136210.74902591808,117355.43125224808,111391.2156025095,164688.34974291257,120567.53289035248,133227.48959027103,125826.94043911828,135021.29204426706,109316.58509953626,123624.92889804603,97159.07190812839,105740.05748642772,105400.86189975461,94532.92556942606,116758.77169635215,134597.59901959388,109779.42119028943,114150.09706999705,139389.17681590255,154973.26873984464,118111.11405535901,129322.4779094799,129528.77236065667,98544.29601117742,135999.80794732267,106833.6387353269,104728.48805656435,124108.81544503794,100008.09813245041,107117.60765300403,95340.24908361291,99109.87351699162,120319.03259559472,120827.2564266833,115248.16048564314,106237.97373733784,112517.4733047419,106747.90888322309,102241.70487908495,165882.48467626175,143550.58026048285,168507.66149010876,134506.27442736726,93615.39430132083,116931.79614499211,119583.73084356454,129090.37609562592,115756.82983706186,133124.8391734885,128467.30058988376,148296.7371485525,95077.45997248148,108614.91207693848,112539.57125985206,124805.75742291828,85523.46781894354,134177.32271543343,139564.68639951918,129984.88906877722,95894.97640372872,95031.10461398088,124552.87875263218,120767.62934082613,121569.23751193084,124135.6838019776,111159.80990255426,117841.30214326765,114318.44427286548,85521.91205130119,120690.90835774208,79163.9013297437,102549.75824549724,83292.2636345396,103552.83354344746,113028.79579851929,122035.06324734556,141905.1430987826,105877.94838523283,120558.25800100694,105634.26275489928,99294.49901951295,123077.00551924459,115083.59559739703,141190.89537652896,122921.38495565785,95998.55025893536,112068.459514494,114361.7908283729,131899.691318406,113842.88326498133,86177.58537646726,70190.26558858837,106885.34102411065,92173.16151147478,103491.01206138343,111373.3218498649,121182.2484871308,122962.78879591511,133493.22422147496,107860.71060632686,124011.85454014486,126823.86998781853,115857.46001528238,130242.12371069503,135678.16620547583,111122.70288967526,107838.74016697184,107891.76124609017,99235.75048228244,106815.51629136485,122802.98067937097,116065.49916039771,89434.35861273608,127853.19870092312,122811.1212776436,95893.9627936862,83052.99663175174,102793.1667833262,127416.97694117247,148271.79039090587,156123.319840163,129821.17063398361,111619.7074951274,121157.69615756473,118851.41761605386,169241.8633170277,93048.58785769145,114667.78876782887,128978.79038460649,91789.88730876832,141740.37301496585,127369.1796802246,121727.92073550678,116081.69100630956,98409.05042373369,137025.63621626212,89780.0101923969,106604.81637822918,167683.83615420677,126283.10117403767,121005.16405063798,103471.85522232414,131480.90722281023,89898.43035268996,106587.37863646701,130997.47267297411,123844.12035683478,102343.79042973604,103066.55976994736,123359.80714368714,126880.0529177778,128262.15516589134,130376.1301956019,139234.860255776,110060.89030499783,130621.05924301848,121632.15717573742,112737.67346713066,97464.48744976135,113414.32222193936,149147.50440728277,161572.40871868227,138862.8941683236,132502.96769624425,144600.4664629008,129691.53716350527,112765.80632882498,117750.34172143106,134480.75562601897,163183.33111262223,159188.93951728655,134607.80603253492,117416.6889707716,126285.08269318173,119537.44663300116,136506.36340442725,138995.2313661069,110392.87907921197,147795.83467183114,116271.10981623393,120125.10377517206,113772.00930930376,114154.45835305263,100714.46801429852,95418.25937833244,139049.60341285655,117095.71898520153,145530.47149467544,107227.60769380952,135532.82257337408,170781.3923843878,126792.0803086393,83480.82567622705,130019.30127753865,109068.54606678788,129408.97720110418,113401.15698701207,110372.83589467406,89530.62156456604,136619.13301835748,115569.10425052371,93841.27510550618,119952.71817907569,134285.32333466693,118130.63626047278,87374.7096840651,121451.84343732121,130858.58772060752,142808.9193649103,136040.8523785919,123952.95314638266,113906.48871032754
emailservice,7.497507863642981,6.417270136360127,8.423087928572775,8.195405181818966,5.469215750005333,12.978738833332804,7.407331678573687,7.958691000004234,8.238714916667353,8.35269172222292,5.400087277772805,7.9295922222243265,7.20505954166462,10.735738499999751,6.313494909091539,7.444322999999031,8.06875117857362,13.218643812499067,8.367943333332732,8.746539142854349,7.237040041664538,7.222190375003265,11.714287750000558,8.554532076922092,20.428648269231836,8.60101721429081,7.491295562498522,7.794225666666131,7.5032825500051334,9.476336692309324,6.539948529409016,7.847311727272509,6.345101857141864,4.684245124992231,8.061304678571235,5.875888222225007,8.310712300005617,6.111475318180634,8.692035636360082,8.123646999998163,7.3818922222217225,10.56040340908707,6.295234062494956,8.107268818181348,107.8189035000014,7.984689055551118,7.659832249999226,8.442690250000243,NaN,6.82642437499976,8.094008249999206,9.526940846157512,8.834640899999977,8.071661583336057,10.076148937502467,8.638199449995774,7.243233346153479,7.993146999997126,8.433617999999964,7.283204928559956,6.766866277775989,5.618089800005691,5.930212722222576,10.918293090905784,9.482170291665474,7.966073423076942,7.286327749995053,5.30464183334152,5.0974847857149665,10.107494357144398,8.770032366669572,7.2854283181790045,5.952041545454862,8.762526384617487,10.35969150000013,6.616348136361094,6.6736072727197255,11.0154259500041,13.933162916671032,9.21503646153388,6.7640307857093696,6.24808854545286,9.280789214286415,11.402438555555314,6.190570599999956,4.91484140908919,9.480461090910136,11.571982999996727,7.633224499997444,8.86016550000113,8.857739318175929,7.716412928572286,7.553045249999741,9.041403636360304,6.744993500000015,7.732698250002431,6.446932615384167,9.221129093752893,6.275936800000817,9.693333136366743,11.313598249999554,9.751122500002062,6.697263142864228,6.979255458337624,10.243834000000243,7.290182900002037,5.456751333335948,8.085733363632574,8.11227794444676,6.489332178571593,10.722677500000646,15.119802699997852,8.76805994444678,9.1309129545521,8.265987999997924,13.569149166666346,5.847861312500299,7.74912139999924,12.921905892857858,5.938871562495933,15.0112517307698,9.123142318179486,8.511547055550182,9.62286604166305,4.616212500000984,8.901394285713259,6.963975772725792,NaN,NaN,14.063911374998497,NaN,NaN,5.134104000009756,12.873955200000273,28.506094000018493,NaN,NaN,8.645211888884457,7.6446406666640945,9.479678562502158,6.583492812507302,10.256562933331224,6.102182458331906,8.064306150000084,6.457936750000591,6.812226333335275,6.910740727273481,6.1345615000045655,NaN,6.38864195832942,7.0016376250030135,7.493467450004209,5.387199999993754,5.105960071432232,12.047516624999844,8.046613090912366,9.662297807692363,8.479429600006915,7.6175270000037925,8.665538535709597,37.381820555557674,7.3183507500009,6.831940428566668,7.103172807689659,13.150272999997469,5.925138000001295,8.815414833335126,9.225658187504905,6.158548916668678,6.294790954547022,6.304075800006284,6.59459777777536,6.006473916669771,9.671248416668124,8.055570318180882,7.110687545457866,6.93447612499934,7.4259939090916305,7.465116392856934,7.663296583332037,11.323983863636716,7.218722227274404,7.204046250000829,7.950702888892313,6.103563909096424,11.437174250003105,9.448815400001877,7.216688708329608,9.386695499998845,6.499078999998264,6.001297181818617,9.75514230769281,8.235046818180226,8.488188041664973,6.076038541662456,5.57584333333413,11.987783625004036,10.031224250004016,8.428516136366934,5.752754555554121,9.740198281249718,7.326731818182122,13.374393611109149,9.653667911762515,4.575263499998982,7.845181100000991,13.212069590908538,9.14327590909174,NaN,8.459022249994996,9.130222687499554,NaN,NaN,5.587089222222656,5.52438849999271,NaN,5.886910100004752,NaN,4.846251500001017,8.412822615388135,7.056998000004219,10.049061611106177,8.57898157142946,6.508706875002872,8.748692416670261,11.730418400003874,9.054186954542523,6.3204349090929925,5.9640710714281475,6.563887666661685,10.463495727274099,11.181391678569916,7.303525999997353,6.808394333335401,5.831120374997681,5.474221099993156,7.988737041668628,8.441000785714355,9.012954400004553,7.148504333329482,5.0255674166674,11.8089529285757,6.974965590911366,6.213858899999954,8.797407541664295,7.871240681814677,7.594186545449702,8.46367877777953,9.835075318179157,7.385525124995334,6.294151187491252,6.354065699999046,6.999395818186465,7.118941115380809,10.15291799999577,6.057486550005342,8.320526233334506,10.305530464285116,7.77216896428685,5.676353444444936,6.490519636363387,4.949945124989426,12.58469190909256,6.026367499996468,6.141474916669116,7.496846875007122,7.248013500001784,8.17126004999991,9.39980692307584,8.323286785713078,4.13586027777314,6.196296687503036,6.612158750001981,NaN,5.827044444446275,15.313825041666405,7.489560437495356,10.004239666661709,NaN,143.96104434999523,8.771091269228446,7.243703666672749,15.01288436363674,11.413942249997287,10.485056423075617,11.413587964285268,9.193195600001127,6.15028549999889,12.696786093748187,5.4075160000084,6.1223705555534655,6.942215222218591,8.579165647057593,5.991850000013073,8.54527664286044,11.732787230770555,8.73395418750556,5.921009499985303,7.353023850002137,9.565187714288445,11.38324176470087,NaN,11.531473450001794,9.594647433334103
flagd,NaN,NaN,NaN,NaN,NaN,NaN,NaN,NaN,NaN,NaN,NaN,NaN,NaN,NaN,NaN,NaN,NaN,NaN,NaN,NaN,NaN,NaN,NaN,NaN,NaN,NaN,NaN,NaN,NaN,NaN,NaN,NaN,NaN,NaN,NaN,NaN,NaN,NaN,NaN,NaN,NaN,NaN,NaN,NaN,NaN,NaN,NaN,NaN,NaN,NaN,NaN,NaN,NaN,NaN,NaN,NaN,NaN,NaN,NaN,NaN,NaN,NaN,NaN,NaN,NaN,NaN,NaN,NaN,NaN,NaN,NaN,NaN,NaN,NaN,NaN,NaN,NaN,NaN,NaN,NaN,NaN,NaN,NaN,NaN,NaN,NaN,NaN,NaN,NaN,NaN,NaN,NaN,NaN,NaN,NaN,NaN,NaN,NaN,NaN,NaN,NaN,NaN,NaN,NaN,NaN,NaN,NaN,NaN,NaN,NaN,NaN,NaN,NaN,NaN,NaN,NaN,NaN,NaN,NaN,NaN,NaN,NaN,NaN,NaN,NaN,NaN,NaN,NaN,NaN,NaN,NaN,NaN,NaN,NaN,NaN,NaN,NaN,NaN,NaN,NaN,NaN,NaN,NaN,NaN,NaN,NaN,NaN,NaN,NaN,NaN,NaN,NaN,NaN,NaN,NaN,NaN,NaN,NaN,NaN,NaN,NaN,NaN,NaN,NaN,NaN,NaN,NaN,NaN,NaN,NaN,NaN,NaN,NaN,NaN,NaN,NaN,NaN,NaN,NaN,NaN,NaN,NaN,NaN,NaN,NaN,NaN,NaN,NaN,NaN,NaN,NaN,NaN,NaN,NaN,NaN,NaN,NaN,NaN,NaN,NaN,NaN,NaN,NaN,NaN,NaN,NaN,NaN,NaN,NaN,NaN,NaN,NaN,NaN,NaN,NaN,NaN,NaN,NaN,NaN,NaN,NaN,NaN,NaN,NaN,NaN,NaN,NaN,NaN,NaN,NaN,NaN,NaN,NaN,NaN,NaN,NaN,NaN,NaN,NaN,NaN,NaN,NaN,NaN,NaN,NaN,NaN,NaN,NaN,NaN,NaN,NaN,NaN,NaN,NaN,NaN,NaN,NaN,NaN,NaN,NaN,NaN,NaN,NaN,NaN,NaN,NaN,NaN,NaN,NaN,NaN,NaN,NaN,NaN,NaN,NaN,NaN,NaN,NaN,NaN,NaN,NaN,NaN,NaN,NaN,NaN,NaN,NaN,NaN,NaN,NaN,NaN,NaN,NaN,NaN,NaN,NaN,NaN,NaN,NaN,NaN,NaN,NaN,NaN,NaN
frauddetectionservice,NaN,NaN,NaN,NaN,NaN,NaN,NaN,NaN,NaN,NaN,NaN,NaN,NaN,NaN,NaN,NaN,NaN,NaN,NaN,NaN,NaN,NaN,NaN,NaN,NaN,NaN,NaN,NaN,NaN,NaN,NaN,NaN,NaN,NaN,NaN,NaN,NaN,NaN,NaN,NaN,NaN,NaN,NaN,NaN,NaN,NaN,NaN,NaN,NaN,NaN,NaN,NaN,NaN,NaN,NaN,NaN,NaN,NaN,NaN,NaN,NaN,NaN,NaN,NaN,NaN,NaN,NaN,NaN,NaN,NaN,NaN,NaN,NaN,NaN,NaN,NaN,NaN,NaN,NaN,NaN,NaN,NaN,NaN,NaN,NaN,NaN,NaN,NaN,NaN,NaN,NaN,NaN,NaN,NaN,NaN,NaN,NaN,NaN,NaN,NaN,NaN,NaN,NaN,NaN,NaN,NaN,NaN,NaN,NaN,NaN,NaN,NaN,NaN,NaN,NaN,NaN,NaN,NaN,NaN,NaN,NaN,NaN,NaN,NaN,NaN,NaN,NaN,NaN,NaN,NaN,NaN,NaN,NaN,NaN,NaN,NaN,NaN,NaN,NaN,NaN,NaN,NaN,NaN,NaN,NaN,NaN,NaN,NaN,NaN,NaN,NaN,NaN,NaN,NaN,NaN,NaN,NaN,NaN,NaN,NaN,NaN,NaN,NaN,NaN,NaN,NaN,NaN,NaN,NaN,NaN,NaN,NaN,NaN,NaN,NaN,NaN,NaN,NaN,NaN,NaN,NaN,NaN,NaN,NaN,NaN,NaN,NaN,NaN,NaN,NaN,NaN,NaN,NaN,NaN,NaN,NaN,NaN,NaN,NaN,NaN,NaN,NaN,NaN,NaN,NaN,NaN,NaN,NaN,NaN,NaN,NaN,NaN,NaN,NaN,NaN,NaN,NaN,NaN,NaN,NaN,NaN,NaN,NaN,NaN,NaN,NaN,NaN,NaN,NaN,NaN,NaN,NaN,NaN,NaN,NaN,NaN,NaN,NaN,NaN,NaN,NaN,NaN,NaN,NaN,NaN,NaN,NaN,NaN,NaN,NaN,NaN,NaN,NaN,NaN,NaN,NaN,NaN,NaN,NaN,NaN,NaN,NaN,NaN,NaN,NaN,NaN,NaN,NaN,NaN,NaN,NaN,NaN,NaN,NaN,NaN,NaN,NaN,NaN,NaN,NaN,NaN,NaN,NaN,NaN,NaN,NaN,NaN,NaN,NaN,NaN,NaN,NaN,NaN,NaN,NaN,NaN,NaN,NaN,NaN,NaN,NaN,NaN,NaN,NaN
frontend,NaN,NaN,NaN,NaN,NaN,NaN,NaN,NaN,NaN,NaN,NaN,NaN,NaN,NaN,NaN,NaN,NaN,NaN,NaN,NaN,NaN,NaN,NaN,NaN,NaN,NaN,NaN,NaN,NaN,NaN,NaN,NaN,NaN,NaN,NaN,NaN,NaN,NaN,NaN,NaN,NaN,NaN,NaN,NaN,NaN,NaN,NaN,NaN,NaN,NaN,NaN,NaN,NaN,NaN,NaN,NaN,NaN,NaN,NaN,NaN,NaN,NaN,NaN,NaN,NaN,NaN,NaN,NaN,NaN,NaN,NaN,NaN,NaN,NaN,NaN,NaN,NaN,NaN,NaN,NaN,NaN,NaN,NaN,NaN,NaN,NaN,NaN,NaN,NaN,NaN,NaN,NaN,NaN,NaN,NaN,NaN,NaN,NaN,NaN,NaN,NaN,NaN,NaN,NaN,NaN,NaN,NaN,NaN,NaN,NaN,NaN,NaN,NaN,NaN,NaN,NaN,NaN,NaN,NaN,NaN,NaN,NaN,NaN,NaN,NaN,NaN,NaN,NaN,NaN,NaN,NaN,NaN,NaN,NaN,NaN,NaN,NaN,NaN,NaN,NaN,NaN,NaN,NaN,NaN,NaN,NaN,NaN,NaN,NaN,NaN,NaN,NaN,NaN,NaN,NaN,NaN,NaN,NaN,NaN,NaN,NaN,NaN,NaN,NaN,NaN,NaN,NaN,NaN,NaN,NaN,NaN,NaN,NaN,NaN,NaN,NaN,NaN,NaN,NaN,NaN,NaN,NaN,NaN,NaN,NaN,NaN,NaN,NaN,NaN,NaN,NaN,NaN,NaN,NaN,NaN,NaN,NaN,NaN,NaN,NaN,NaN,NaN,NaN,NaN,NaN,NaN,NaN,NaN,NaN,NaN,NaN,NaN,NaN,NaN,NaN,NaN,NaN,NaN,NaN,NaN,NaN,NaN,NaN,NaN,NaN,NaN,NaN,NaN,NaN,NaN,NaN,NaN,NaN,NaN,NaN,NaN,NaN,NaN,NaN,NaN,NaN,NaN,NaN,NaN,NaN,NaN,NaN,NaN,NaN,NaN,NaN,NaN,NaN,NaN,NaN,NaN,NaN,NaN,NaN,NaN,NaN,NaN,NaN,NaN,NaN,NaN,NaN,NaN,NaN,NaN,NaN,NaN,NaN,NaN,NaN,NaN,NaN,NaN,NaN,NaN,NaN,NaN,NaN,NaN,NaN,NaN,NaN,NaN,NaN,NaN,NaN,NaN,NaN,NaN,NaN,NaN,NaN,NaN,NaN,NaN,NaN,NaN,NaN,NaN
frontend-web,4391.602361636492,2056.292537428268,3126.0480151103693,3236.8016262370984,2414.868084319718,2197.7338723438734,3193.5607136684334,2499.5514739483165,3506.4964167787643,3033.9306802682668,3970.7951209132084,2430.813316203537,2253.18398521255,2462.770959079619,2940.5496989237963,2075.170075405376,2352.1172140506915,2839.2597687096777,3752.2130974918186,2442.907880046459,2015.143196590653,2618.6806620046564,2296.1884083050254,2585.1271091082485,3940.4791969625494,2969.2225915036693,2852.959888156409,2691.6273115529657,1916.923590580844,3547.0921679948833,1925.4128302033785,2063.591599817613,2333.5161586018926,2671.805864989676,2319.0994372996406,2927.966960986415,1783.8872940360025,2528.837946607197,1698.4919005562222,3149.6750034323522,2180.1217014278855,1976.103929622109,3531.0372984031737,2601.034300713979,2476.7640774856754,2562.8088898873093,2644.348851786161,2982.665892867117,2105.50128734638,1812.6985545778537,2471.9129363872817,2921.1019141329853,2964.928642750544,2370.7761832556207,3397.401375376791,2812.9566057904954,2039.438996404216,2011.0364800800546,2638.208123307379,3776.8921417980478,2355.8753754142786,2121.4034344677652,2083.9504683668774,2384.102206531508,2773.175225036939,2752.9121749721876,1841.876189053516,2478.2764051113813,1724.8096492757113,2245.8825188436354,2111.237060430231,2075.5358641173957,2445.431660325767,1927.760114876234,3317.18535745409,2256.213426953219,2428.644048416585,2009.3188111295176,2394.0945409002866,2801.3047643332243,2442.5833090754,2667.2994093137872,1906.6250895607845,2635.30667160737,3082.664157443868,2700.1935442530007,1974.2364641251736,2675.8172454425926,2022.7258860680165,1934.5006179116046,2324.4169805348183,3118.2498413871367,2370.755428915986,2362.0156879820943,1508.6102130633467,2845.0317966664934,1952.3269466207885,2449.1854830918232,3852.066864422892,2874.053636170749,2493.5163594301634,2701.586830885194,2615.8494782956077,3178.397694699037,3149.5146365145933,2128.1614764972237,1482.1887808405888,2964.7126941440292,2128.5033403663124,2033.2535167490385,1980.2287602928402,2247.7806011110974,1771.270603464234,2319.6084914111107,1730.8805335726208,2186.470200090072,2510.1303504580023,3808.6727085437005,2293.10418648528,2126.5347799050714,3178.6905009979005,2394.212185291349,3221.0769997532184,2690.5141056225657,3015.0734934251227,1956.2793387202219,2420.545009458698,2060.347420328099,2743.2792668218813,2414.1085789417825,2095.1057791906183,3012.4599064624954,4641.822059303012,1847.5879937552927,2254.3324855104324,3576.826542819741,2524.048815188985,2146.9320556493344,2260.280574863977,1843.5199050918786,2629.378859252697,2620.1345796740798,2223.9333751638483,2509.637892614576,2110.744367419555,2357.5572298477814,3181.810787626246,2403.6659868186116,2165.050448986904,2418.645804907954,2509.9848033724493,2956.784286147344,2879.585164357174,1865.6624507652377,1829.020447363437,2531.916109932977,1882.50592636484,2247.0301940177733,2073.71457532835,3253.3983645838753,2516.7010125309143,2623.3036980538436,1843.3700055685786,2245.713666704148,1883.6368312204502,2096.1876352881336,3136.603865009571,2300.2917187073253,2332.740876865783,1595.7739320607307,3544.892521523622,2591.2473198895773,2547.014605553081,3682.1413276521603,1532.8876110515582,2141.9774847555013,3160.763412250695,2547.7243646452607,2511.06995831871,2132.1879142347243,1974.8083988979236,2287.333411820122,2064.12213897717,2053.625721866058,1708.8710447449546,2268.2196548336387,2782.5827681244014,2162.0523975692095,1994.5212302993677,2964.153793712304,4618.991135765215,1832.400779968879,2188.914030019845,1659.9394382336463,1813.4458376743482,2693.9532727926357,2711.361771393913,2683.7687755367583,2821.0003374829134,2563.0720573354088,3230.385461036587,2344.9758100894323,2823.9357861581557,1863.0510752115044,3048.4939639490744,3267.048273202071,3141.5316969833175,1765.4372310132185,2741.211302400512,2085.770356973476,2189.5017045168584,3349.0181857017214,2361.7366186476197,2405.7584963705017,3788.3914856217893,1894.0376891487435,2713.342130591042,2753.8883790642412,3424.3251128732895,2588.467788781278,2342.845770561734,2395.5043788666594,2214.994748580543,3012.8224404237617,2635.3339067650127,3522.3884781058287,2712.8151731094895,2827.2355635586946,2336.5078256254674,3195.1919813123973,2567.904936777349,1543.785048523787,1970.2248646173107,1603.4576315961049,2243.1382316831164,1832.3423479591333,2020.2088642913282,2296.164304528669,3721.940511682377,2716.2299578422185,2215.4169193186253,2958.532778263055,2744.018661487945,1555.2582011134095,2424.781750401336,2706.5319953342664,1852.0880024141131,2270.497912115803,2230.8964501630176,4680.548347124533,3712.0892559986837,2506.7812726474617,2618.9001585984147,2100.8784553241385,2268.4897993602576,2718.059435433867,2275.6002126517246,2250.899010073224,3361.8232869345425,3461.618655312359,1857.9314185580074,2655.5275163702854,2161.137457782647,2395.4602378453355,1816.835285182824,2572.174930856845,2147.0957892833517,1803.2966328366376,3237.8544304352126,3996.5463439339906,2273.298046052643,2659.662815832724,1699.629760296663,2319.545145295609,2714.5417619938685,3018.876835150319,2226.3112920019116,2259.387556277288,1964.9078008915294,1737.233434447893,1769.931769711378,2839.781180981295,3244.4875558429862,2958.5755791713896,2489.779454881271,2219.7573699862046,2227.2753043867206,2958.083974340412,1966.26018907874,3242.346474091215,2400.0956799856604,2714.284181259525,2729.3357746169827,3290.7095863414374,2539.7880492522736,1966.8641379328476,2288.9747231723613,5047.006240968019,3100.302394287612,1969.96387940164,2500.837685937122,3315.2065061773283,2376.3424860955,2169.841152358565
frontendproxy,NaN,NaN,NaN,NaN,NaN,NaN,NaN,NaN,NaN,NaN,NaN,NaN,NaN,NaN,NaN,NaN,NaN,NaN,NaN,NaN,NaN,NaN,NaN,NaN,NaN,NaN,NaN,NaN,NaN,NaN,NaN,NaN,NaN,NaN,NaN,NaN,NaN,NaN,NaN,NaN,NaN,NaN,NaN,NaN,NaN,NaN,NaN,NaN,NaN,NaN,NaN,NaN,NaN,NaN,NaN,NaN,NaN,NaN,NaN,NaN,NaN,NaN,NaN,NaN,NaN,NaN,NaN,NaN,NaN,NaN,NaN,NaN,NaN,NaN,NaN,NaN,NaN,NaN,NaN,NaN,NaN,NaN,NaN,NaN,NaN,NaN,NaN,NaN,NaN,NaN,NaN,NaN,NaN,NaN,NaN,NaN,NaN,NaN,NaN,NaN,NaN,NaN,NaN,NaN,NaN,NaN,NaN,NaN,NaN,NaN,NaN,NaN,NaN,NaN,NaN,NaN,NaN,NaN,NaN,NaN,NaN,NaN,NaN,NaN,NaN,NaN,NaN,NaN,NaN,NaN,NaN,NaN,NaN,NaN,NaN,NaN,NaN,NaN,NaN,NaN,NaN,NaN,NaN,NaN,NaN,NaN,NaN,NaN,NaN,NaN,NaN,NaN,NaN,NaN,NaN,NaN,NaN,NaN,NaN,NaN,NaN,NaN,NaN,NaN,NaN,NaN,NaN,NaN,NaN,NaN,NaN,NaN,NaN,NaN,NaN,NaN,NaN,NaN,NaN,NaN,NaN,NaN,NaN,NaN,NaN,NaN,NaN,NaN,NaN,NaN,NaN,NaN,NaN,NaN,NaN,NaN,NaN,NaN,NaN,NaN,NaN,NaN,NaN,NaN,NaN,NaN,NaN,NaN,NaN,NaN,NaN,NaN,NaN,NaN,NaN,NaN,NaN,NaN,NaN,NaN,NaN,NaN,NaN,NaN,NaN,NaN,NaN,NaN,NaN,NaN,NaN,NaN,NaN,NaN,NaN,NaN,NaN,NaN,NaN,NaN,NaN,NaN,NaN,NaN,NaN,NaN,NaN,NaN,NaN,NaN,NaN,NaN,NaN,NaN,NaN,NaN,NaN,NaN,NaN,NaN,NaN,NaN,NaN,NaN,NaN,NaN,NaN,NaN,NaN,NaN,NaN,NaN,NaN,NaN,NaN,NaN,NaN,NaN,NaN,NaN,NaN,NaN,NaN,NaN,NaN,NaN,NaN,NaN,NaN,NaN,NaN,NaN,NaN,NaN,NaN,NaN,NaN,NaN,NaN,NaN,NaN,NaN,NaN,NaN
imageprovider,0,0,0,0,0,0,0,0,0,0,0,0,0,0,0,0,0,0,0,0,0,0,0,0,0,0,0,0,0,0,0,0,0,0,0,0,0,0,0,0,0,0,0,0,0,0,0,0,0,0,0,0,0,0,0,0,0,0,0,0,0,0,0,0,0,0,0,0,0,0,0,0,0,0,0,0,0,0,0,0,0,0,0,0,0,0,0,0,0,0,0,0,0,0,0,0,0,0,0,0,0,0,0,0,0,0,0,0,0,0,0,0,0,0,0,0,0,0,0,0,0,0,0,0,0,0,0,0,0,0,0,0,0,0,0,0,0,0,0,0,0,0,0,0,0,0,0,0,0,0,0,0,0,0,0,0,0,0,0,0,0,0,0,0,0,0,0,0,0,0,0,0,0,0,0,0,0,0,0,0,0,0,0,0,0,0,0,0,0,0,0,0,0,0,0,0,0,0,0,0,0,0,0,0,0,0,0,0,0,0,0,0,0,0,0,0,0,0,0,0,0,0,0,0,0,0,0,0,0,0,0,0,0,0,0,0,0,0,0,0,0,0,0,0,0,0,0,0,0,0,0,0,0,0,0,0,0,0,0,0,0,0,0,0,0,0,0,0,0,0,0,0,0,0,0,0,0,0,0,0,0,0,0,0,0,0,0,0,0,0,0,0,0,0,0,0,0,0,0,0,0,0,0,0
loadgenerator,NaN,NaN,NaN,NaN,NaN,NaN,NaN,NaN,NaN,NaN,NaN,NaN,NaN,NaN,NaN,NaN,NaN,NaN,NaN,NaN,NaN,NaN,NaN,NaN,NaN,NaN,NaN,NaN,NaN,NaN,NaN,NaN,NaN,NaN,NaN,NaN,NaN,NaN,NaN,NaN,NaN,NaN,NaN,NaN,NaN,NaN,NaN,NaN,NaN,NaN,NaN,NaN,NaN,NaN,NaN,NaN,NaN,NaN,NaN,NaN,NaN,NaN,NaN,NaN,NaN,NaN,NaN,NaN,NaN,NaN,NaN,NaN,NaN,NaN,NaN,NaN,NaN,NaN,NaN,NaN,NaN,NaN,NaN,NaN,NaN,NaN,NaN,NaN,NaN,NaN,NaN,NaN,NaN,NaN,NaN,NaN,NaN,NaN,NaN,NaN,NaN,NaN,NaN,NaN,NaN,NaN,NaN,NaN,NaN,NaN,NaN,NaN,NaN,NaN,NaN,NaN,NaN,NaN,NaN,NaN,NaN,NaN,NaN,NaN,NaN,NaN,NaN,NaN,NaN,NaN,NaN,NaN,NaN,NaN,NaN,NaN,NaN,NaN,NaN,NaN,NaN,NaN,NaN,NaN,NaN,NaN,NaN,NaN,NaN,NaN,NaN,NaN,NaN,NaN,NaN,NaN,NaN,NaN,NaN,NaN,NaN,NaN,NaN,NaN,NaN,NaN,NaN,NaN,NaN,NaN,NaN,NaN,NaN,NaN,NaN,NaN,NaN,NaN,NaN,NaN,NaN,NaN,NaN,NaN,NaN,NaN,NaN,NaN,NaN,NaN,NaN,NaN,NaN,NaN,NaN,NaN,NaN,NaN,NaN,NaN,NaN,NaN,NaN,NaN,NaN,NaN,NaN,NaN,NaN,NaN,NaN,NaN,NaN,NaN,NaN,NaN,NaN,NaN,NaN,NaN,NaN,NaN,NaN,NaN,NaN,NaN,NaN,NaN,NaN,NaN,NaN,NaN,NaN,NaN,NaN,NaN,NaN,NaN,NaN,NaN,NaN,NaN,NaN,NaN,NaN,NaN,NaN,NaN,NaN,NaN,NaN,NaN,NaN,NaN,NaN,NaN,NaN,NaN,NaN,NaN,NaN,NaN,NaN,NaN,NaN,NaN,NaN,NaN,NaN,NaN,NaN,NaN,NaN,NaN,NaN,NaN,NaN,NaN,NaN,NaN,NaN,NaN,NaN,NaN,NaN,NaN,NaN,NaN,NaN,NaN,NaN,NaN,NaN,NaN,NaN,NaN,NaN,NaN,NaN,NaN,NaN,NaN,NaN,NaN
paymentservice,NaN,NaN,NaN,NaN,NaN,NaN,NaN,NaN,NaN,NaN,NaN,NaN,NaN,NaN,NaN,NaN,NaN,NaN,NaN,NaN,NaN,NaN,NaN,NaN,NaN,NaN,NaN,NaN,NaN,NaN,NaN,NaN,NaN,NaN,NaN,NaN,NaN,NaN,NaN,NaN,NaN,NaN,NaN,NaN,NaN,NaN,NaN,NaN,NaN,NaN,NaN,NaN,NaN,NaN,NaN,NaN,NaN,NaN,NaN,NaN,NaN,NaN,NaN,NaN,NaN,NaN,NaN,NaN,NaN,NaN,NaN,NaN,NaN,NaN,NaN,NaN,NaN,NaN,NaN,NaN,NaN,NaN,NaN,NaN,NaN,NaN,NaN,NaN,NaN,NaN,NaN,NaN,NaN,NaN,NaN,NaN,NaN,NaN,NaN,NaN,NaN,NaN,NaN,NaN,NaN,NaN,NaN,NaN,NaN,NaN,NaN,NaN,NaN,NaN,NaN,NaN,NaN,NaN,NaN,NaN,NaN,NaN,NaN,NaN,NaN,NaN,NaN,NaN,NaN,NaN,NaN,NaN,NaN,NaN,NaN,NaN,NaN,NaN,NaN,NaN,NaN,NaN,NaN,NaN,NaN,NaN,NaN,NaN,NaN,NaN,NaN,NaN,NaN,NaN,NaN,NaN,NaN,NaN,NaN,NaN,NaN,NaN,NaN,NaN,NaN,NaN,NaN,NaN,NaN,NaN,NaN,NaN,NaN,NaN,NaN,NaN,NaN,NaN,NaN,NaN,NaN,NaN,NaN,NaN,NaN,NaN,NaN,NaN,NaN,NaN,NaN,NaN,NaN,NaN,NaN,NaN,NaN,NaN,NaN,NaN,NaN,NaN,NaN,NaN,NaN,NaN,NaN,NaN,NaN,NaN,NaN,NaN,NaN,NaN,NaN,NaN,NaN,NaN,NaN,NaN,NaN,NaN,NaN,NaN,NaN,NaN,NaN,NaN,NaN,NaN,NaN,NaN,NaN,NaN,NaN,NaN,NaN,NaN,NaN,NaN,NaN,NaN,NaN,NaN,NaN,NaN,NaN,NaN,NaN,NaN,NaN,NaN,NaN,NaN,NaN,NaN,NaN,NaN,NaN,NaN,NaN,NaN,NaN,NaN,NaN,NaN,NaN,NaN,NaN,NaN,NaN,NaN,NaN,NaN,NaN,NaN,NaN,NaN,NaN,NaN,NaN,NaN,NaN,NaN,NaN,NaN,NaN,NaN,NaN,NaN,NaN,NaN,NaN,NaN,NaN,NaN,NaN,NaN,NaN,NaN,NaN,NaN,NaN,NaN
productcatalogservice,0.40181022651851306,0.326193879726726,0.32412413268028967,0.30158609363344224,0.31655682487002557,0.3806577092700376,0.34566257079309737,0.4223599847797444,0.3311810761586229,0.29659424685437363,0.32209242894584555,0.32881647431335986,0.3366116158508794,0.33244527712006566,0.3954918038354825,0.3391533809152051,0.34851650454021926,0.3258740094944881,0.3052495064130043,0.3174173164125403,0.37527522757388954,0.31691589473191184,0.36848639767819114,0.3607835878311158,0.29827899392176627,0.3173399382226078,0.3115957722396431,0.36667665664703564,0.3396394206060047,0.34497427438765316,0.33966814969900844,0.2889548477181582,0.34206503471676875,0.3510337994146727,0.3441482016493359,0.3159929033526351,0.3550749609107109,0.29299132497725905,0.346061717459611,0.33370918129813826,0.37288709547205934,0.292173681161837,0.3249396877530819,0.33756286563571225,0.3076920287275737,0.34949825994146444,0.32563713072911404,0.3046691352003421,0.34615465295360426,0.3572048007166978,0.34320319943694383,0.3122179466334276,0.30406992295727087,0.32040857090840175,0.3316864226787719,0.4175502621163739,0.31829399011132786,0.3519215825844747,0.3077980098872206,0.29346865539034694,0.3033048735607417,0.2918309887253689,0.30777664512172587,0.36109079769877916,0.5190786280471934,0.3656052776391865,0.35811402955678245,0.3023346937261522,0.32423191482554853,0.36073090872772307,0.37233032874490946,0.3742481424226285,0.325910047226914,0.4313155829433307,0.30237875721166085,0.33281470222079795,0.330913841459508,0.3958922220279908,0.3591520053555277,0.3347353892287552,0.35314736144416525,0.3475909805521792,0.3233833774706243,0.3749013851068054,0.37120729627484816,0.31370406863078043,0.3155241833159353,0.40199664398859924,0.3174782041386095,0.35232723851044123,0.3846882084882677,0.3049024217183504,0.3515283491599769,0.37867568513352534,0.3356961615398921,0.3355549921524278,0.38118293985028345,0.35309511801195137,0.2878937064633567,0.3385831326271558,0.3884301814286856,0.3104860647009981,0.3636218879564845,0.3486322684199605,0.3009596866920148,0.3093093092643876,0.3344378596823504,0.3307278873629017,0.34951902424255626,0.31270318614217385,0.35207150362467965,0.39333345458353075,0.3904313774635405,0.3268438044137392,0.30765206434421777,0.3203499244876058,0.3306194275151081,0.3583187388187522,0.3393263427302854,0.3705931366767617,0.3137291288444948,0.3798547355505556,0.32445152169597113,0.3600642688246347,0.310043006956633,0.32294320625790196,0.33466951093226843,0.4034484414051154,0.3752210775836237,0.3427603942494854,0.36555897113500785,0.3699654281283427,0.39556450578203683,0.35161318045805995,0.3027470430288932,0.3629636394954261,0.31434313765194455,0.34516708480043545,0.35892853988971185,0.3403491417915602,0.359362957810008,0.34528099962076814,0.2981486964317377,0.3083606807189835,0.3568270121918449,0.33406577949937455,0.3580607812318745,0.36819703944835014,0.3497587218331828,0.3625378675020168,0.3754845895767035,0.33610018905055133,0.33099136408382324,0.37218807347521243,0.34265773430184465,0.31581509406615166,0.3678871837754023,0.38590769193027813,0.3290556661532875,0.3033544601162984,0.29489002155954924,0.30978534309450856,0.3554442471687843,0.3288643492978657,0.3240611950965721,0.29632964655725347,0.31388778124396177,0.38066424232748375,0.3307639812551685,0.2938250808038007,0.33876043009561035,0.36235157299804327,0.35830762345168987,0.3474811812260409,0.3133220204995162,0.3670184222759719,0.3655115111417221,0.32239160779427695,0.37699089747718934,0.36162434728885684,0.3404445836437455,0.4114414437802706,0.3471030543861988,0.30078217002865915,0.34929000006783584,0.3654042380545556,0.35434850573617677,0.33637299508360835,0.31223256546094724,0.33383437604096555,0.3431888562969327,0.28048874168578103,0.3020545396286435,0.32626372208893806,0.3505936759228697,0.34011260228428614,0.3466638952194498,0.35842743056152104,0.3241931601701532,0.3173519757667556,0.38043152337852554,0.3674458866056643,0.37529313094273675,0.41775852152669957,0.3057570224255669,0.37451287971693864,0.34903177614261727,0.3209635492915053,0.3320706237514389,0.2972031386648768,0.35208376703740824,0.31349264839439983,0.3207839642286143,0.3139359290944692,0.33350207852332964,0.2951633541031443,0.3086267085520863,0.33317530339380874,0.3273336580266365,0.3011575806000796,0.30322817275622926,0.31393004126703905,0.3335621786634927,0.33737564089546745,0.36579704902654064,0.3839610524487844,0.3371137804899412,0.35505366760104157,0.3457359536550994,0.2995990886757238,0.32722579182370815,0.34208621792961563,0.2979174851326715,0.3260349469048145,0.36220543747473327,0.3232852801514806,0.34094256899307934,0.32702613008616144,0.31070196266136596,0.2979846853414643,0.3502314488006991,0.3382586259816975,0.33124091506322384,0.4126960685353146,0.2871882799917953,0.30010806185748923,0.3206470958394976,0.34146562277731407,0.3636145942203008,0.3377572212719987,0.32827335451649386,0.32884007216976496,0.3134724222067058,0.3215332630509018,0.29660230578656877,0.3680562973887931,0.33185398228352614,0.3635216158144235,0.3196536570277271,0.3482967104052449,0.3503767759924138,0.3036008571336782,0.36094286774442064,0.3169680737365258,0.3061096747632225,0.3111251289417968,0.3471777293407463,0.3767096659130202,0.3717324112222259,0.3300308473789166,0.30304862983662334,0.37357839820010635,0.4097139185368378,0.3276511315090081,0.28827117053801327,0.3558980439642849,0.3564076133816624,0.32510024120616854,0.34646927759888413,0.3227110194223244,0.3513264293396491,0.35902039360432814,0.32107176423104944,0.35748415365194547,0.3626802510889703,0.331594531052088,0.396249344635761,0.2939058764532303,0.37372048599703445,0.33145902737811583,0.3453655502116604,0.29995651180394467,0.34174210341483446,0.3421766555126051,0.29261921652045264,0.32143113629347675,0.3482248208328383,0.33117281879080773,0.31559484213641237,0.3257809261628106,0.3038647324410886,0.3114901169203504,0.3738678837223206,0.34076320348618594
quoteservice,0.6298750909093087,0.6474169999994501,0.6915817058826204,0.6028865000004279,0.6394210000001692,1.5192526666668427,0.8552527857141285,0.7259061428562096,0.7543589999999843,0.6661569999999605,0.7194808749997889,0.5768203000000994,0.6620268461537342,0.5812604444443726,0.6317420833329379,0.663162875000836,0.6358109999994213,0.5945084545453586,0.708131000000056,0.5584182857139369,0.5884141666663444,0.6612529999997605,0.7160443043473962,0.815589583333671,0.5797241666666461,0.6571872500004474,2.463801437499697,0.680480499999635,0.7640989999990779,0.5645786818182924,0.6824009411772803,0.5753726363635369,0.664359999999598,0.6057200000009744,0.5892149285715667,0.5771772222228972,0.6743381666675532,0.6419243999997889,0.6272778333334751,0.6148684000000685,0.6415231250002194,0.846245363636895,0.7431554444444828,0.5750165999996171,NaN,0.6537641111107809,0.5762685714288571,0.6443962857146873,NaN,0.5530910000002791,0.68903171428568,0.5478487857139466,0.5234279999996387,0.6342559999995956,0.6388809999991736,0.5944771764701834,0.6946180000011282,0.6514904615384886,0.7405290000012883,0.8346714999999107,0.5657474444439382,0.5855806666668665,0.6228294444449097,0.6311154545445251,0.9269311818180458,0.6334159999992153,0.6823244400001749,0.6306108888890726,0.6411160000008554,1.4155516428568424,0.7664004666662853,0.7155790000010711,0.6169426666666108,0.6207449999988626,0.5869295714278451,0.682835399999658,0.6907480000011218,0.7040710000005674,0.5918620999999575,0.6128361600001608,0.7385214285706557,0.7009220000009009,0.8793173749997152,0.6753322999999909,0.5928017999993471,0.7375266363638854,0.6987481666665758,0.6168939090911697,0.8382080769236626,NaN,0.867389250000277,0.6208091428566799,0.6722919999999704,0.5636480000003228,0.5969552500001214,0.7207897999992611,0.5735350000003905,0.5510201249998374,0.7301340909080988,0.6663570000023356,0.7478235652174491,0.7880240999992794,0.6694281428567916,NaN,0.6272019999995077,0.6031794545457697,0.6540755333331465,0.6197834000001649,0.6928655999992998,0.9999322142858286,0.7382701000000452,0.8311892222218881,0.7057377999997926,0.903405090908915,0.6814590000008138,0.6342601818182423,0.7104455714282786,0.6993900000004487,0.5829456666667485,0.6139034999997441,1.614454384615923,0.7287379999997029,0.6477685000003021,0.5120380000001991,NaN,0.6734274666671355,0.6414196363630874,NaN,NaN,0.6393223636359215,0.5383221666665843,NaN,NaN,0.6185777999993889,0.5821399999997917,NaN,NaN,0.7063339999983782,0.6546212352943712,0.6338760000003276,0.889578374999644,0.6958829333336628,0.626764833333084,0.5436682727271835,0.6307287777769943,0.6483104999994566,0.7224342999998725,0.6238193333332825,NaN,0.6589435454540598,0.6921329999986483,0.7424789999990935,0.5299042222220073,0.6369789999985187,0.6098335789471141,0.5961792727269064,0.6285036923066996,NaN,0.6139352399997188,0.7078654615387537,0.6038887000001978,0.7260519999988446,1.1631692499996689,0.6850389999985964,0.7039995416667845,0.606626250000744,0.6079384545457329,0.9520998888887233,0.6417847692309282,0.602298727273137,0.6726617777773957,0.9320379999987836,0.7404783333336885,0.8383269166670478,1.0073344545452818,0.609754833333246,0.6135958181810525,0.6893805833329718,1.478385285714109,0.604570499999871,0.6744789090916005,0.8098254545453859,0.6452968333330015,2.8997477777775456,0.7786059999996269,1.70083609090933,0.6451311818177085,0.613940166667381,0.6054733076920317,0.5750496000003296,0.7784975833338876,1.1254954166666569,0.6515565000006709,0.5683553333334241,0.6938480000010259,0.6841433181816269,0.6829395384610717,0.765459000001556,0.651068250000128,0.6623393749996751,0.5213574375002139,0.6407982499997805,0.9936121111110577,0.530078125000415,NaN,0.6629689999979291,0.5508670769230373,0.6797754545460438,0.7311369999999897,0.6405468888890482,0.6259706249999795,0.7427399999992303,NaN,0.6227476874998104,NaN,NaN,0.5812760000002981,NaN,NaN,0.6272476923084189,0.5569449230771135,0.6613834444442294,0.6501779999997065,1.2729432500004805,0.6697024000006877,1.0993410909093613,1.571550090908762,0.7396076000003178,0.5405518749999203,0.6541229999996858,1.4141717000004064,0.8704231333334823,0.642583999999971,0.7281594166669455,0.6726867500004801,0.7736983999999666,0.757940333333598,0.6739739285709772,0.6465430666657085,0.7219019999974989,0.7761646499998278,0.8042860714281233,0.7110873636366829,0.8263432142859007,0.6325863846148492,0.7136780000009821,0.6933348095242092,0.5307377499999575,0.8032250000014756,0.6580488695641357,0.7462439999999333,1.5051621666660444,0.5880368181821765,0.653988307692456,0.5598623333334217,0.719350000001441,0.6146384444450633,0.6909079999975347,0.8844128461534566,0.6479943913041888,0.593748181817773,0.7254930000008812,0.5755766363629597,0.6579645000000767,0.6747899999998026,0.5875651250001965,1.2146014615387126,0.6448153999999022,0.6008720769231717,0.6133665714283519,0.5603658888888075,1.0506001249999883,0.6945699999996577,NaN,0.7804529999993974,0.7043898499998363,0.5960772222222456,1.0390018888886567,0.6832294545460875,0.6360440999993671,0.814575538461248,0.6151518333340391,0.8556550000018888,0.6983395714286108,0.6688644615386378,0.6466460000006009,0.597419565217004,0.6064099999999102,0.9450390625003422,NaN,0.7381970000012643,0.725578294117467,0.7402975294114907,NaN,0.5696546086956696,0.656933461538861,0.8335945000001743,0.7653639999987263,0.631897800000138,0.6193430714281314,0.6517099999989568,NaN,0.6114144000005808,0.6382470666667359
recommendationservice,NaN,NaN,NaN,NaN,NaN,NaN,NaN,NaN,NaN,NaN,NaN,NaN,NaN,NaN,NaN,NaN,NaN,NaN,NaN,NaN,NaN,NaN,NaN,NaN,NaN,NaN,NaN,NaN,NaN,NaN,NaN,NaN,NaN,NaN,NaN,NaN,NaN,NaN,NaN,NaN,NaN,NaN,NaN,NaN,NaN,NaN,NaN,NaN,NaN,NaN,NaN,NaN,NaN,NaN,NaN,NaN,NaN,NaN,NaN,NaN,NaN,NaN,NaN,NaN,NaN,NaN,NaN,NaN,NaN,NaN,NaN,NaN,NaN,NaN,NaN,NaN,NaN,NaN,NaN,NaN,NaN,NaN,NaN,NaN,NaN,NaN,NaN,NaN,NaN,NaN,NaN,NaN,NaN,NaN,NaN,NaN,NaN,NaN,NaN,NaN,NaN,NaN,NaN,NaN,NaN,NaN,NaN,NaN,NaN,NaN,NaN,NaN,NaN,NaN,NaN,NaN,NaN,NaN,NaN,NaN,NaN,NaN,NaN,NaN,NaN,NaN,NaN,NaN,NaN,NaN,NaN,NaN,NaN,NaN,NaN,NaN,NaN,NaN,NaN,NaN,NaN,NaN,NaN,NaN,NaN,NaN,NaN,NaN,NaN,NaN,NaN,NaN,NaN,NaN,NaN,NaN,NaN,NaN,NaN,NaN,NaN,NaN,NaN,NaN,NaN,NaN,NaN,NaN,NaN,NaN,NaN,NaN,NaN,NaN,NaN,NaN,NaN,NaN,NaN,NaN,NaN,NaN,NaN,NaN,NaN,NaN,NaN,NaN,NaN,NaN,NaN,NaN,NaN,NaN,NaN,NaN,NaN,NaN,NaN,NaN,NaN,NaN,NaN,NaN,NaN,NaN,NaN,NaN,NaN,NaN,NaN,NaN,NaN,NaN,NaN,NaN,NaN,NaN,NaN,NaN,NaN,NaN,NaN,NaN,NaN,NaN,NaN,NaN,NaN,NaN,NaN,NaN,NaN,NaN,NaN,NaN,NaN,NaN,NaN,NaN,NaN,NaN,NaN,NaN,NaN,NaN,NaN,NaN,NaN,NaN,NaN,NaN,NaN,NaN,NaN,NaN,NaN,NaN,NaN,NaN,NaN,NaN,NaN,NaN,NaN,NaN,NaN,NaN,NaN,NaN,NaN,NaN,NaN,NaN,NaN,NaN,NaN,NaN,NaN,NaN,NaN,NaN,NaN,NaN,NaN,NaN,NaN,NaN,NaN,NaN,NaN,NaN,NaN,NaN,NaN,NaN,NaN,NaN,NaN,NaN,NaN,NaN,NaN,NaN
shippingservice,11423.34312363626,12701.035878909153,88287.19398762507,19273.998356439115,45850.246678838965,8.330752555524972,23364.09341343945,12897.26134628503,5.100443333477491,25277.555210566872,44384.07475204175,80458.89901953295,50337.96230080082,13609.491330877463,35432.326351674805,38246.31088674999,110038.08978642794,72330.17235912487,45327.83136799965,40223.502898284605,94963.98755308356,7.03499700004818,13084.37235744694,67076.21354884564,46728.926090775916,29717.940227214112,16322.372509187511,48834.90695345601,52870.81641930004,103781.2373946642,69576.67986276491,82724.46685563588,9.240519285163568,54366.679529500594,71996.21968914299,31093.321746443733,6154.19931859926,9.523999000544233,38905.231056007455,32382.91133560006,6.8042530002929,9967.384711182116,35880.89697627673,53663.99021152751,NaN,31611.74937351386,30033.89010417939,81990.04388833336,NaN,5.675812500604849,30.852990428769235,39710.69292332408,34427.86910782216,4.638739999831614,19287.418863750983,42929.2943531,64417.65399338464,102440.0451556153,8.070099847557268,15569.018634714754,121989.64968744521,42573.87107093328,54768.48419677874,29468.509535181718,13687.782969916649,19898.459190230686,43271.12669817971,13698.313297111414,63661.45379311847,8.523590529008231,35627.7629685375,10069.611287800071,89786.88929834879,5535.620991474941,64229.33190450052,6513.940065908694,4.913434999637502,67062.38522939998,9.872685583038693,37298.66376618186,36010.60338214347,5.41636300331038,27873.774377803617,18590.168604333172,7.904174499247711,58185.388809909404,54356.728052258164,69476.55042934552,35844.61024733284,18689.091917928483,10063.242906909376,12.359614714197926,4.489603000642319,39406.59279879466,81505.81044401317,6.352324800633619,72770.49677924998,76806.8936830615,38378.05823190814,28329.693260199674,96286.20497757274,44084.59252858827,61540.16718233491,6.268841417497166,31473.231550299704,41566.83578926389,18058.813324132563,28337.325418653727,56584.31320825586,5840.970638417518,4631.322206301095,21274.07379897762,28774.91444676787,8.614412182245546,48700.87643273287,11.680337333992037,19389.127812248465,35808.80532874564,15684.401941928276,54068.59770147322,10.298550231565253,8.843062491581081,69987.42346449966,88682.3715230014,4.640117000023338,26660.92389668225,36222.196198981954,NaN,NaN,6.272326001773365,79161.10047716612,NaN,NaN,22585.152160200654,4.801881000205412,NaN,NaN,22827.52407082042,30744.811589321194,4.668354999255143,53183.60155250023,30437.02358973261,16549.716302416127,64292.4049337077,10932.372316309667,3100.1578482994587,46699.59182804534,71038.15799244383,NaN,13423.54960699339,NaN,33942.003618800685,75009.0709050989,64341.44462785622,11344.113156692312,10743.978113637215,18621.948785453635,79974.28119466566,109066.93924380023,4655.355604532222,74876.62324261153,19112.080366133625,61221.38591283695,25199.56694866036,50439.48694415261,50036.90433700019,37379.337126356506,8873.045697999949,4764.744793168714,80627.98477225397,6.090611199349359,48150.77288777892,18891.089866910872,6446.140175666793,70586.01897700017,29358.814454484924,1935.8171922430986,6312.292988076569,12.271230855956007,64898.680767188125,10676.266357999011,7.997281273132288,8.983347665110767,16.164914334892096,52496.58065827326,98035.15535941694,76182.82765438275,11373.239349584088,32774.06341056446,7.5140149998897785,40195.58793901574,52274.39708270376,30104.62402529497,44499.93200259772,7.870951500452084,61186.57517341606,22847.610870961365,9.293617033282409,81036.72591463603,10840.549155208088,55975.75606268677,44365.93949281779,4821.329523044199,14788.937083714232,5.017624004880872,23263.435281933896,104480.6071513646,9.64717781786112,NaN,NaN,7.389465537078061,NaN,NaN,17061.86223754597,4.644973003633595,NaN,61219.779781201716,NaN,NaN,26690.795722506813,31182.788846384192,37504.42639466713,44418.633580620735,10225.825072500462,5.211993833437267,53534.26806104632,12.92011154471069,3855.913177362942,137196.0767165722,40686.90392133322,1558.7675773630444,79674.46539621496,30787.073653287134,7.489202416596546,8.133926917791618,18828.47807679927,15101.539793084288,284.79648451561064,17557.134664200126,28356.5556809025,71537.13720610317,40187.12324209288,71142.32279409099,6.2329967337888625,66097.50351174876,7473.588216727621,41243.41766945419,41276.128973222585,22804.07368445424,92935.10164066663,4.713059666372146,42826.33861760057,10.642041704676702,29192.18802987246,84968.77230387526,56468.51622339975,NaN,16984.355651642007,77817.48762414293,17917.252330332343,41727.59504860733,9.894899998187157,8.448715456030289,9.528149247861137,4.341854001873003,6.601773623813244,57309.77855896369,29206.616623600952,42840.096328057436,65173.507007000575,67177.38570255572,62590.49010678154,44762.35849290084,NaN,6.200276112265404,44848.00503366557,38722.282087375876,7156.190589888998,5.01187818304437,10.625398702187727,8162.546467890705,10841.387918336028,20222.503754000027,60726.75119638858,33321.04673039322,23571.608282713903,112801.76264090188,8848.373805453668,17388.2836403739,4.706211011807454,6.503177330596726,85271.38275755304,30206.922016576216,4.79390199804493,47304.84223792732,21606.125007695,7.097546624713516,4.878382993595096,25409.7085338988,27848.884077857823,1798.8991493532665,NaN,4719.6189439002555,37657.4151480167
