accountingservice,40.68899999999849,38.93416666665871,40.67416470587897,45.21308571428277,52.71384499999986,53.17205714285955,52.150749999997785,44.389524999996866,42.4723888888871,58.34912499999883,42.11853157894802,50.448384615384455,45.24379999999863,55.318030769231534,61.96522500000356,49.01541666666162,23.890829999998097,87.49755000000005,47.09002499999527,49.96083333333809,48.38050000000658,45.68398333333365,42.8579421052602,42.75705000000016,45.22161666666701,52.82595294117859,41.51323333333453,53.47355625000273,53.89929333333469,34.63514999999825,47.695663636365104,62.78635454545888,62.588724999999606,58.512585714291035,31.847788888893167,53.26039999999921,60.68057272726914,44.45154166666665,52.02913333333709,34.37938000000431,65.42432857142661,62.25801875000252,68.97114285714426,49.79204000000028,71.53179999999702,65.00414999999703,55.032700000000965,57.31375714285656,62.1465153846142,55.61027499999909,59.11531111111011,55.35042142857024,46.39229999999588,47.28182499999093,71.19280000000435,46.76774117647095,48.11003333333065,51.27420909091068,50.10227499999928,35.069499999992935,48.81190833333434,43.987707692310394,52.33236249999755,47.58249999999923,50.607358823530376,56.23032727272683,42.81064705882282,43.64366666666724,67.16335000000254,60.96826875000261,55.50925882352749,47.1928818181808,56.900510000000935,40.612299999998264,54.96724705882405,54.890876923078814,42.30279166666636,62.70660769230633,48.39711111111036,61.72173999999941,51.673850000006496,78.71321250000256,43.036779999996845,62.53558124999654,41.178985714280444,44.59793076922562,41.03324444444216,36.825557142857825,38.63261818181755,57.54797499999767,51.8272882352946,45.22452000000048,44.664542857139686,41.06319333333134,49.32379230769136,41.66553999999887,43.50480833333374,50.50261249999858,51.67179374999796,53.94142222222419,63.29217777777942,46.2682666666644,44.00762500000201,58.689033333335026,52.146470000004044,68.97994999999719,46.30094444444856,53.799737500001356,47.08421666666739,46.21938461538342,50.71550714286319,39.073436363639885,48.82412499999919,41.27918333332976,66.7856428571457,56.26934545454622,60.96488181817801,50.77565714285136,57.17131428571052,37.56813076923181,39.33505833333038,46.32661875000122,42.83142727272934,54.07426923076855,38.525233333335365,42.28352499999892,54.1456352941168,40.473113333334915,47.412576923077445,54.3014249999942,52.590260000003035,51.56711818181793,61.609283333331405,56.05988571428766,56.723962500000205,51.88986666666461,45.423449999999626,57.04125833333334,60.62925454545554,45.34223846153608,54.6351799999975,49.660535294115746,62.50163846153569,56.20614545453943,49.06150000000052,42.990057142850546,57.38819090909038,50.169749999998025,47.68448666666713,56.941966666665394,53.21044285714327,50.92569999999833,43.841900000002866,57.11013000000385,53.4772750000011,47.485719999996945,38.82464999999501,53.14174000000348,49.331515384618584,55.15917692307938,40.15094545455015,56.68412666666554,49.61429999998654,53.858077777782455,37.49336666667498,56.138966666670356,50.42127500000545,55.23344166666599,48.2778647058842,50.422872222212995,44.67370000000599,36.25892142856693,34.013216666663844,60.51595333333437,66.51717142858044,56.843784615384024,30.36342222222851,58.87432999999728,47.13500909091355,58.68630000000121,71.6652000000031,56.971275000003516,58.57126250000146,58.783539999998176,48.623716666663924,47.26361111110438,45.65479374999268,49.400250000000234,49.50684375000856,47.0065692307723,49.5532916666707,57.69137692307749,47.827433333339286,42.521015384615076,58.26995333333422,55.31684615384662,54.86928181818538,49.68074999999468,64.89013333334394,58.92653333333631,37.631744444441416,54.57173333333857,40.52929000000004,54.75812222221349,42.28611818181922,39.619031578951855,41.242776923069655,56.36539999999028,48.96090999999432,43.75801111111004,45.943712499996764,58.35460000000506,60.24319999999716,31.946916666657973,42.53747500000173,55.11485833333669,55.92702727273255,41.51797857143434,53.78722727273337,44.66674999999426,49.86019999999553,37.36754999999903,68.03145384615233,51.355879999999885,42.213664285713875,54.58920909090772,46.60596666665515,46.2790583333311,59.67742500000167,47.159539999999105,50.2022083333383,47.63721818182702,54.284930000000166,44.551477777778125,50.36165999999503,54.196161538461006,55.26153333333139,44.14502999999677,47.220133333327894,48.33400000000838,55.88561999999801,49.61898500000243,33.27992499999042,55.771762500000484,56.25653000000166,49.232919999997826,48.68534444444554,54.673941666667815,59.01784999999654,53.97992499999964,49.996386666658026,50.54428461537911,57.28362105263238,56.14731538461414,46.9471249999915,65.20538999998826,41.52516249999826,68.64316666666936,52.6962866666688,50.2348857142871,61.88737777778361,48.704618750005466,37.31628461538528,48.93689374999303,55.67468181817623,41.46181875000184,49.34236666666887,46.30354545455405,48.33681428572163,44.466560000000754,35.0339416666587,50.992599999997765,48.899906249997,39.724359999992885,50.0851800000004,48.43191304347862,41.3296999999972,47.86979999999231,53.002800000002026,40.35181666667147,52.59228750001057,63.24004285713557,50.39083750000282,45.21664545454338,44.47244615384485,53.98218749999796,53.7043923076887,23.08813750000263,34.006942857140004,59.84243333333385,40.37459090908735,39.240066666670224,57.28571428571844,57.00970000000234,51.28176250000252,43.95093999999808,33.071374999999534,50.21164999998291,58.41625833333333,39.457269230767935,51.77726666665209,50.08495454545747,37.09995625000374
adservice,NaN,NaN,NaN,NaN,NaN,NaN,NaN,NaN,NaN,NaN,NaN,NaN,NaN,NaN,NaN,NaN,NaN,NaN,NaN,NaN,NaN,NaN,NaN,NaN,NaN,NaN,NaN,NaN,NaN,NaN,NaN,NaN,NaN,NaN,NaN,NaN,NaN,NaN,NaN,NaN,NaN,NaN,NaN,NaN,NaN,NaN,NaN,NaN,NaN,NaN,NaN,NaN,NaN,NaN,NaN,NaN,NaN,NaN,NaN,NaN,NaN,NaN,NaN,NaN,NaN,NaN,NaN,NaN,NaN,NaN,NaN,NaN,NaN,NaN,NaN,NaN,NaN,NaN,NaN,NaN,NaN,NaN,NaN,NaN,NaN,NaN,NaN,NaN,NaN,NaN,NaN,NaN,NaN,NaN,NaN,NaN,NaN,NaN,NaN,NaN,NaN,NaN,NaN,NaN,NaN,NaN,NaN,NaN,NaN,NaN,NaN,NaN,NaN,NaN,NaN,NaN,NaN,NaN,NaN,NaN,NaN,NaN,NaN,NaN,NaN,NaN,NaN,NaN,NaN,NaN,NaN,NaN,NaN,NaN,NaN,NaN,NaN,NaN,NaN,NaN,NaN,NaN,NaN,NaN,NaN,NaN,NaN,NaN,NaN,NaN,NaN,NaN,NaN,NaN,NaN,NaN,NaN,NaN,NaN,NaN,NaN,NaN,NaN,NaN,NaN,NaN,NaN,NaN,NaN,NaN,NaN,NaN,NaN,NaN,NaN,NaN,NaN,NaN,NaN,NaN,NaN,NaN,NaN,NaN,NaN,NaN,NaN,NaN,NaN,NaN,NaN,NaN,NaN,NaN,NaN,NaN,NaN,NaN,NaN,NaN,NaN,NaN,NaN,NaN,NaN,NaN,NaN,NaN,NaN,NaN,NaN,NaN,NaN,NaN,NaN,NaN,NaN,NaN,NaN,NaN,NaN,NaN,NaN,NaN,NaN,NaN,NaN,NaN,NaN,NaN,NaN,NaN,NaN,NaN,NaN,NaN,NaN,NaN,NaN,NaN,NaN,NaN,NaN,NaN,NaN,NaN,NaN,NaN,NaN,NaN,NaN,NaN,NaN,NaN,NaN,NaN,NaN,NaN,NaN,NaN,NaN,NaN,NaN,NaN,NaN,NaN,NaN,NaN,NaN,NaN,NaN,NaN,NaN,NaN,NaN,NaN,NaN,NaN,NaN,NaN,NaN,NaN,NaN,NaN,NaN,NaN,NaN,NaN,NaN,NaN,NaN,NaN,NaN,NaN,NaN,NaN,NaN,NaN,NaN,NaN,NaN,NaN,NaN
cartservice,NaN,NaN,NaN,NaN,NaN,NaN,NaN,NaN,NaN,NaN,NaN,NaN,NaN,NaN,NaN,NaN,NaN,NaN,NaN,NaN,NaN,NaN,NaN,NaN,NaN,NaN,NaN,NaN,NaN,NaN,NaN,NaN,NaN,NaN,NaN,NaN,NaN,NaN,NaN,NaN,NaN,NaN,NaN,NaN,NaN,NaN,NaN,NaN,NaN,NaN,NaN,NaN,NaN,NaN,NaN,NaN,NaN,NaN,NaN,NaN,NaN,NaN,NaN,NaN,NaN,NaN,NaN,NaN,NaN,NaN,NaN,NaN,NaN,NaN,NaN,NaN,NaN,NaN,NaN,NaN,NaN,NaN,NaN,NaN,NaN,NaN,NaN,NaN,NaN,NaN,NaN,NaN,NaN,NaN,NaN,NaN,NaN,NaN,NaN,NaN,NaN,NaN,NaN,NaN,NaN,NaN,NaN,NaN,NaN,NaN,NaN,NaN,NaN,NaN,NaN,NaN,NaN,NaN,NaN,NaN,NaN,NaN,NaN,NaN,NaN,NaN,NaN,NaN,NaN,NaN,NaN,NaN,NaN,NaN,NaN,NaN,NaN,NaN,NaN,NaN,NaN,NaN,NaN,NaN,NaN,NaN,NaN,NaN,NaN,NaN,NaN,NaN,NaN,NaN,NaN,NaN,NaN,NaN,NaN,NaN,NaN,NaN,NaN,NaN,NaN,NaN,NaN,NaN,NaN,NaN,NaN,NaN,NaN,NaN,NaN,NaN,NaN,NaN,NaN,NaN,NaN,NaN,NaN,NaN,NaN,NaN,NaN,NaN,NaN,NaN,NaN,NaN,NaN,NaN,NaN,NaN,NaN,NaN,NaN,NaN,NaN,NaN,NaN,NaN,NaN,NaN,NaN,NaN,NaN,NaN,NaN,NaN,NaN,NaN,NaN,NaN,NaN,NaN,NaN,NaN,NaN,NaN,NaN,NaN,NaN,NaN,NaN,NaN,NaN,NaN,NaN,NaN,NaN,NaN,NaN,NaN,NaN,NaN,NaN,NaN,NaN,NaN,NaN,NaN,NaN,NaN,NaN,NaN,NaN,NaN,NaN,NaN,NaN,NaN,NaN,NaN,NaN,NaN,NaN,NaN,NaN,NaN,NaN,NaN,NaN,NaN,NaN,NaN,NaN,NaN,NaN,NaN,NaN,NaN,NaN,NaN,NaN,NaN,NaN,NaN,NaN,NaN,NaN,NaN,NaN,NaN,NaN,NaN,NaN,NaN,NaN,NaN,NaN,NaN,NaN,NaN,NaN,NaN,NaN,NaN,NaN,NaN,NaN
checkoutservice,NaN,NaN,NaN,NaN,NaN,NaN,NaN,NaN,NaN,NaN,NaN,NaN,NaN,NaN,NaN,NaN,NaN,NaN,NaN,NaN,NaN,NaN,NaN,NaN,NaN,NaN,NaN,NaN,NaN,NaN,NaN,NaN,NaN,NaN,NaN,NaN,NaN,NaN,NaN,NaN,NaN,NaN,NaN,NaN,NaN,NaN,NaN,NaN,NaN,NaN,NaN,NaN,NaN,NaN,NaN,NaN,NaN,NaN,NaN,NaN,NaN,NaN,NaN,NaN,NaN,NaN,NaN,NaN,NaN,NaN,NaN,NaN,NaN,NaN,NaN,NaN,NaN,NaN,NaN,NaN,NaN,NaN,NaN,NaN,NaN,NaN,NaN,NaN,NaN,NaN,NaN,NaN,NaN,NaN,NaN,NaN,NaN,NaN,NaN,NaN,NaN,NaN,NaN,NaN,NaN,NaN,NaN,NaN,NaN,NaN,NaN,NaN,NaN,NaN,NaN,NaN,NaN,NaN,NaN,NaN,NaN,NaN,NaN,NaN,NaN,NaN,NaN,NaN,NaN,NaN,NaN,NaN,NaN,NaN,NaN,NaN,NaN,NaN,NaN,NaN,NaN,NaN,NaN,NaN,NaN,NaN,NaN,NaN,NaN,NaN,NaN,NaN,NaN,NaN,NaN,NaN,NaN,NaN,NaN,NaN,NaN,NaN,NaN,NaN,NaN,NaN,NaN,NaN,NaN,NaN,NaN,NaN,NaN,NaN,NaN,NaN,NaN,NaN,NaN,NaN,NaN,NaN,NaN,NaN,NaN,NaN,NaN,NaN,NaN,NaN,NaN,NaN,NaN,NaN,NaN,NaN,NaN,NaN,NaN,NaN,NaN,NaN,NaN,NaN,NaN,NaN,NaN,NaN,NaN,NaN,NaN,NaN,NaN,NaN,NaN,NaN,NaN,NaN,NaN,NaN,NaN,NaN,NaN,NaN,NaN,NaN,NaN,NaN,NaN,NaN,NaN,NaN,NaN,NaN,NaN,NaN,NaN,NaN,NaN,NaN,NaN,NaN,NaN,NaN,NaN,NaN,NaN,NaN,NaN,NaN,NaN,NaN,NaN,NaN,NaN,NaN,NaN,NaN,NaN,NaN,NaN,NaN,NaN,NaN,NaN,NaN,NaN,NaN,NaN,NaN,NaN,NaN,NaN,NaN,NaN,NaN,NaN,NaN,NaN,NaN,NaN,NaN,NaN,NaN,NaN,NaN,NaN,NaN,NaN,NaN,NaN,NaN,NaN,NaN,NaN,NaN,NaN,NaN,NaN,NaN,NaN,NaN,NaN
currencyservice,7.24216479275637,7.481325002970541,7.720660123294914,7.346985406254097,7.406858549662451,8.090063411620097,7.860246934106245,8.094545261942363,7.6763517161823245,7.1899964569692525,7.379034750558381,7.976895932668287,8.598922643859277,8.205272907025428,7.487323069960088,7.883077205512208,7.543627346565269,7.628846354100826,7.511271501343561,7.36457283020475,7.442034303873301,7.623707660036169,7.7036609135952,7.691050236587385,7.549668920295005,6.940064541423688,7.711386554271321,7.434270331481329,7.40139755017154,7.720512337796448,7.429371406305166,7.262567095138369,7.456608916687835,7.415220068383967,7.605086991892243,7.55450393004066,7.5760823885900646,7.575772254651007,7.845664047456825,7.824255301572311,26.739837790835153,7.337059066150944,7.030290596912039,7.527522749741461,7.953299936863262,7.67867997959916,7.333904054380864,7.6185782446967005,7.606030268679466,7.18825614480769,7.109161792969269,7.809542860636844,7.918482122089038,7.31761234667681,7.563032665099487,8.244196491076108,7.614255395003488,7.085628663768678,7.4959565368570225,7.575308107102391,8.177137604652376,7.521751743332468,7.881384871319681,7.468090932584606,7.914379563692958,7.315995742922497,7.576255733832381,7.606650418451395,7.868233109706884,7.792941252967088,7.680293206880789,7.910750125156616,8.085351791939122,7.7214971334522104,7.170352323005163,7.537576766716535,7.565478771357061,7.935856043615633,7.406715321049279,7.5008445115534235,8.071592294870763,7.564478937658439,7.6070826569232235,7.417842593085496,7.679788897831632,7.677018454880128,7.553973136160402,7.379840037366548,7.985246589727842,7.195268233144144,7.409912648918843,7.444259540156102,7.502625544250289,7.124891009723763,7.760894711046383,7.168274400892793,7.652932008540386,8.045094937901956,7.494115782568366,7.447133888698698,7.877778228637538,7.776404278919962,7.9750321313223935,7.217306540203089,7.704083216437413,7.533704782249373,8.034445472998115,7.858256118129129,7.279502772875409,7.2591421107249445,8.048605359410358,7.9242437122344045,7.340300198613856,7.789653817337402,7.594745497980063,7.586815781078053,7.110467357290236,7.5677120867902925,8.007243373919541,8.12823624171397,8.092601673954944,7.377405966570953,7.553879302758675,7.806452993074906,7.220256812643326,7.740614272602972,7.041662172174789,7.771916262324865,7.110975819353653,7.608425162909613,8.010966300916747,7.103259560041082,7.4483124116441015,7.720651705780984,7.759618560508192,7.420518749153171,7.5327221696184345,7.57485872701997,7.396458428807646,7.833418554334546,9.909963405261244,7.545821518311172,7.439000673607421,7.009806097607688,7.74076989554186,7.870733696541938,7.767876591057091,7.556565501025606,7.513637629227178,7.918481688377798,7.843612426649507,7.8291658691910255,7.502179883613955,7.5215061980367715,7.056406520253123,8.14713545283903,7.694445512010947,7.8863518761869384,7.657797952881495,7.699399580629962,7.511461756745392,7.905361893506852,6.731999799033346,8.152752218500673,6.84142449535835,7.7985003962758475,7.214683014243011,7.58592572770028,7.308935805165623,7.912738335832615,7.314487527245733,8.128048275387814,7.547559546037176,7.509225698079058,7.62436041061903,7.355991891575361,8.064910231610437,7.377076847822051,7.3539899122620795,7.1326455993536015,7.553933425258192,7.742370544942276,7.707447963032502,7.808904458102042,7.769140515178044,7.792248223093665,7.637897519036667,7.603937513892012,7.080989310604895,7.0931861467908774,7.47872608894453,7.334091779767877,7.7766500202974385,7.52988687252981,7.586338393997888,7.405815115828432,7.402648134603246,7.998083841339676,7.426050153413247,7.600433896192529,7.557031881466759,7.310252355819526,7.529804843350869,7.6271313622180745,7.366000446316411,7.319134313495237,7.367752038731398,8.112123243859976,7.867326157109325,8.142404159642098,7.999788603403029,7.4268288262229785,7.978969355913563,8.026901588040356,7.243603728741397,7.937701321160292,7.87447714509209,7.705062895216858,7.680407271706372,13.837894417615953,7.386703713806977,7.631884271049634,7.869109007758604,7.862117052917605,7.347769642484325,7.563318972382849,7.040122300458636,7.030524931485347,7.60540547599279,7.94526072419052,7.565877075382453,7.680842990262666,7.810551040997966,7.057834903225055,7.182965564826725,7.154332620746741,7.714374607743947,8.116400186577614,7.450582194481807,7.4133400705559005,7.65424325980339,7.385832850849114,7.479378462104952,7.194943825563238,7.949661055042363,8.049519361083416,7.633094731875734,7.082127956331041,8.089435381325167,7.897557656777163,7.508523171215567,7.5386308814032255,7.264240127980344,7.585584376925656,8.30184156404661,7.239499551600205,7.726664763432193,7.538934561588533,7.207835405313486,7.521567545571803,7.58220106241389,7.384521292109296,7.773795917425608,7.4978265480855715,7.641887386933854,7.894596696684684,7.574911900783665,8.101245198033965,7.474085920395594,7.079100347956221,7.473975801003878,7.515273969169955,7.267940648890094,7.6345813374373055,7.456650291707804,7.488988888882363,7.241623615961746,7.421040844143471,6.947267029406353,7.527458052914365,7.511109971711145,7.955617634097525,7.665094701328568,7.4276994921226125,7.414498882223832,7.654197926898832,7.422979031463978,7.581243637408761,7.694133452222461,7.825724183587777,7.86271273043689,7.9714692094765285,7.713333796315266,8.325146939892027,7.8731434971936505,7.4977243810556935,7.315143663361891,8.855915352524047,7.969793389503028,7.858428661004718,7.80239327270124,7.593857517863251,8.396128596219421
emailservice,NaN,NaN,NaN,NaN,NaN,NaN,NaN,NaN,NaN,NaN,NaN,NaN,NaN,NaN,NaN,NaN,NaN,NaN,NaN,NaN,NaN,NaN,NaN,NaN,NaN,NaN,NaN,NaN,NaN,NaN,NaN,NaN,NaN,NaN,NaN,NaN,NaN,NaN,NaN,NaN,NaN,NaN,NaN,NaN,NaN,NaN,NaN,NaN,NaN,NaN,NaN,NaN,NaN,NaN,NaN,NaN,NaN,NaN,NaN,NaN,NaN,NaN,NaN,NaN,NaN,NaN,NaN,NaN,NaN,NaN,NaN,NaN,NaN,NaN,NaN,NaN,NaN,NaN,NaN,NaN,NaN,NaN,NaN,NaN,NaN,NaN,NaN,NaN,NaN,NaN,NaN,NaN,NaN,NaN,NaN,NaN,NaN,NaN,NaN,NaN,NaN,NaN,NaN,NaN,NaN,NaN,NaN,NaN,NaN,NaN,NaN,NaN,NaN,NaN,NaN,NaN,NaN,NaN,NaN,NaN,NaN,NaN,NaN,NaN,NaN,NaN,NaN,NaN,NaN,NaN,NaN,NaN,NaN,NaN,NaN,NaN,NaN,NaN,NaN,NaN,NaN,NaN,NaN,NaN,NaN,NaN,NaN,NaN,NaN,NaN,NaN,NaN,NaN,NaN,NaN,NaN,NaN,NaN,NaN,NaN,NaN,NaN,NaN,NaN,NaN,NaN,NaN,NaN,NaN,NaN,NaN,NaN,NaN,NaN,NaN,NaN,NaN,NaN,NaN,NaN,NaN,NaN,NaN,NaN,NaN,NaN,NaN,NaN,NaN,NaN,NaN,NaN,NaN,NaN,NaN,NaN,NaN,NaN,NaN,NaN,NaN,NaN,NaN,NaN,NaN,NaN,NaN,NaN,NaN,NaN,NaN,NaN,NaN,NaN,NaN,NaN,NaN,NaN,NaN,NaN,NaN,NaN,NaN,NaN,NaN,NaN,NaN,NaN,NaN,NaN,NaN,NaN,NaN,NaN,NaN,NaN,NaN,NaN,NaN,NaN,NaN,NaN,NaN,NaN,NaN,NaN,NaN,NaN,NaN,NaN,NaN,NaN,NaN,NaN,NaN,NaN,NaN,NaN,NaN,NaN,NaN,NaN,NaN,NaN,NaN,NaN,NaN,NaN,NaN,NaN,NaN,NaN,NaN,NaN,NaN,NaN,NaN,NaN,NaN,NaN,NaN,NaN,NaN,NaN,NaN,NaN,NaN,NaN,NaN,NaN,NaN,NaN,NaN,NaN,NaN,NaN,NaN,NaN,NaN,NaN,NaN,NaN,NaN
flagd,NaN,NaN,NaN,NaN,NaN,NaN,NaN,NaN,NaN,NaN,NaN,NaN,NaN,NaN,NaN,NaN,NaN,NaN,NaN,NaN,NaN,NaN,NaN,NaN,NaN,NaN,NaN,NaN,NaN,NaN,NaN,NaN,NaN,NaN,NaN,NaN,NaN,NaN,NaN,NaN,NaN,NaN,NaN,NaN,NaN,NaN,NaN,NaN,NaN,NaN,NaN,NaN,NaN,NaN,NaN,NaN,NaN,NaN,NaN,NaN,NaN,NaN,NaN,NaN,NaN,NaN,NaN,NaN,NaN,NaN,NaN,NaN,NaN,NaN,NaN,NaN,NaN,NaN,NaN,NaN,NaN,NaN,NaN,NaN,NaN,NaN,NaN,NaN,NaN,NaN,NaN,NaN,NaN,NaN,NaN,NaN,NaN,NaN,NaN,NaN,NaN,NaN,NaN,NaN,NaN,NaN,NaN,NaN,NaN,NaN,NaN,NaN,NaN,NaN,NaN,NaN,NaN,NaN,NaN,NaN,NaN,NaN,NaN,NaN,NaN,NaN,NaN,NaN,NaN,NaN,NaN,NaN,NaN,NaN,NaN,NaN,NaN,NaN,NaN,NaN,NaN,NaN,NaN,NaN,NaN,NaN,NaN,NaN,NaN,NaN,NaN,NaN,NaN,NaN,NaN,NaN,NaN,NaN,NaN,NaN,NaN,NaN,NaN,NaN,NaN,NaN,NaN,NaN,NaN,NaN,NaN,NaN,NaN,NaN,NaN,NaN,NaN,NaN,NaN,NaN,NaN,NaN,NaN,NaN,NaN,NaN,NaN,NaN,NaN,NaN,NaN,NaN,NaN,NaN,NaN,NaN,NaN,NaN,NaN,NaN,NaN,NaN,NaN,NaN,NaN,NaN,NaN,NaN,NaN,NaN,NaN,NaN,NaN,NaN,NaN,NaN,NaN,NaN,NaN,NaN,NaN,NaN,NaN,NaN,NaN,NaN,NaN,NaN,NaN,NaN,NaN,NaN,NaN,NaN,NaN,NaN,NaN,NaN,NaN,NaN,NaN,NaN,NaN,NaN,NaN,NaN,NaN,NaN,NaN,NaN,NaN,NaN,NaN,NaN,NaN,NaN,NaN,NaN,NaN,NaN,NaN,NaN,NaN,NaN,NaN,NaN,NaN,NaN,NaN,NaN,NaN,NaN,NaN,NaN,NaN,NaN,NaN,NaN,NaN,NaN,NaN,NaN,NaN,NaN,NaN,NaN,NaN,NaN,NaN,NaN,NaN,NaN,NaN,NaN,NaN,NaN,NaN,NaN,NaN,NaN,NaN,NaN,NaN
frauddetectionservice,NaN,NaN,NaN,NaN,NaN,NaN,NaN,NaN,NaN,NaN,NaN,NaN,NaN,NaN,NaN,NaN,NaN,NaN,NaN,NaN,NaN,NaN,NaN,NaN,NaN,NaN,NaN,NaN,NaN,NaN,NaN,NaN,NaN,NaN,NaN,NaN,NaN,NaN,NaN,NaN,NaN,NaN,NaN,NaN,NaN,NaN,NaN,NaN,NaN,NaN,NaN,NaN,NaN,NaN,NaN,NaN,NaN,NaN,NaN,NaN,NaN,NaN,NaN,NaN,NaN,NaN,NaN,NaN,NaN,NaN,NaN,NaN,NaN,NaN,NaN,NaN,NaN,NaN,NaN,NaN,NaN,NaN,NaN,NaN,NaN,NaN,NaN,NaN,NaN,NaN,NaN,NaN,NaN,NaN,NaN,NaN,NaN,NaN,NaN,NaN,NaN,NaN,NaN,NaN,NaN,NaN,NaN,NaN,NaN,NaN,NaN,NaN,NaN,NaN,NaN,NaN,NaN,NaN,NaN,NaN,NaN,NaN,NaN,NaN,NaN,NaN,NaN,NaN,NaN,NaN,NaN,NaN,NaN,NaN,NaN,NaN,NaN,NaN,NaN,NaN,NaN,NaN,NaN,NaN,NaN,NaN,NaN,NaN,NaN,NaN,NaN,NaN,NaN,NaN,NaN,NaN,NaN,NaN,NaN,NaN,NaN,NaN,NaN,NaN,NaN,NaN,NaN,NaN,NaN,NaN,NaN,NaN,NaN,NaN,NaN,NaN,NaN,NaN,NaN,NaN,NaN,NaN,NaN,NaN,NaN,NaN,NaN,NaN,NaN,NaN,NaN,NaN,NaN,NaN,NaN,NaN,NaN,NaN,NaN,NaN,NaN,NaN,NaN,NaN,NaN,NaN,NaN,NaN,NaN,NaN,NaN,NaN,NaN,NaN,NaN,NaN,NaN,NaN,NaN,NaN,NaN,NaN,NaN,NaN,NaN,NaN,NaN,NaN,NaN,NaN,NaN,NaN,NaN,NaN,NaN,NaN,NaN,NaN,NaN,NaN,NaN,NaN,NaN,NaN,NaN,NaN,NaN,NaN,NaN,NaN,NaN,NaN,NaN,NaN,NaN,NaN,NaN,NaN,NaN,NaN,NaN,NaN,NaN,NaN,NaN,NaN,NaN,NaN,NaN,NaN,NaN,NaN,NaN,NaN,NaN,NaN,NaN,NaN,NaN,NaN,NaN,NaN,NaN,NaN,NaN,NaN,NaN,NaN,NaN,NaN,NaN,NaN,NaN,NaN,NaN,NaN,NaN,NaN,NaN,NaN,NaN,NaN,NaN
frontend,NaN,NaN,NaN,NaN,NaN,NaN,NaN,NaN,NaN,NaN,NaN,NaN,NaN,NaN,NaN,NaN,NaN,NaN,NaN,NaN,NaN,NaN,NaN,NaN,NaN,NaN,NaN,NaN,NaN,NaN,NaN,NaN,NaN,NaN,NaN,NaN,NaN,NaN,NaN,NaN,NaN,NaN,NaN,NaN,NaN,NaN,NaN,NaN,NaN,NaN,NaN,NaN,NaN,NaN,NaN,NaN,NaN,NaN,NaN,NaN,NaN,NaN,NaN,NaN,NaN,NaN,NaN,NaN,NaN,NaN,NaN,NaN,NaN,NaN,NaN,NaN,NaN,NaN,NaN,NaN,NaN,NaN,NaN,NaN,NaN,NaN,NaN,NaN,NaN,NaN,NaN,NaN,NaN,NaN,NaN,NaN,NaN,NaN,NaN,NaN,NaN,NaN,NaN,NaN,NaN,NaN,NaN,NaN,NaN,NaN,NaN,NaN,NaN,NaN,NaN,NaN,NaN,NaN,NaN,NaN,NaN,NaN,NaN,NaN,NaN,NaN,NaN,NaN,NaN,NaN,NaN,NaN,NaN,NaN,NaN,NaN,NaN,NaN,NaN,NaN,NaN,NaN,NaN,NaN,NaN,NaN,NaN,NaN,NaN,NaN,NaN,NaN,NaN,NaN,NaN,NaN,NaN,NaN,NaN,NaN,NaN,NaN,NaN,NaN,NaN,NaN,NaN,NaN,NaN,NaN,NaN,NaN,NaN,NaN,NaN,NaN,NaN,NaN,NaN,NaN,NaN,NaN,NaN,NaN,NaN,NaN,NaN,NaN,NaN,NaN,NaN,NaN,NaN,NaN,NaN,NaN,NaN,NaN,NaN,NaN,NaN,NaN,NaN,NaN,NaN,NaN,NaN,NaN,NaN,NaN,NaN,NaN,NaN,NaN,NaN,NaN,NaN,NaN,NaN,NaN,NaN,NaN,NaN,NaN,NaN,NaN,NaN,NaN,NaN,NaN,NaN,NaN,NaN,NaN,NaN,NaN,NaN,NaN,NaN,NaN,NaN,NaN,NaN,NaN,NaN,NaN,NaN,NaN,NaN,NaN,NaN,NaN,NaN,NaN,NaN,NaN,NaN,NaN,NaN,NaN,NaN,NaN,NaN,NaN,NaN,NaN,NaN,NaN,NaN,NaN,NaN,NaN,NaN,NaN,NaN,NaN,NaN,NaN,NaN,NaN,NaN,NaN,NaN,NaN,NaN,NaN,NaN,NaN,NaN,NaN,NaN,NaN,NaN,NaN,NaN,NaN,NaN,NaN,NaN,NaN,NaN,NaN,NaN
frontend-web,724.504650861794,744.4386185864252,806.6011654452592,816.261345999591,728.7999228567509,805.5114698633364,800.2053878902911,809.8921290911974,781.6917322799295,750.2865291029511,742.9233613117157,803.6198087320706,824.9119260838693,797.921775932074,758.9241971968028,739.9217338781646,766.1379406839973,811.557032042094,745.3042571836303,797.7930753611979,777.6745577060124,736.2522716012041,793.0524771847739,806.9939940879641,743.1276876610639,776.1512202684636,759.3665075673379,740.0688898114677,733.8974356025207,767.6325506453979,821.9818961167597,768.5309762263162,787.5270724960294,752.2928255699229,809.6405463011405,797.4830094389881,780.1158649266114,732.7592324470554,711.9393711110647,792.9394789998735,740.7085137457585,745.0645153808647,734.2921759864704,790.7811784925377,835.0818621478314,812.3765767358061,752.4836684822944,805.1419599649265,748.864740724129,739.3014414178189,736.0684553973683,732.9495074753876,762.3619525877446,804.4915243634748,800.0641912032775,802.3186295409412,750.8834226423002,720.553327755507,718.6536273608364,794.8546029079498,802.3904862923966,812.782392123404,786.2055272971612,796.2840713848985,792.6777272988826,768.4975918300787,745.746863472657,796.1615187978913,755.2661216627162,751.2200244734825,779.2464525514446,792.2005289825772,810.4143737736499,783.248155642136,727.6841703186994,744.0265766249607,791.6181421695234,803.4310692103924,759.316225707725,777.7542029901288,737.6994949693427,718.1523357528156,754.7068738572842,786.0828211665569,740.563365327368,744.6989229634116,785.9980889398275,783.432081218456,820.9076408739302,758.658431869604,782.4338459258291,768.5549918634623,767.2419434288722,803.4426277730445,813.8332616871304,792.6505005413984,733.0651680768818,728.9917683977972,784.3309725307388,751.3618935460244,754.1087236015013,798.4513755698727,716.2117301345828,739.3573374959334,726.1802136467851,731.0720479813784,780.2094698751874,763.1715933649452,747.0959082094812,770.4748413284989,783.8613305387472,774.10802318184,781.2564268098674,760.1838816546681,748.6117873203486,739.0736631741403,735.9313186679353,698.3913000615837,724.1761304696695,806.8032183317823,785.5833389463943,735.0963913989067,793.1650654357626,812.4646332944212,787.4348011171187,797.4801947313649,809.3400910054129,752.2297260707347,751.1348580963818,788.9235386071261,787.2836728422387,733.347550113377,755.2172807411814,795.3615928111402,797.8958884632606,798.043167241931,745.5196606416953,758.5898586061761,750.4417486780146,751.4073027100129,747.0417677059013,766.0251932574614,795.5209220224863,807.4374856153355,743.6660805163459,748.8232289154332,804.1100368405242,783.7294516276703,727.318702571268,807.0663027717964,799.1107393073929,775.3180691016466,769.2909883396997,781.261008503184,718.0116891278235,751.9540103183161,766.5003756403619,771.0245992646747,767.620032506843,750.4132406826848,798.8860607213809,823.1523920058905,721.8804414464478,728.2232479171363,793.3340173728243,792.1408527093308,804.8111033998822,788.221139225081,795.6996449474232,777.0606406326024,739.6598101454357,754.3354133615907,737.2482701594321,716.3687563376913,814.5423576638278,802.4393718415072,800.2855616272332,795.2844339993302,804.6517066996869,816.8464239743737,767.8050120933605,740.0667896282413,721.377473114583,735.6683834502041,807.2514807162463,818.8985207267493,807.7182602084349,735.3886796050746,744.1282580641694,792.9382289702494,811.3234786053272,810.0391671541847,808.3214610148534,804.3490148933665,791.2324867638463,739.9411760195735,730.2136367838345,829.2685143434193,721.2027153339362,756.557382889828,735.4885611906077,737.9586014585393,739.948583762734,743.95628645604,765.802641631464,746.2695488762366,811.8465666243607,806.0386525063764,798.6289820359742,797.651485527148,778.6559717139947,796.3425826627438,805.5576348405227,851.3005981032999,731.7352477411279,817.1309961755909,818.9831102422471,815.4652341184895,798.465930558566,822.138020195049,804.9838237758149,839.707340567758,779.0426745384669,759.5373243592044,796.8120163101132,809.1516303439937,769.2258402446242,734.7642467753378,783.3739799467819,791.0907667120335,806.6241205107642,721.4229879522806,757.692949310116,733.0953044997293,727.3616453493873,752.4019422021602,743.6491864172294,790.9342943879503,804.8831146678921,759.415522529967,739.4469165257868,758.4024090339404,799.9917484626607,728.7620741801866,723.0350170022613,730.5795824655623,768.7566008030948,738.8924252586404,740.1362957267245,763.394631200095,729.2879189577443,774.236579878379,772.977395771006,794.2120986239789,811.5897059838837,767.9966382409868,744.0963753829137,772.0621024817618,788.1004912231349,777.0962207328588,747.8627436811838,749.655923876925,830.3763065034775,747.0906342045645,835.970263391792,754.7738225737543,772.5399411981364,825.4605896038623,750.1430370082217,740.8810077701953,758.467142515593,810.3554897386989,821.5308327621357,817.7609074214166,769.6955007755091,771.307435092345,755.3672989967475,764.0554994019976,736.2366881315359,728.1468226152987,811.3883817886312,799.5035907403113,789.277991699839,749.2306285182672,788.90562546977,809.0664475682747,826.4896302478024,812.5258512935703,811.3415002820744,799.3302059067281,768.451814771494,791.5757215572972,808.2246669613908,804.2219869592212,740.2757029841608,757.6419107538918,748.3173975901275,794.7880385778797,749.3400843480144,776.3612915298474,815.1547509269966,800.2901628932881,824.0533472654565
frontendproxy,NaN,NaN,NaN,NaN,NaN,NaN,NaN,NaN,NaN,NaN,NaN,NaN,NaN,NaN,NaN,NaN,NaN,NaN,NaN,NaN,NaN,NaN,NaN,NaN,NaN,NaN,NaN,NaN,NaN,NaN,NaN,NaN,NaN,NaN,NaN,NaN,NaN,NaN,NaN,NaN,NaN,NaN,NaN,NaN,NaN,NaN,NaN,NaN,NaN,NaN,NaN,NaN,NaN,NaN,NaN,NaN,NaN,NaN,NaN,NaN,NaN,NaN,NaN,NaN,NaN,NaN,NaN,NaN,NaN,NaN,NaN,NaN,NaN,NaN,NaN,NaN,NaN,NaN,NaN,NaN,NaN,NaN,NaN,NaN,NaN,NaN,NaN,NaN,NaN,NaN,NaN,NaN,NaN,NaN,NaN,NaN,NaN,NaN,NaN,NaN,NaN,NaN,NaN,NaN,NaN,NaN,NaN,NaN,NaN,NaN,NaN,NaN,NaN,NaN,NaN,NaN,NaN,NaN,NaN,NaN,NaN,NaN,NaN,NaN,NaN,NaN,NaN,NaN,NaN,NaN,NaN,NaN,NaN,NaN,NaN,NaN,NaN,NaN,NaN,NaN,NaN,NaN,NaN,NaN,NaN,NaN,NaN,NaN,NaN,NaN,NaN,NaN,NaN,NaN,NaN,NaN,NaN,NaN,NaN,NaN,NaN,NaN,NaN,NaN,NaN,NaN,NaN,NaN,NaN,NaN,NaN,NaN,NaN,NaN,NaN,NaN,NaN,NaN,NaN,NaN,NaN,NaN,NaN,NaN,NaN,NaN,NaN,NaN,NaN,NaN,NaN,NaN,NaN,NaN,NaN,NaN,NaN,NaN,NaN,NaN,NaN,NaN,NaN,NaN,NaN,NaN,NaN,NaN,NaN,NaN,NaN,NaN,NaN,NaN,NaN,NaN,NaN,NaN,NaN,NaN,NaN,NaN,NaN,NaN,NaN,NaN,NaN,NaN,NaN,NaN,NaN,NaN,NaN,NaN,NaN,NaN,NaN,NaN,NaN,NaN,NaN,NaN,NaN,NaN,NaN,NaN,NaN,NaN,NaN,NaN,NaN,NaN,NaN,NaN,NaN,NaN,NaN,NaN,NaN,NaN,NaN,NaN,NaN,NaN,NaN,NaN,NaN,NaN,NaN,NaN,NaN,NaN,NaN,NaN,NaN,NaN,NaN,NaN,NaN,NaN,NaN,NaN,NaN,NaN,NaN,NaN,NaN,NaN,NaN,NaN,NaN,NaN,NaN,NaN,NaN,NaN,NaN,NaN,NaN,NaN,NaN,NaN,NaN
imageprovider,NaN,NaN,NaN,NaN,NaN,NaN,NaN,NaN,NaN,NaN,NaN,NaN,NaN,NaN,NaN,NaN,NaN,NaN,NaN,NaN,NaN,NaN,NaN,NaN,NaN,NaN,NaN,NaN,NaN,NaN,NaN,NaN,NaN,NaN,NaN,NaN,NaN,NaN,NaN,NaN,NaN,NaN,NaN,NaN,NaN,NaN,NaN,NaN,NaN,NaN,NaN,NaN,NaN,NaN,NaN,NaN,NaN,NaN,NaN,NaN,NaN,NaN,NaN,NaN,NaN,NaN,NaN,NaN,NaN,NaN,NaN,NaN,NaN,NaN,NaN,NaN,NaN,NaN,NaN,NaN,NaN,NaN,NaN,NaN,NaN,NaN,NaN,NaN,NaN,NaN,NaN,NaN,NaN,NaN,NaN,NaN,NaN,NaN,NaN,NaN,NaN,NaN,NaN,NaN,NaN,NaN,NaN,NaN,NaN,NaN,NaN,NaN,NaN,NaN,NaN,NaN,NaN,NaN,NaN,NaN,NaN,NaN,NaN,NaN,NaN,NaN,NaN,NaN,NaN,NaN,NaN,NaN,NaN,NaN,NaN,NaN,NaN,NaN,NaN,NaN,NaN,NaN,NaN,NaN,NaN,NaN,NaN,NaN,NaN,NaN,NaN,NaN,NaN,NaN,NaN,NaN,NaN,NaN,NaN,NaN,NaN,NaN,NaN,NaN,NaN,NaN,NaN,NaN,NaN,NaN,NaN,NaN,NaN,NaN,NaN,NaN,NaN,NaN,NaN,NaN,NaN,NaN,NaN,NaN,NaN,NaN,NaN,NaN,NaN,NaN,NaN,NaN,NaN,NaN,NaN,NaN,NaN,NaN,NaN,NaN,NaN,NaN,NaN,NaN,NaN,NaN,NaN,NaN,NaN,NaN,NaN,NaN,NaN,NaN,NaN,NaN,NaN,NaN,NaN,NaN,NaN,NaN,NaN,NaN,NaN,NaN,NaN,NaN,NaN,NaN,NaN,NaN,NaN,NaN,NaN,NaN,NaN,NaN,NaN,NaN,NaN,NaN,NaN,NaN,NaN,NaN,NaN,NaN,NaN,NaN,NaN,NaN,NaN,NaN,NaN,NaN,NaN,NaN,NaN,NaN,NaN,NaN,NaN,NaN,NaN,NaN,NaN,NaN,NaN,NaN,NaN,NaN,NaN,NaN,NaN,NaN,NaN,NaN,NaN,NaN,NaN,NaN,NaN,NaN,NaN,NaN,NaN,NaN,NaN,NaN,NaN,NaN,NaN,NaN,NaN,NaN,NaN,NaN,NaN,NaN,NaN,NaN,NaN
loadgenerator,NaN,NaN,NaN,NaN,NaN,NaN,NaN,NaN,NaN,NaN,NaN,NaN,NaN,NaN,NaN,NaN,NaN,NaN,NaN,NaN,NaN,NaN,NaN,NaN,NaN,NaN,NaN,NaN,NaN,NaN,NaN,NaN,NaN,NaN,NaN,NaN,NaN,NaN,NaN,NaN,NaN,NaN,NaN,NaN,NaN,NaN,NaN,NaN,NaN,NaN,NaN,NaN,NaN,NaN,NaN,NaN,NaN,NaN,NaN,NaN,NaN,NaN,NaN,NaN,NaN,NaN,NaN,NaN,NaN,NaN,NaN,NaN,NaN,NaN,NaN,NaN,NaN,NaN,NaN,NaN,NaN,NaN,NaN,NaN,NaN,NaN,NaN,NaN,NaN,NaN,NaN,NaN,NaN,NaN,NaN,NaN,NaN,NaN,NaN,NaN,NaN,NaN,NaN,NaN,NaN,NaN,NaN,NaN,NaN,NaN,NaN,NaN,NaN,NaN,NaN,NaN,NaN,NaN,NaN,NaN,NaN,NaN,NaN,NaN,NaN,NaN,NaN,NaN,NaN,NaN,NaN,NaN,NaN,NaN,NaN,NaN,NaN,NaN,NaN,NaN,NaN,NaN,NaN,NaN,NaN,NaN,NaN,NaN,NaN,NaN,NaN,NaN,NaN,NaN,NaN,NaN,NaN,NaN,NaN,NaN,NaN,NaN,NaN,NaN,NaN,NaN,NaN,NaN,NaN,NaN,NaN,NaN,NaN,NaN,NaN,NaN,NaN,NaN,NaN,NaN,NaN,NaN,NaN,NaN,NaN,NaN,NaN,NaN,NaN,NaN,NaN,NaN,NaN,NaN,NaN,NaN,NaN,NaN,NaN,NaN,NaN,NaN,NaN,NaN,NaN,NaN,NaN,NaN,NaN,NaN,NaN,NaN,NaN,NaN,NaN,NaN,NaN,NaN,NaN,NaN,NaN,NaN,NaN,NaN,NaN,NaN,NaN,NaN,NaN,NaN,NaN,NaN,NaN,NaN,NaN,NaN,NaN,NaN,NaN,NaN,NaN,NaN,NaN,NaN,NaN,NaN,NaN,NaN,NaN,NaN,NaN,NaN,NaN,NaN,NaN,NaN,NaN,NaN,NaN,NaN,NaN,NaN,NaN,NaN,NaN,NaN,NaN,NaN,NaN,NaN,NaN,NaN,NaN,NaN,NaN,NaN,NaN,NaN,NaN,NaN,NaN,NaN,NaN,NaN,NaN,NaN,NaN,NaN,NaN,NaN,NaN,NaN,NaN,NaN,NaN,NaN,NaN,NaN,NaN,NaN,NaN,NaN,NaN
paymentservice,NaN,NaN,NaN,NaN,NaN,NaN,NaN,NaN,NaN,NaN,NaN,NaN,NaN,NaN,NaN,NaN,NaN,NaN,NaN,NaN,NaN,NaN,NaN,NaN,NaN,NaN,NaN,NaN,NaN,NaN,NaN,NaN,NaN,NaN,NaN,NaN,NaN,NaN,NaN,NaN,NaN,NaN,NaN,NaN,NaN,NaN,NaN,NaN,NaN,NaN,NaN,NaN,NaN,NaN,NaN,NaN,NaN,NaN,NaN,NaN,NaN,NaN,NaN,NaN,NaN,NaN,NaN,NaN,NaN,NaN,NaN,NaN,NaN,NaN,NaN,NaN,NaN,NaN,NaN,NaN,NaN,NaN,NaN,NaN,NaN,NaN,NaN,NaN,NaN,NaN,NaN,NaN,NaN,NaN,NaN,NaN,NaN,NaN,NaN,NaN,NaN,NaN,NaN,NaN,NaN,NaN,NaN,NaN,NaN,NaN,NaN,NaN,NaN,NaN,NaN,NaN,NaN,NaN,NaN,NaN,NaN,NaN,NaN,NaN,NaN,NaN,NaN,NaN,NaN,NaN,NaN,NaN,NaN,NaN,NaN,NaN,NaN,NaN,NaN,NaN,NaN,NaN,NaN,NaN,NaN,NaN,NaN,NaN,NaN,NaN,NaN,NaN,NaN,NaN,NaN,NaN,NaN,NaN,NaN,NaN,NaN,NaN,NaN,NaN,NaN,NaN,NaN,NaN,NaN,NaN,NaN,NaN,NaN,NaN,NaN,NaN,NaN,NaN,NaN,NaN,NaN,NaN,NaN,NaN,NaN,NaN,NaN,NaN,NaN,NaN,NaN,NaN,NaN,NaN,NaN,NaN,NaN,NaN,NaN,NaN,NaN,NaN,NaN,NaN,NaN,NaN,NaN,NaN,NaN,NaN,NaN,NaN,NaN,NaN,NaN,NaN,NaN,NaN,NaN,NaN,NaN,NaN,NaN,NaN,NaN,NaN,NaN,NaN,NaN,NaN,NaN,NaN,NaN,NaN,NaN,NaN,NaN,NaN,NaN,NaN,NaN,NaN,NaN,NaN,NaN,NaN,NaN,NaN,NaN,NaN,NaN,NaN,NaN,NaN,NaN,NaN,NaN,NaN,NaN,NaN,NaN,NaN,NaN,NaN,NaN,NaN,NaN,NaN,NaN,NaN,NaN,NaN,NaN,NaN,NaN,NaN,NaN,NaN,NaN,NaN,NaN,NaN,NaN,NaN,NaN,NaN,NaN,NaN,NaN,NaN,NaN,NaN,NaN,NaN,NaN,NaN,NaN,NaN,NaN,NaN,NaN,NaN,NaN
productcatalogservice,0.5465284613971468,0.5666339298261188,0.5516021031964267,0.5307748919650893,0.5426656156848666,0.5784063959196057,0.560494782189968,0.5468083310574311,0.5339784941511637,0.5387737569552523,0.5342885375797479,0.5803914443360889,0.5644324636222449,0.6013118217294348,0.5589222510328573,0.5576812881393689,0.551796989622272,0.5656827485312054,0.5481500534185209,0.550424451111704,0.5472842617043728,0.5890225222262824,0.5531632842830126,0.5644469784273531,0.5345860770835892,0.5316787000365395,0.5858596428147383,0.5663391723143746,0.5681431367481653,0.5297459051280122,0.5680643256150189,0.5092411277771272,0.5147353277584479,0.5487989068978805,0.5113337512619844,0.5534187254278182,0.5323979869488147,0.5332719033149284,0.5287644031000329,0.5457194821414315,0.5710545124009642,0.5552039450874476,0.5943302792458336,0.536149382354965,0.5449061642313849,0.5516350003284207,0.5268986002095907,0.5422096198025177,0.5565373233035416,0.5992312036382982,0.5720576031316653,0.5682226775655568,0.5647861906471096,0.5806462502647713,0.5529364433413113,0.5128792780929846,0.5673146949110142,0.554363642055045,0.5677139265742726,0.5603161162643528,0.5283981751839603,0.5974065519352949,0.5248462559093673,0.5631199222401089,0.5315083513431215,0.5538279660140175,0.5701448049086464,0.5774887141489142,0.5227174826595022,0.5447171741793381,0.5611312434428896,0.5720490530463598,0.5620320852893461,0.5119051048264003,0.4907663024647321,0.5192707917697934,0.54486360774301,0.5807501352001785,0.6181959077364422,0.5292652485637808,0.5703682463537885,0.5255001595671226,0.5583112899013678,0.5227129827266291,0.5458224553894383,0.5646233618143226,0.5581997187654005,0.5119117487298956,0.5434969178842748,0.5365370165146774,0.5702378882819318,0.6115669969672256,0.5700448419084796,0.5474149390633113,0.5840222803524058,0.5407434933256459,0.5660431284405523,0.5367645423004367,0.5542698321146879,0.6010268736888255,0.5711292466758422,0.5916317659892507,0.5593975648145316,0.5444772365525451,0.507487161028912,0.5457234583163919,0.5387234268242724,0.5019404771888845,0.5446857374487397,0.5295186086327546,0.5513410791546701,0.497562727561729,0.519031618476754,0.5710446695139564,0.5699580187155688,0.5300051254900433,0.5487843983771312,0.5149678195859848,0.5025075848140228,0.5430664654933395,0.5634925076321928,0.5546549990719056,0.5585412683519473,0.5595122596327503,0.5387824252348254,0.5666446706275726,0.5438301062172501,0.5676538211182849,0.5572970264816232,0.5295289177153216,0.5503482519601214,0.5107880270061766,0.5616835331127277,0.5372297439093351,0.5323645390690757,0.5872261127483531,0.5316876334017614,0.5358993384058602,0.5820487849591365,0.5782060008329785,0.5608273033071812,0.5274439422806272,0.5163668950514861,0.5249333118157107,0.5254869101634647,0.5461086935723368,0.5111251901292369,0.5318271453077077,0.5601264093395055,0.5521621451729614,0.5440839603328529,0.5202183031981138,0.5409869862964476,0.5296987912709408,0.572073955512159,0.537378463001982,0.5704288118821803,0.5460082816902658,0.47620408983688095,0.5546918234649161,0.5512964287095901,0.5287057405244036,0.5017706332439189,0.5642003576914663,0.5214449992714549,0.5815493603545865,0.5248526341745117,0.5524577424363767,0.51694614294658,0.5123354849549706,0.5523455294371138,0.5413356563795173,0.5572763667581354,0.5719161720305137,0.5166610939631195,0.5784560717405298,0.5401353992723731,0.5352738329377292,0.5235130554307725,0.5680158182666427,0.5764089417645061,0.5842605127316197,0.5779663402535262,0.5154688567496079,0.596062009256193,0.5190780987658637,0.5401913802367728,0.5713721833412702,0.5205670152271578,0.53668853549094,0.5820797471772997,0.512776803389165,0.5414941666285858,0.521625572531008,0.5646460884397092,0.5595342651739659,0.5262300967525835,0.5167465961131001,0.562784798689856,0.5991822062234995,0.5349921316035379,0.5327123113415088,0.5255032091657124,0.5621696069794901,0.573442293428637,0.5412934428401068,0.5414102398444456,0.5644041532451649,0.5393356263697098,0.579984343025427,0.5377926093787093,0.569029768718165,0.542595030340163,0.5823292699305175,0.5403353676830114,0.536017817037914,0.5598350140884947,0.538004109841948,0.531147991519728,0.5483536459023184,0.5115465623454696,0.5721743335657775,0.5372487546220281,0.530128731258356,0.5264175633743902,0.5458105754212447,0.4922389081306395,0.5367640363436443,0.48692875246347567,0.544487032273732,0.56229036413572,0.5551770499535402,0.5915025610570331,0.5365889530189625,0.5403832046807756,0.5379927721682856,0.5466124998546877,0.5627504791927628,0.5192068520580979,0.5652963003140585,0.5204059352795569,0.5011974294349106,0.5631560335903427,0.5538790735755823,0.579544202710552,0.548431680588898,0.5821152026705736,0.5238093343295631,0.5706793356840343,0.5181656882017365,0.5137221331051438,0.5570666210028302,0.5512286179798109,0.5706097261893803,0.5977322085627039,0.5367079116009816,0.5810043230367568,0.5598191115557938,0.5905844588373457,0.5334387642779878,0.5340775429472353,0.5364475851272339,0.581512765987985,0.5408690095872233,0.5592454266171518,0.5335720565989808,0.551536933048991,0.5361617856976084,0.5450914027279375,0.5506407373491619,0.5626041310285272,0.5208796012014865,0.5414146646208858,0.5765887359775099,0.52425533509299,0.5449522538298679,0.5803788312238327,0.5800547007021151,0.5218708565109795,0.5297546649271261,0.5311365207040517,0.5206751470721522,0.5504643104805156,0.5489800271404017,0.5524129406808576,0.5871169400278713,0.5712101924796181,0.5461063773351438,0.5423475428846796,0.566424137805019,0.5408621321907146,0.5185219608120372,0.5291201000991215,0.5378175142829937,0.5418814962218059,0.5315365868771067,0.555712336443088,0.5156555721517168,0.5487189883061627,0.5896530830310911,0.5802315501506246,0.5660175668108488,0.5832939349438153
quoteservice,0.70695577777779,0.7315551666666806,0.7218236111111354,0.7195940000000088,0.8698490476190558,0.8185758571428811,0.7039409999999758,0.7270263333333465,1.1729595555555552,0.7314037647058806,0.7048060000000286,0.7458110000000187,0.6763888571428477,0.6859726923077093,0.7041619999999966,1.9075476000000096,0.6921115999999813,0.656361599999974,0.7984245714285773,0.7020679999999992,0.6946337499999835,0.7045552499999654,0.9108065789473764,1.053855571428528,0.7571191666666692,1.1783865294117524,0.7114674444444581,0.8625709999999849,0.725029999999964,0.6645175000000023,0.7195710909091211,0.8015298181818196,0.7235401176470608,0.7369593333333304,0.7089122222222354,0.784999800000017,1.1270757272727343,0.7395268333333197,0.7527429166667049,0.7073213999999666,1.0198179230769053,0.7845613571428629,0.7004312000000482,0.7870913999999658,0.6756279999999464,1.1817746666667048,0.7356568823529148,0.8701539230769523,0.981156857142817,0.7676920624999966,0.7698363999999458,0.7987384285713972,0.6778353333333863,0.786221999999988,0.8680739999998839,1.3438335000000148,1.1887053333333693,0.6893220909090743,0.827413578947356,0.7102136249999838,0.6935444166666802,0.7766874285714513,0.6747928888888579,0.743615222222164,0.7409859411764631,0.7082116000000184,0.969532705882353,0.7563423333333503,0.7045850000000229,0.7861600624999987,0.7278068823529158,0.7021717500000264,0.6778432999999978,0.690441999999976,0.9914878749999811,1.120216846153815,0.896038769230776,0.8172727692307153,0.7089672222222592,0.738691800000018,0.8498004999999971,1.1470576250000342,0.7425975999999744,0.7304320625000091,0.9666050000000803,1.2180945384615864,1.7521603333333329,0.8304401428571079,0.7009367499999566,0.7375867058823962,1.11724262500001,0.7538314166667088,0.7671053333332869,0.6899099999999729,0.6904190833333436,0.7953795714285629,0.8307157500000812,0.8195658999999779,0.8605686000000428,0.8283065555555299,0.7832337777777714,0.782602500000003,0.6976008888888808,0.7368357777777451,0.7065377777777857,0.7004191250000495,0.7368628749999679,0.7843571250001062,0.8643240000000467,0.7227417692307545,0.6831227857142222,0.9985773636363563,0.7512073076922549,0.721048300000021,0.8681138571428346,1.0078245454546029,0.6862166363635331,0.7443259999999908,0.7247441428570848,0.7344170714285181,0.8108204615385698,0.720449812500032,0.6683893000000495,0.7255128461538158,0.6703972222221952,0.6869052500000805,0.7036471764705489,0.9063521999999485,0.734192538461516,0.7665038750000122,0.9255028181817899,0.747123800000054,0.7349705714286066,0.7169102083333078,0.6967170000000731,0.9815113333333569,0.9884120999999937,0.6846544999999745,0.6967393636363319,0.7089705384615199,0.71309140000011,0.7812809999999618,0.7758250000000138,0.6798821818181967,0.725879285714327,0.7274179000001254,0.7376494444444954,1.5209171666667154,0.7611730000000119,0.7053208666666213,0.678989000000044,0.7498479999999915,0.7773171176471043,0.8963050769230956,0.7162048235293642,0.692249571428513,1.1322511764706076,0.6704463333332834,0.6950861428572271,0.8888914285714284,1.7721263333333657,0.7498955333333583,0.7155033333332408,0.8342991111111613,0.6667202222223586,0.7325689333333267,0.676285583333249,0.8372693846153713,0.8289584444444497,0.7250419999999991,0.8071199999999534,0.8975240666666839,1.0550967142857814,0.7025646923077077,1.3014084285713758,0.6838556153845206,0.789588888888823,0.7081034444444627,0.7385543333333022,0.653690000000059,0.7361186250000173,0.8189857777777421,0.6741747142856493,0.8586442499999514,0.7064995000000731,0.7138102500000016,0.6838885000000055,0.9863153999999837,0.7424907500000053,0.7828362307692136,0.9363492499999969,0.6765093571428662,0.8151930833333694,0.7149581818181642,0.702664312499973,0.666106230769318,0.7004919999999453,0.6716064999999721,0.7453419166666939,0.6860708333333795,0.6910129999999753,0.7089971111110647,0.8098884444444631,0.7365793333333449,0.670866454545536,0.7339622631579614,0.7305003076922784,0.740123166666611,0.898841300000015,0.6705617500000187,0.8500565555555177,0.6740480666667091,0.8820095000000095,0.6995063333333367,0.7269533000000536,0.6711860833333626,1.1081939166666974,0.907662384615413,0.6787356666667204,0.6999919090910061,0.6982360000000227,0.728389117647018,0.7763428461538567,0.6600444000000494,0.7279672142857286,0.7542025000000024,0.706284714285711,0.8324163636364067,0.7034138888888039,0.6890462000001093,0.6788164166666631,0.7094234545454635,0.6734484999999779,0.6972489999999993,0.7294998888888624,0.6998102307691957,0.7040884444444373,0.7734300000000986,0.7176626111110649,0.8044478000000026,1.4910478333334016,0.7836983500000314,0.6703773333332823,0.7113812500000307,1.130834599999963,0.7679511818182153,0.6681775714285354,0.7849623846152947,0.6731711250000885,0.710553571428615,0.8223544999999562,0.7640737692308116,0.700965421052645,0.838362333333303,0.7751975714285614,0.9346112727272694,0.6918426666666392,0.749662499999938,1.1106869333333256,0.772428428571402,0.8388737777776782,1.3547292352940739,0.6909545384615662,0.7097094374999742,1.3317210000001038,0.682014200000026,0.832662124999942,0.7159233076923783,0.8267954285713504,0.6956348888888454,0.7071990909090522,1.2797705454545962,0.6982998823529388,0.7196078571428107,0.7291133750000327,0.861936791666615,0.7338969166667179,0.8440161111111086,0.7070997999999576,0.9059334615384648,0.8347394999999054,0.8335784285714729,0.7231847499999162,0.6635538000000623,0.8307270833333907,0.7417591111110685,0.7948660624999668,0.7380678749999561,0.9394210000000058,0.7430953846153705,0.9250026666666952,1.3384060000000317,0.6684601428570147,0.7219825999999842,0.7114215555555145,0.6820756666666531,0.7617689999999584,1.0611300000000767,0.9152922499999883,0.7754973076922931,0.7177404999998581,0.6809688181818491,0.7697091764705855
recommendationservice,NaN,NaN,NaN,NaN,NaN,NaN,NaN,NaN,NaN,NaN,23.72589444634466,NaN,NaN,NaN,NaN,NaN,NaN,NaN,NaN,NaN,NaN,NaN,NaN,NaN,NaN,NaN,NaN,NaN,NaN,NaN,NaN,NaN,NaN,NaN,NaN,NaN,NaN,NaN,NaN,NaN,25.432377256687037,NaN,NaN,NaN,NaN,NaN,NaN,NaN,NaN,NaN,NaN,NaN,NaN,22.97899798460238,NaN,NaN,NaN,NaN,NaN,NaN,NaN,NaN,NaN,NaN,NaN,NaN,NaN,NaN,NaN,NaN,NaN,NaN,NaN,NaN,NaN,NaN,NaN,NaN,NaN,NaN,NaN,NaN,NaN,NaN,NaN,NaN,NaN,NaN,NaN,NaN,NaN,NaN,NaN,NaN,NaN,NaN,NaN,NaN,NaN,NaN,NaN,NaN,NaN,NaN,NaN,NaN,NaN,NaN,NaN,NaN,NaN,NaN,NaN,NaN,NaN,NaN,NaN,NaN,NaN,NaN,NaN,NaN,NaN,NaN,NaN,NaN,NaN,NaN,NaN,NaN,NaN,NaN,NaN,NaN,NaN,NaN,NaN,NaN,NaN,NaN,NaN,NaN,NaN,NaN,NaN,NaN,NaN,NaN,NaN,NaN,NaN,NaN,NaN,NaN,NaN,NaN,NaN,NaN,NaN,NaN,NaN,NaN,NaN,NaN,NaN,NaN,NaN,NaN,NaN,NaN,NaN,NaN,NaN,NaN,NaN,NaN,NaN,NaN,NaN,NaN,NaN,NaN,NaN,NaN,NaN,NaN,25.785477066652565,NaN,NaN,NaN,NaN,NaN,NaN,NaN,NaN,NaN,NaN,NaN,NaN,NaN,NaN,NaN,NaN,NaN,NaN,NaN,NaN,NaN,NaN,NaN,NaN,NaN,NaN,NaN,NaN,NaN,NaN,NaN,NaN,NaN,NaN,NaN,NaN,NaN,NaN,NaN,NaN,NaN,NaN,NaN,NaN,NaN,NaN,NaN,NaN,NaN,22.517327167182458,NaN,NaN,NaN,NaN,NaN,NaN,NaN,NaN,NaN,NaN,NaN,NaN,NaN,NaN,NaN,NaN,NaN,NaN,NaN,NaN,NaN,NaN,NaN,NaN,NaN,NaN,NaN,NaN,NaN,NaN,NaN,NaN,NaN,NaN,NaN,NaN,NaN,NaN,NaN,NaN,NaN,NaN,NaN,NaN,NaN,NaN,NaN,NaN,NaN,NaN,NaN,NaN,NaN,24.463261667052926,NaN,NaN,NaN,NaN,NaN,NaN,NaN,NaN,NaN,NaN,NaN,NaN
shippingservice,9.363977833333681,11.953566166667514,9.524745666666737,9.603234999999433,10.903188285714272,12.230940142856541,9.138078636363792,8.365584388889156,13.953031999999034,14.60826099999973,8.169913368420932,10.456682357143075,9.146207933332958,7.175408909091294,9.072489624999939,9.054574166665589,14.092626700000348,8.237217249999887,71.03893153846114,11.7203087500001,10.605947374999111,15.673428999999896,10.085136277777435,8.745781625000127,13.933809999999937,9.962478352940533,9.440558777776605,41.27583412499982,9.95152186666662,8.775509000000582,9.725877818181965,13.68336254545428,11.197439333333206,12.089799187500063,11.56124599999901,8.449039400000334,8.206620181818293,12.216098750000253,7.458580416665921,10.138125636362934,7.855240642857207,9.147198733332957,12.038517999998817,11.462222699999575,8.631699500002696,26.645110545454187,10.327323352941663,11.312187615384484,11.855084857143797,10.546117294116952,12.029251374998907,7.575644500000375,7.075470999999856,8.829720250000236,9.11549166666714,10.708968937500018,13.24257255555517,12.424393272726755,10.830488187500109,7.530036800000789,11.165833250001251,11.686988571428287,11.576215125000473,9.998690777778405,8.282266812500033,8.15948979999979,12.35869288235354,8.94347200000003,14.149305499999892,10.96900862499988,40.23234100000082,11.683721249999149,15.45482859999946,8.947563333335362,9.819616176470564,9.888284461538625,8.472733083332514,11.399211769230455,10.075067555555936,10.16930989999953,10.204255000000245,10.550912749999767,10.636389600000719,8.943521062500011,14.221141285712616,9.876211153846516,9.285072888889507,10.663893285714494,12.403618166666888,9.322000375000108,12.406486624999644,12.124945090909447,8.845022399999902,12.712390600000079,11.095082769230457,8.363531499999151,14.04014479999985,10.616525749999756,10.089263133332953,14.752931100000444,8.824535666667366,9.620197250000118,10.181728166667313,11.260637000000303,10.570669999999597,11.765660142857215,10.300958125000491,9.272791250001035,8.89024400000028,9.29973684615422,8.376520714285919,9.625564454545083,8.557452250001045,8.210325999999942,10.519853285713875,8.306877749999643,9.786162636363294,14.244562937500042,11.208044714284906,10.20607713333361,13.604230333333295,8.998244124999985,8.173416818182607,12.17350507692261,13.59204644444406,7.55338774999953,9.980571058823221,8.836543999999966,69.34532853846171,8.201228249999048,7.524766363635484,8.863149363636488,9.013356000000925,9.377880714285803,10.635481750001219,6.820340111111793,11.440355916664183,11.656666499999734,11.853519363636016,8.996298461537934,7.981691200000581,8.98711164705798,99.90241838461374,11.657800363636273,9.382709857143796,8.657558571428972,10.739882888888157,9.368513200000065,9.324360866666462,8.974608692305965,10.061297769230167,9.427309800001536,10.92009947058771,9.54856530769347,10.300964294118424,8.988957928570683,10.99669239999962,14.368858000000023,10.935713384616099,9.282292666667606,10.91854419999945,10.91307035714257,14.180073571427474,10.416518388889422,8.566969222221132,10.837336933333837,13.791347583334167,9.66382930769263,8.601942117646926,13.032709842105833,10.810279199999206,11.923245642856271,11.173476416667011,10.054940133333199,11.475587374997488,10.100520846152728,11.278641777776961,11.159199222222014,12.186525545455444,7.480622999999241,7.506715125001094,8.939382714285493,14.28810712500102,11.024858666666697,6.9909981999997175,9.737998555556677,10.592771249999778,11.28713910000089,14.41293168750044,9.271399384616956,10.371594499999294,9.960750181819362,14.68437175000102,10.493045250000165,9.166038466666297,11.543210545455528,10.069938181819289,13.077043249999747,10.990806999998739,108.41240025000029,6.595887222220717,13.601415777781249,13.292025888888537,7.699583999998796,11.961848454544988,9.680862149998807,11.07082499999879,8.899199666667943,13.290589400000442,10.533495875000142,12.107557777778691,10.821656200000143,16.21383049999743,17.388616833333685,123.76377042105146,12.431425428571231,10.1836564166645,11.33661861538415,10.970337583333599,12.533802386363247,6.411527125001655,14.592591117647041,10.299918538462213,9.749723800000742,7.322605714284991,8.692330363637696,8.753791500000585,11.039126333334005,9.98862062500092,7.570723399999657,8.330859583331138,11.786882090909382,7.4171429000001465,8.7953281111109,10.620796000001603,10.913506384615298,11.498305444444263,12.13707109999964,11.986753277778892,14.213339300000587,85.9686440000002,9.08237529999992,78.4869942307694,17.000697285713986,8.092540099999406,7.311793200000125,12.548283666665624,10.137486692307553,8.749423500001015,8.009250285715764,9.333281333334245,231.7164837692288,10.976729263157292,9.915061333330879,10.330405142856907,14.280885200000228,9.376014200001107,7.238196799999287,9.429589687499771,10.80250092857206,9.120252181819193,11.698851625001083,10.005671538462227,11.24380443750023,14.4711186363624,82.5558266249997,14.039231266665956,9.715357545454316,12.423697428570367,6.802778666665871,117.83977899999995,11.559958545454917,55.30067326666697,7.798240199999123,9.938001545455347,9.595156440000027,11.80165616666622,11.500181777776927,13.839073666667037,10.24965783333393,13.065260624998174,12.53182999999852,11.314064124998879,13.081490000000796,13.601005916667287,9.869735899998796,72.92626086666816,9.161833500001066,9.920176857144675,10.253311583334314,12.302578000000072,16.366959200000156,10.161514857143466,12.855155000000138,12.691683333334328,11.901347999999455,9.843803888886832,8.603425333331566,9.377332636362222,11.273396785715475,9.870302400001105,7.162536818182317,11.659755937499447
