accountingservice,99.5,97.75,49.6,NaN,NaN,98.16666666666666,NaN,49.6,49.6,48.53333333333333,NaN,49.6,NaN,92.5,94.50000000000003,NaN,NaN,48.26666666666666,NaN,99.5,99.5,47.99999999999999,95.49999999999997,5.98,NaN,95.5,94.99999999999997,97.25,99.5,98.5,94.50000000000001,97,48.39999999999999,95.99999999999997,97,96.5,NaN,96.5,99.5,99.5,NaN,94.50000000000003,49.6,46.4,97,99.5,49.6,NaN,47.599999999999994,NaN,49.6,99.5,48.93333333333334,99.5,47.999999999999986,48.199999999999996,95.99999999999997,97,97,97,97,99.5,NaN,95.99999999999999,96.49999999999999,49.00000000000001,48.93333333333334,94.99999999999999,97.75,98.75,94.50000000000003,49.6,95.5,98,94.50000000000003,47.599999999999994,NaN,97,94.99999999999997,97.49999999999997,48.8,96.00000000000003,189.00000000000006,45.600000000000016,96.74999999999999,NaN,95.49999999999999,94.99999999999997,49.6,NaN,98.375,48.99999999999999,95.5,97.49999999999997,93.49999999999997,97.49999999999997,98.5,97.49999999999997,97,94,193,96.5,47.39999999999999,91.50000000000003,96.5,95.5,47.60000000000001,48.19999999999999,97,48.199999999999996,96.5,NaN,97.75,47.199999999999996,98.83333333333334,95.49999999999999,48.8,46.80000000000002,97.75,96.00000000000003,3.98,99,96.00000000000003,98.25,45.2,97,97.99999999999999,95.00000000000003,48.99999999999999,47.599999999999994,94.49999999999999,94.99999999999997,94.99999999999997,97.5,48.53333333333334,98,94.99999999999997,92.99999999999997,93.5,93.5,99.5,7.840000000000001,48.6,94.49999999999999,47.599999999999994,98.33333333333333,97,94,94.50000000000003,48.53333333333334,97.99999999999999,97.99999999999999,95.49999999999999,49.6,94.50000000000001,96.75000000000001,49.099999999999994,48.13333333333333,48.800000000000004,47.599999999999994,48.13333333333333,48.6,48.99999999999999,94.99999999999999,99.5,47.999999999999986,95.00000000000003,49.6,99.5,NaN,NaN,NaN,NaN,94.50000000000003,9.840000000000002,99.5,99.5,93.49999999999997,49.6,NaN,49.6,93.49999999999997,99.5,NaN,97,49.6,49.6,99.5,99.5,96.5,NaN,49.6,97.49999999999997,NaN,NaN,NaN,NaN,96.00000000000003,99.5,48.93333333333334,98.25,NaN,49.6,49.6,96.5,49.6,99.5,99.5,98.5,49.6,49.6,NaN,98.25,NaN,49.6,NaN,95.5,99.5,49.6,95.5,98,95.5,98.75,97.49999999999997,44.399999999999984,47.999999999999986,97,47.599999999999994,98,95.00000000000003,99,92.5,49.6,97,96.00000000000003,94.50000000000001,48.8,191,48.39999999999999,95.99999999999997,94.99999999999999,99,96.00000000000003,96.49999999999999,NaN,NaN,96.00000000000003,95.5,48.8,9.780000000000001,94.49999999999999,94.99999999999997,46.4,99.5,47.19999999999999,48.400000000000006,94.99999999999997,94.50000000000003,48.53333333333334,97.49999999999997,98,48.000000000000014,49.06666666666667,48.400000000000006,93.49999999999997,96.74999999999999,92.5,48.53333333333334,98.5,95.49999999999997,98,46.4,NaN,97.49999999999997,9.92,94.50000000000001,93.00000000000003,47.999999999999986,48.19999999999999,48.7,98,93.00000000000003,48.6,48.000000000000014,48.53333333333334,48.19999999999999,93.49999999999997,98.5,47.800000000000004,96.00000000000003,96.49999999999999,97.75,96.5,97,94.00000000000001,97.49999999999997,47.800000000000004,49.6,96.00000000000003,99.5,46.39999999999999,97.50000000000001,45.999999999999986,46.4
adservice,1988,4599.999999999996,4220.000000000004,1987.2,4519.999999999997,1985.5,4580.000000000002,1987.25,4129.999999999995,4812.5,1986.5,1986.5882352941176,4715.000000000002,4730,4399.999999999996,1987.142857142857,1987.3333333333335,1986,4550,1986.7142857142858,1986.6666666666665,1986.5,4505.000000000004,4565.000000000001,3890.0000000000055,4355.000000000001,4815,1986.5,4849.999999999999,4489.999999999996,4810,4839.999999999999,1986.3636363636365,4710,4789.999999999999,4654.999999999998,1986.7142857142858,4807.142857142857,4219.999999999998,1987.5384615384614,1986.7142857142858,4827.499999999999,1988,4640,4189.999999999999,1987.4545454545455,4504.9999999999945,4009.999999999992,4490.000000000004,4624.999999999998,4309.999999999996,4099.999999999996,4429.9999999999945,1986.6666666666665,1986.909090909091,1985,4560.000000000002,4444.999999999995,4790,1988,1986.909090909091,1985,4565.000000000001,4579.999999999999,1986.2,4519.999999999997,1983.3333333333335,4855,1984.6666666666665,1984.4,1980,1982,4814,1982.5454545454545,1984.6666666666665,1984.7272727272727,1983.1999999999998,1986.5,1980.6666666666665,1984.25,4535.000000000002,1982,4685,1985.2727272727273,1960.9999999999998,1984.4,4475.000000000001,1971,4790,1979.3333333333335,1982,4760.000000000002,4520.000000000003,4744.999999999998,4808.000000000002,1982,4580.000000000002,4535.000000000002,1977.2000000000003,1943.0000000000002,4804.999999999998,4640,4700,4715,4550,4535.000000000002,4430,1985,4654.999999999998,1976,4654.999999999998,1948.4,4565.000000000001,1976,1919,1937.0000000000002,1959.5,1979,1959.1999999999998,4414.9999999999945,1954.4,1392,4489.999999999996,1974.4999999999998,1969.9999999999998,1928,4535,4414.999999999996,1972,1956,4782.5,4129.999999999995,1964,1392,4719.999999999999,1939.9999999999995,1819.9999999999998,1867.9999999999995,4790,1940.0000000000005,4399.999999999996,4489.999999999996,1962.8000000000002,4814.999999999998,4564.999999999998,4729.999999999998,1832.0000000000005,4790,4795.999999999998,1938,1961,1909.9999999999995,1945.9999999999998,1897.9999999999993,4780.000000000001,1948.0000000000005,4685,1392,4505.000000000004,1937,4765,4099.999999999999,1919,4625.000000000002,4780.000000000001,1861.999999999999,4700.000000000002,1391.6363636363635,4610,4729.999999999998,1391.3333333333333,1943.0000000000002,1886.0000000000005,1925.0000000000005,1925.0000000000005,1919,1958,4759.999999999999,1886,1934.0000000000005,1903.9999999999995,4685,1930.9999999999995,1392.3636363636363,4564.999999999998,4370.000000000003,3950.000000000005,4609.999999999998,1819.9999999999998,1886.0000000000005,1916.0000000000002,4039.9999999999945,1391.5,1886.0000000000005,1391.6363636363635,1961.6000000000004,4820,1937,1391.6666666666667,1919,4690.000000000001,4219.999999999999,1392.4,1919,4820,1897.9999999999993,4535.000000000002,1892,4840.000000000001,4189.999999999999,1390.8,4565.000000000001,4700.000000000002,4190.000000000002,4789.999999999999,4715.000000000002,4445.000000000002,1391.6666666666667,1868.0000000000005,1939.9999999999995,1951.9999999999998,4564.999999999998,1915.9999999999998,4250.0000000000055,1898.0000000000002,4474.999999999998,4460,4820,1391.111111111111,1856.0000000000007,4415,1928,1391.5,4719.999999999999,4640,1844.0000000000005,1928,1391.6,4630.000000000002,4459.999999999995,4729.999999999999,4849.999999999999,4795.999999999998,1801.999999999999,1391.7142857142858,4670.000000000002,1861.999999999999,1392,4459.999999999998,1880.000000000001,4655.000000000002,1832.0000000000005,4753.999999999999,4800,1391.3846153846152,1903.9999999999995,1392,1392,1391.2727272727273,1874,4715.000000000002,4490.000000000002,4820,4685,1832.0000000000005,1391.5,1390.909090909091,1390,4649.999999999999,4070,1934.0000000000002,1897.9999999999993,1390.8571428571427,4782.499999999999,4579.999999999999,1390,1838.0000000000005,4370,1392,4610,4625.000000000002,1392,1390.909090909091,1391.5,1916.0000000000002,1391.2727272727273,4625.000000000002,4804.999999999998,1391.6666666666667,1753.9999999999998,1807.9999999999986,1392,1391.3333333333333,4489.999999999996,4700.000000000002,1390.4,4654.999999999998,4039.9999999999936,4760.000000000002,4549.999999999998,1838.0000000000005,1838.0000000000007,1392,1795.9999999999977
cartservice,32.46666666666665,14.200000000000296,9.670000000000035,35.520000000000024,9.712000000000009,62.37499999999989,40.599999999999966,7.326666666666677,5.975555555555555,34.51428571428588,7.275000000000015,38.60000000000005,9.40999999999997,30.333333333333563,22.20000000000003,7.539999999999987,16.53333333333412,11.20000000000039,9.384999999999996,9.219999999999962,25.866666666666575,30.320000000000054,36.066666666666606,8.189999999999987,8.559999999999993,9.190000000000019,13.199999999999658,15.33333333333357,28.50000000000017,38.39999999999994,37.55555555555549,31.933333333333437,37.19999999999999,30.599999999999984,17.599999999999774,15.999999999999538,28.49999999999994,30.71999999999982,26.239999999999867,18.666666666666632,8.480000000000002,6.966666666666679,9.349999999999985,27.76000000000026,25.27999999999997,7.119999999999987,8.180000000000007,7,19.200000000000042,16.000000000000053,8.61999999999996,15.46666666666679,23.599999999999753,7.29333333333332,19.733333333333185,9.359999999999978,9.254999999999994,31.66666666666655,39.68,33.35999999999994,30.80000000000002,30.099999999999987,23.333333333333098,25.199999999999967,9.946666666666658,9.886666666666645,29.599999999999863,29.83999999999987,30.66666666666659,27.30000000000015,30.080000000000098,29.06666666666696,31.77142857142846,22.00000000000016,9.96857142857142,32.5142857142856,35.71428571428574,18.900000000000134,39.37777777777782,14.133333333333425,9.299999999999995,9.220000000000024,21.499999999999705,38.76363636363641,32.56000000000003,9.24666666666665,24.799999999999876,38.22857142857136,23.899999999999984,31.800000000000157,43.62222222222218,40.62222222222225,39.02222222222227,14.399999999999709,9.639999999999985,24.599999999999774,23.99999999999975,22.666666666666558,31.36000000000006,12.4000000000001,9.815000000000014,40.45333333333332,9.78857142857143,8.704999999999998,13.733333333332936,12.666666666667046,18.533333333333225,32.33333333333359,23.50000000000003,42.31999999999997,9.233333333333341,9.079999999999938,22.80000000000003,28.000000000000014,29.52000000000005,31.279999999999898,32.79999999999993,30.066666666666926,8.64666666666666,8.599999999999989,7.753333333333338,29.466666666666722,15.599999999999758,20.299999999999834,9.906000000000002,26.933333333333128,8.439999999999987,9.466666666666669,44.571428571428484,8.959999999999965,8.473333333333311,22.09999999999991,9.109999999999975,17.099999999999696,30.73333333333312,76.41666666666684,9.099999999999962,38.199999999999946,26.640000000000455,23.999999999999893,36.64999999999998,15.199999999999978,24.900000000000478,7.2966666666666615,44.48571428571425,40.8,37.822222222222294,9.963333333333342,18.133333333333354,8.740000000000013,9.386666666666688,28.959999999999802,7.786666666666666,9.435000000000013,36.27999999999993,23.600000000000065,8.365000000000016,32.91428571428577,28.499999999999844,9.02000000000001,35.90000000000002,23.19999999999966,38.9199999999999,92.31578947368425,22.133333333333464,33.8400000000001,19.59999999999979,8.944000000000006,11.19999999999994,10.533333333333438,29.599999999999987,12.933333333333294,15.199999999999978,38.71111111111108,13.066666666666162,22.666666666666558,9.747999999999994,37.640000000000015,7.360000000000023,6.35999999999997,25.919999999999867,15.999999999999538,27.839999999999698,24.800000000000246,25.36000000000007,29.759999999999906,36.28571428571422,9.423999999999998,9.331999999999999,8.949999999999992,39.86666666666672,27.35999999999992,9.009999999999986,16.26666666666653,9.945,33.599999999999994,26.20000000000003,32.857142857142854,28.733333333333203,8.620000000000003,8.379999999999988,31.800000000000157,5.854285714285719,7.900000000000002,7.886666666666653,31.799999999999805,7.419999999999982,20.40000000000022,7.6880000000000015,9.740000000000002,18.300000000000047,37.94999999999994,10.800000000000157,8.609999999999992,27.30000000000015,7.175000000000012,24.199999999999818,26.39999999999985,9.065000000000007,34.74999999999996,9.699999999999998,9.799999999999969,9.759999999999987,37.37777777777778,25.199999999999932,33.28000000000006,19.86666666666668,35.99999999999989,40.8,7.714999999999996,33.919999999999874,37.85454545454555,40.29999999999998,8.500000000000004,35.99999999999989,9.22000000000002,23.400000000000258,13.066666666666817,27.35999999999992,36.199999999999996,33.79999999999988,9.573333333333334,26.900000000000084,25.899999999999892,5.852000000000011,36.266666666666595,34.11428571428573,24.000000000000107,86.70833333333329,20.099999999999888,21.199999999999807,35.37142857142872,34.17142857142848,31.920000000000005,35.4000000000001,17.19999999999984,42.20000000000006,26.64000000000018,25.039999999999942,9.400000000000011,40.149999999999956,22.933333333333373,30.699999999999925,14.800000000000022,8.360000000000015,22.400000000000112,33.25714285714274,19.799999999999756,33.760000000000005,7.260000000000056,33.19999999999994,12.79999999999988,15.199999999999974,9.909999999999997,20.39999999999995,21.680000000000106,13.599999999999616,34.93333333333341,11.399999999999746,42.2444444444445,37.519999999999904,32.17142857142848,7.376666666666667,29.599999999999923,28.16000000000009,36.26666666666659,28.86666666666652,33.28000000000006,8.050000000000008,12.999999999999947,14.13333333333341,28.64000000000005,34.640000000000015,36.59999999999998,9.196666666666651,24.933333333333163,11.99999999999961,32.7333333333334,18.666666666666632,31.999999999999957,29.66666666666683,35.46666666666674,10.666666666666336,28.099999999999802
checkoutservice,15000,15000,15000,15000,15000,15000,15000,15000,15000,15000,15000,15000,15000,15000,15000,15000,15000,15000,15000,15000,15000,15000,15000,15000,15000,15000,15000,15000,15000,15000,15000,15000,15000,15000,15000,15000,15000,15000,15000,15000,15000,15000,15000,15000,15000,15000,15000,15000,15000,15000,15000,15000,15000,15000,15000,15000,15000,15000,15000,15000,15000,15000,15000,15000,15000,15000,15000,15000,15000,15000,15000,15000,15000,15000,15000,15000,15000,15000,15000,15000,15000,15000,15000,15000,15000,15000,15000,15000,15000,15000,15000,15000,15000,15000,15000,15000,15000,15000,15000,15000,15000,15000,15000,15000,15000,15000,15000,15000,15000,15000,15000,15000,15000,15000,15000,15000,15000,15000,15000,15000,15000,15000,15000,15000,15000,15000,15000,15000,15000,15000,15000,15000,15000,15000,15000,15000,15000,15000,15000,15000,15000,15000,15000,15000,15000,15000,15000,15000,15000,15000,15000,15000,15000,15000,15000,15000,15000,15000,15000,15000,15000,15000,15000,15000,15000,15000,15000,15000,15000,15000,15000,15000,15000,15000,15000,15000,15000,15000,15000,15000,15000,15000,15000,15000,15000,15000,15000,15000,15000,15000,15000,15000,15000,15000,15000,15000,15000,15000,15000,15000,15000,15000,15000,15000,15000,15000,15000,15000,15000,15000,15000,15000,15000,15000,15000,15000,15000,15000,15000,15000,15000,15000,15000,15000,15000,15000,15000,15000,15000,15000,15000,15000,15000,15000,15000,15000,15000,15000,15000,15000,15000,15000,15000,15000,15000,15000,15000,15000,15000,15000,15000,15000,15000,15000,15000,15000,15000,15000,15000,15000,15000,15000,15000,15000,15000,15000,15000,15000,15000,15000,15000,15000,15000,15000,15000,15000,15000,15000,15000,15000,15000,15000,15000,15000,15000,15000,15000,15000,15000,15000,15000,15000,15000,15000,15000,15000,15000,15000,15000,15000,15000,15000,15000,15000
currencyservice,15000,15000,15000,15000,15000,15000,15000,15000,15000,15000,15000,15000,15000,15000,15000,15000,15000,15000,15000,15000,15000,15000,15000,15000,15000,15000,15000,15000,15000,15000,15000,15000,15000,15000,15000,15000,15000,15000,15000,15000,15000,15000,15000,15000,15000,15000,15000,15000,15000,15000,15000,15000,15000,15000,15000,15000,15000,15000,15000,15000,15000,15000,15000,15000,15000,15000,15000,15000,15000,15000,15000,15000,15000,15000,15000,15000,15000,15000,15000,15000,15000,15000,15000,15000,15000,15000,15000,15000,15000,15000,15000,15000,15000,15000,15000,15000,15000,15000,15000,15000,15000,15000,15000,15000,15000,15000,15000,15000,15000,15000,15000,15000,15000,15000,15000,15000,15000,15000,15000,15000,15000,15000,15000,15000,15000,15000,15000,15000,15000,15000,15000,15000,15000,15000,15000,15000,15000,15000,15000,15000,15000,15000,15000,15000,15000,15000,15000,15000,15000,15000,15000,15000,15000,15000,15000,15000,15000,15000,15000,15000,15000,15000,15000,15000,15000,15000,15000,15000,15000,15000,15000,15000,15000,15000,15000,15000,15000,15000,15000,15000,15000,15000,15000,15000,15000,15000,15000,15000,15000,15000,15000,15000,15000,15000,15000,15000,15000,15000,15000,15000,15000,15000,15000,15000,15000,15000,15000,15000,15000,15000,15000,15000,15000,15000,15000,15000,15000,15000,15000,15000,15000,15000,15000,15000,15000,15000,15000,15000,15000,15000,15000,15000,15000,15000,15000,15000,15000,15000,15000,15000,15000,15000,15000,15000,15000,15000,15000,15000,15000,15000,15000,15000,15000,15000,15000,15000,15000,15000,15000,15000,15000,15000,15000,15000,15000,15000,15000,15000,15000,15000,15000,15000,15000,15000,15000,15000,15000,15000,15000,15000,15000,15000,15000,15000,15000,15000,15000,15000,15000,15000,15000,15000,15000,15000,15000,15000,15000,15000,15000,15000,15000,15000,15000,15000
emailservice,3.9200000000000004,42.8,3.9200000000000004,NaN,NaN,41.199999999999974,NaN,3.96,3.9200000000000004,32.400000000000006,42.00000000000006,3.96,NaN,37.999999999999986,3.948235294117647,NaN,NaN,44.799999999999976,NaN,3.9199999999999995,3.9200000000000004,3.9428571428571426,5.8199999999999985,3.92,NaN,5.64,41.99999999999995,89.00000000000004,3.96,9.64,5.120000000000003,30.8,7.36,37.199999999999925,3.9466666666666663,5.813333333333334,NaN,7.439999999999999,3.9200000000000004,3.96,NaN,NaN,3.96,9.280000000000001,40.39999999999999,3.9200000000000004,3.96,NaN,5.519999999999999,NaN,3.96,3.92,7.360000000000002,3.9200000000000004,3.942857142857142,3.9200000000000004,37.199999999999925,43.59999999999999,7.519999999999999,3.9199999999999995,7.52,3.96,NaN,5.679999999999999,3.9299999999999997,9.200000000000005,37.20000000000012,9.2,7.280000000000001,7.799999999999999,7.560000000000002,9.733333333333333,45.19999999999999,47.86666666666668,5.560000000000002,30.80000000000004,45.73333333333331,7.68,3.942857142857142,41.99999999999995,9.52,5.786666666666668,9.120000000000006,7.120000000000006,8.95999999999999,44.399999999999984,42.799999999999976,33.99999999999994,42.8,9.399999999999997,5.4799999999999995,5.799999999999999,7.280000000000001,5.839999999999999,8.95999999999999,47.714285714285694,3.9466666666666663,3.9555555555555553,7.76,40.39999999999999,7.440000000000001,42.53333333333336,43.066666666666634,36.400000000000034,5.440000000000001,5.76,7.040000000000001,7.639999999999997,7.52,45.199999999999974,5.440000000000001,39.59999999999994,7.28,5.719999999999999,3.9200000000000004,7.28,7.280000000000001,41.466666666666725,9.280000000000001,5.786666666666668,7.359999999999996,7.68,7.360000000000006,3.944,40.40000000000002,9.52,5.679999999999998,34.00000000000011,3.9333333333333327,3.956363636363636,44.13333333333331,33.99999999999994,7.1999999999999975,44.66666666666664,32.40000000000006,9.040000000000003,9.599999999999998,9.439999999999998,8.959999999999999,39.599999999999994,7.52,3.9418181818181823,9.440000000000001,7.559999999999999,7.52,46.79999999999999,7.52,30.80000000000004,47.06666666666668,32.40000000000006,9.84,5.679999999999998,7.28,4.959999999999991,41.20000000000003,45.84000000000002,7.82,27.599999999999852,3.9466666666666668,40.39999999999999,27.599999999999852,5.720000000000001,3.9466666666666663,47.33333333333333,3.96,3.952941176470588,7.600000000000003,3.9200000000000004,3.92,46.00000000000003,NaN,NaN,NaN,41.20000000000004,5.6800000000000015,3.96,3.9199999999999995,29.19999999999986,3.96,NaN,8.959999999999994,3.96,3.96,NaN,9.52,3.96,3.92,3.9200000000000004,7.360000000000006,NaN,NaN,3.96,9.599999999999998,NaN,NaN,NaN,NaN,37.20000000000012,3.96,45.73333333333336,3.953333333333333,NaN,3.96,3.9200000000000004,7.440000000000001,5.92,3.9200000000000004,3.96,7.280000000000001,3.9200000000000004,3.96,NaN,7.439999999999999,NaN,3.96,NaN,5.280000000000001,3.9200000000000004,3.96,7.64,5.84,7.280000000000001,3.933333333333333,3.9499999999999997,7.719999999999999,7.866666666666665,5.84,40.39999999999999,9.68,42.00000000000006,3.96,37.999999999999986,7.12,9.52,9.360000000000007,41.20000000000003,9.73333333333333,7.64,9.359999999999996,43.599999999999966,9.2,3.96,9.360000000000007,9.439999999999998,30.80000000000004,5.360000000000006,43.60000000000004,7.280000000000001,5.28,32.40000000000006,7.559999999999999,7.1999999999999975,7.76,9.2,3.9569230769230765,45.2,7.599999999999998,41.20000000000004,7.120000000000006,5.599999999999998,37.2,3.942857142857143,86.00000000000003,7.360000000000006,8.95999999999999,8.879999999999999,46,9.706666666666667,9.52,7.759999999999998,76.00000000000006,7.64,9.679999999999998,7.733333333333331,5.359999999999996,7.560000000000001,5.776000000000001,33.99999999999994,9.279999999999994,8.959999999999999,3.9418181818181823,27.599999999999987,46.26666666666668,42.00000000000006,5.780000000000001,7.279999999999994,39.599999999999966,45.199999999999996,45.600000000000016,5.360000000000006,5.719999999999999,7.280000000000001,5.813333333333334,40.39999999999999,45.2,7.8999999999999995,41.20000000000004,9.04,37.20000000000012,9.279999999999994,7.28,7.733333333333335,5.824,47.12
flagd,15000,15000,15000,15000,15000,15000,15000,15000,15000,15000,15000,15000,15000,15000,8649.999999999944,15000,15000,15000,15000,15000,15000,15000,15000,15000,15000,15000,15000,15000,15000,15000,15000,15000,15000,15000,15000,15000,15000,15000,15000,15000,15000,15000,15000,15000,15000,15000,15000,15000,15000,15000,15000,15000,15000,15000,15000,15000,15000,15000,15000,15000,15000,15000,15000,15000,15000,15000,15000,15000,15000,15000,15000,15000,15000,15000,15000,15000,15000,15000,15000,15000,15000,15000,15000,15000,15000,15000,15000,15000,11550.000000000035,15000,15000,15000,15000,15000,15000,15000,15000,15000,15000,15000,15000,15000,15000,14799.999999999967,15000,15000,15000,15000,15000,15000,15000,15000,15000,15000,15000,15000,15000,14816.666666666624,15000,15000,15000,15000,15000,15000,15000,15000,15000,15000,15000,15000,15000,13999.999999999975,15000,12200.00000000016,15000,15000,15000,15000,15000,15000,15000,15000,15000,15000,15000,15000,15000,15000,15000,15000,15000,15000,15000,15000,15000,15000,15000,15000,15000,15000,15000,15000,15000,15000,15000,15000,15000,15000,15000,15000,15000,15000,15000,15000,15000,15000,15000,15000,15000,15000,15000,15000,15000,15000,15000,15000,15000,15000,15000,15000,15000,15000,15000,15000,15000,15000,15000,15000,13899.999999999984,15000,15000,15000,15000,15000,15000,15000,15000,15000,15000,15000,15000,15000,15000,15000,15000,15000,15000,15000,15000,15000,15000,15000,15000,15000,15000,15000,15000,15000,15000,15000,15000,15000,15000,15000,15000,15000,10149.999999999918,15000,15000,15000,15000,15000,15000,15000,13100.00000000007,15000,15000,15000,15000,15000,12125.000000000047,15000,15000,15000,15000,15000,15000,15000,15000,15000,15000,15000,15000,15000,15000,15000,15000,15000,15000,15000,14866.66666666668,15000,15000,15000,15000,13800.000000000075,15000,15000,15000,15000,15000,14483.333333333332,15000,15000,15000,15000,15000,15000,15000,15000,15000,15000,15000,15000,15000,15000,15000,15000,15000,15000,15000,15000,15000,15000
frauddetectionservice,1.98,3.91,1.98,NaN,NaN,3.7799999999999976,NaN,1.98,1.98,5.779999999999998,NaN,1.98,NaN,3.87142857142857,5.6700000000000035,NaN,NaN,7.739999999999997,NaN,1.98,1.98,1.98,3.460000000000002,1.98,NaN,9.459999999999997,3.9,5.835000000000002,1.98,5.7299999999999995,3.6700000000000026,5.76,3.790000000000001,3.84,1.98,1.98,NaN,5.579999999999998,1.98,1.98,NaN,9.340000000000003,1.98,3.8199999999999994,1.98,1.98,1.98,NaN,3.76,NaN,1.98,1.98,7.840000000000001,1.98,1.98,3.5200000000000014,7.5200000000000005,3.897142857142857,3.88,1.98,9.91,1.98,3.96,3.84,1.9800000000000002,7.799999999999999,3.88,5.4,7.819999999999999,1.98,5.780000000000002,3.8,5.819999999999999,3.76,3.6400000000000006,3.2800000000000016,3.88,3.8200000000000003,5.8,7.400000000000001,5.88,3.88,3.8350000000000017,5.340000000000003,3.869999999999999,3.8599999999999994,5.82,3.9333333333333336,3.91,3.8499999999999996,7.739999999999998,1.98,5.819999999999999,3.91,7.739999999999997,3.925,3.6400000000000006,3.6999999999999997,3.6400000000000006,1.98,3.8599999999999994,5.579999999999998,3.9219999999999993,5.66,3.8599999999999994,3.8199999999999994,3.879999999999999,3.8920000000000003,3.88,3.46,5.859999999999999,3.9290909090909087,3.91,3.8599999999999994,5.859999999999999,3.8200000000000003,3.8649999999999998,3.6799999999999997,3.4599999999999973,9.84,3.9466666666666668,5.819999999999999,1.98,3.8599999999999994,5.91,3.88,3.92,7.799999999999999,3.94,5.88,5.779999999999998,1.98,5.8,1.98,5.780000000000002,5.760000000000001,3.9175000000000004,7.74,5.913333333333333,5.219999999999991,3.91,1.98,3.8599999999999994,3.905714285714285,3.6400000000000006,7.8,3.9485714285714284,3.7600000000000007,7.780000000000002,5.780000000000002,3.92,3.88,3.46,3.8200000000000003,5.780000000000002,5.22,3.91,3.160000000000001,3.6399999999999983,3.8200000000000003,5.160000000000001,47.199999999999996,3.9,3.8,1.98,5.8,3.9142857142857137,1.98,1.98,NaN,NaN,NaN,NaN,1.9800000000000002,3.88,1.98,1.98,1.98,1.98,NaN,1.98,3.804999999999998,3.94,NaN,3.8200000000000003,1.98,1.98,1.98,1.98,3.8599999999999994,NaN,1.98,1.98,NaN,NaN,NaN,NaN,5.84,1.98,3.9466666666666663,3.8950000000000005,NaN,1.98,1.98,3.8599999999999994,3.94,1.98,1.98,3.8199999999999994,1.98,1.98,NaN,3.8599999999999994,NaN,3.9399999999999995,NaN,5.819999999999999,1.98,1.98,3.9228571428571426,3.88,1.98,3.8999999999999995,3.8,5.72,3.9,3.88,3.94,7.759999999999999,3.799999999999999,3.96,3.8199999999999985,1.98,3.6399999999999983,5.84,3.890000000000001,1.98,3.4599999999999973,5.5200000000000005,3.84,3.8,1.98,1.98,3.8950000000000005,NaN,NaN,1.98,3.8199999999999994,3.8200000000000003,7.780000000000002,3.889999999999999,1.98,7.819999999999999,1.98,3.8600000000000003,5.8199999999999985,5.85,3.868000000000001,3.890000000000001,1.98,3.52,1.98,3.8599999999999994,5.520000000000001,5.219999999999995,3.8885714285714275,5.6999999999999975,3.8350000000000017,1.98,5.82,5.760000000000001,3.9459999999999997,NaN,3.4000000000000012,1.98,5.340000000000005,3.832,1.98,1.98,7.219999999999991,5.84,5.719999999999999,3.916,3.8999999999999995,1.9800000000000002,5.82,3.922,3.6400000000000006,3.9057142857142866,5.520000000000001,1.9800000000000002,7.7299999999999995,1.98,1.98,3.879999999999999,3.966666666666667,5.780000000000002,1.98,1.98,1.98,3.8200000000000003,7.399999999999997,7.8,3.8199999999999994
frontend,76.85000000000151,1868.562500000001,2633.7499999999472,1676.8999999999835,1712.7500000000027,15000,1823.5000000000225,1786.0000000000023,4137.499999999868,15000,49.63881537492123,1678.6249999999939,49.95477671000565,13798.076923076715,10469.999999999687,1573.8928571428607,1592.8333333333132,12637.99999999998,3681.8750000000427,1705.5000000000011,1716.2631578947312,1851.9285714285727,11280.4347826087,1900.04545454546,1990.4642857142799,14947.058823529409,15000,12638.636363636397,3370.4545454545496,14202.777777777868,14655.172413793043,12924.000000000202,10980.769230769281,2213.157894736765,11159.523809523598,11743.749999999953,1515.2692307692294,15000,1712.2999999999988,1573.5384615384557,1660.2499999999814,2234.2857142857,827.666666666695,15000,15000,1717.3181818181874,1923.7500000000036,1542.9811320754702,13882.608695652552,1722.6500000000049,2542.9999999998954,4880.000000000193,11500,49.90333817126271,10597.058823529675,11409.523809523931,14536.95652173884,15000,1825.999999999992,15000,1879.4545454545228,1497.200000000001,1910.9545454545632,11650.000000000544,11800.000000000358,15000,1886.0000000000055,15000,15000,4016.666666666717,15000,15000,15000,12937.499999999847,15000,12908.333333333412,1620.375000000015,12225.000000000355,15000,6312.499999998881,1741.3333333333396,14486.363636363649,15000,3333.333333333207,15000,15000,15000,10571.87499999977,836.4999999999347,15000,14036.3636363638,11797.727272727368,3706.666666666737,15000,12486.111111111124,4622.857142857711,4410.588235294108,1201.2307692307577,10354.54545454559,13268.421052631518,15000,14984.615384614874,15000,15000,13957.894736841828,15000,15000,15000,10013.157894736381,10071.428571428385,10189.285714285917,1480.1428571428496,15000,1615.5384615384505,1391.3636363636285,15000,14731.034482758521,15000,15000,11031.250000000186,11992.857142857203,15000,2063.5294117647086,1441.9999999999852,12612.96296296261,3355.9999999998404,1865.3750000000032,10499.999999999476,900,1399.6000000000045,15000,3463.99999999982,15000,1748.7499999999393,12598.148148148166,11129.411764705765,15000,15000,15000,15000,49.903259005145806,14527.500000000487,7212.499999998966,15000,12168.965517241279,3806.1764705880832,10861.363636363532,15000,10277.08333333329,15000,10950.00000000005,1271.304347826068,11735.714285714223,1050.4285714285643,15000,13022.499999999902,15000,13727.77777777771,15000,14789.130434782663,13419.565217391482,11100.0000000003,11690.384615384637,10078.846153845849,905.4999999999574,11578.846153846082,15000,1266.2727272727245,49.48680641183725,1037.000000000008,806.0000000001842,1798.2499999999877,1294.1428571428514,10347.826086956213,15000,1109.777777777785,49.18192534381139,15000,2854.999999998721,1320.6153846153952,1051.1428571428596,15000,1083.4999999999854,83.17391304347913,15000,1117.7499999999995,1349.7777777777708,1258.0000000000095,15000,1109.2500000000246,1085.8536585365769,10767.241379310355,15000,1035.624999999989,1285.9999999999984,89.33333333332911,4716.153846153871,50.166666666666515,1268.272727272734,12337.499999999949,10463.636363636228,1311.2500000000023,1393.3658536585326,1388.8999999999899,2177.4999999999086,49.84734982332155,1233.1538461538446,976.3999999999696,15000,1353.499999999991,1296.8000000000025,1056.5555555555595,4772.000000000434,1219.0000000000007,1083.4999999999823,1079.9999999999955,15000,1055.0000000000061,49.82580645161293,15000,1595.0000000000127,11345.833333333323,11985.7142857142,5474.999999998742,15000,1600.9999999999054,1325.6000000000113,3655.714285714329,11006.521739130454,12552.380952380961,3015.384615384706,15000,63.46666666666442,4157.8571428568575,14040.909090909052,3732.4999999993606,15000,15000,15000,12750.000000000055,13816.666666666722,1359.7500000000257,5333.333333332955,11161.904761904829,1361.846153846153,98.35294117646856,11037.499999999862,15000,15000,11853.12500000013,11805.88235294088,15000,15000,12235.714285714506,13113.043478260981,15000,4890.000000000331,15000,15000,14900.000000000404,1374.4999999999789,12780.952380952653,4205.882352941291,15000,15000,15000,15000,15000,3353.3333333333017,15000,1416.500000000037,13346.4285714285,1265.5833333333285,1360.400000000015,1647.5000000001278,14832.499999999758,15000,11954.761904761704,15000,15000,15000,11830.555555555708,11500.00000000059,14884.99999999997,11702.083333333325,14707.99999999996,13618.571428571433,14694.736842104998,15000,1403.749999999996,1494.4999999999118,11235.714285714572,11261.904761904447,102.00000000000966,15000,15000,4617.500000000071,12447.619047619428,3313.3333333333967,1046.0833333333344,11927.419354838708,4110.000000000347,15000,15000
frontend-web,15000,15000,15000,15000,15000,15000,15000,15000,15000,15000,15000,15000,15000,15000,15000,15000,15000,15000,15000,15000,15000,15000,15000,15000,15000,15000,15000,15000,15000,15000,15000,15000,15000,15000,15000,15000,15000,15000,15000,15000,15000,15000,15000,15000,15000,15000,15000,15000,15000,15000,15000,15000,15000,15000,15000,15000,15000,15000,15000,15000,15000,15000,15000,15000,15000,15000,15000,15000,15000,15000,15000,15000,15000,15000,15000,15000,15000,15000,15000,15000,15000,15000,15000,15000,15000,15000,15000,15000,15000,15000,15000,15000,15000,15000,15000,15000,15000,15000,15000,15000,15000,15000,15000,15000,15000,15000,15000,15000,15000,15000,15000,15000,15000,15000,15000,15000,15000,15000,15000,15000,15000,15000,15000,15000,15000,15000,15000,15000,15000,15000,15000,15000,15000,15000,15000,15000,15000,15000,15000,15000,15000,15000,15000,15000,15000,15000,15000,15000,15000,15000,15000,15000,15000,15000,15000,15000,15000,15000,15000,15000,15000,15000,15000,15000,15000,15000,15000,15000,15000,15000,15000,15000,15000,15000,15000,15000,15000,15000,15000,15000,15000,15000,15000,15000,15000,15000,15000,15000,15000,15000,15000,15000,15000,15000,15000,15000,15000,15000,15000,15000,15000,15000,15000,15000,15000,15000,15000,15000,15000,15000,15000,15000,15000,15000,15000,15000,15000,15000,15000,15000,15000,15000,15000,15000,15000,15000,15000,15000,15000,15000,15000,15000,15000,15000,15000,15000,15000,15000,15000,15000,15000,15000,15000,15000,15000,15000,15000,15000,15000,15000,15000,15000,15000,15000,15000,15000,15000,15000,15000,15000,15000,15000,15000,15000,15000,15000,15000,15000,15000,15000,15000,15000,15000,15000,15000,15000,15000,15000,15000,15000,15000,15000,15000,15000,15000,15000,15000,15000,15000,15000,15000,15000,15000,15000,15000,15000,15000,15000,15000,15000,15000,15000,15000,15000
frontendproxy,1646.6000000000042,1523.199999999997,14334.999999999922,1927.1999999999878,4182.499999999825,10687.499999999969,4050.000000000025,14256.000000000018,12680.952380952349,10172.727272727476,1884.285714285693,1835.5625000000082,10589.999999999984,3020.0000000000664,1852.5714285714316,1946.8000000000075,11783.333333333356,4444.99999999945,11776.470588235345,4589.999999999942,1956.105263157891,1989.0714285714137,3950.0000000000764,10666.66666666669,12344.827586206819,12700.000000000004,13367.857142857172,1638.6666666666551,11494.000000000126,10697.727272727194,12797.727272727234,2948.7500000000937,10569.444444444354,1859.5454545454506,11332.499999999987,11121.42857142849,1878.2857142857188,3891.6666666665988,1950.3636363636156,1825.5555555555582,1879.1818181818096,1904.499999999986,10441.176470588323,10996.875000000322,13481.250000000025,3019.999999999386,11106.249999999956,3031.9999999999527,12497.36842105266,2365.0000000001037,12733.333333333369,11802.631578947348,10363.461538461428,1907.6666666666702,1904.0000000000132,10164.285714285887,11968.421052631484,13038.235294117396,1527.5000000000439,1857.2857142857279,1555.4545454545232,2855.000000000294,2555.000000000059,3005.000000000371,1985.8999999999912,4249.99999999984,1427.3000000000113,11278.260869565227,13232.608695652074,11444.444444444402,12142.857142857056,10285.000000000015,13426.315789473705,11679.166666666786,13356.66666666654,6699.99999999968,10447.05882352925,10395.652173913026,10878.947368421032,1865.7499999999873,1709.0000000000005,13389.130434782608,11673.07692307681,4260.00000000012,1940.0000000000512,11585.714285714368,11081.249999999682,2965.99999999981,3265.0000000002856,11918.181818181922,10891.999999999842,10563.461538461546,1867.4000000000017,13255.000000000065,4734.999999999946,1765.250000000008,1669.9999999999745,1375.7333333333236,1733.0000000000102,6349.999999997996,12796.428571428514,12144.999999999827,13659.999999999778,11131.250000000024,12026.190476190372,11265.789473684286,11923.333333333432,11826.47058823541,2427.5000000001014,1950.799999999987,10666.66666666654,2974.9999999999363,10994.736842105187,1140.799999999968,3140.0000000000573,11836.111111111073,12666.12903225801,12340.909090908943,13594.736842105267,11719.999999999922,3094.9999999989545,11842.50000000008,1789.2499999999848,1294.88888888889,1957.5714285714453,1369.4999999999893,2232.5000000000496,1921.999999999989,1051.6000000000063,1365.1764705882326,11500.000000000116,1962.4999999999682,12252.941176470536,1252.7777777777765,3298.9999999999654,10156.521739130443,4321.249999999884,12442.85714285705,3380.000000000196,1806.4999999999588,1225.5384615384507,2844.999999999902,4627.99999999994,11282.60869565232,4639.999999999898,3647.2727272727116,2337.499999999712,11204.54545454535,2557.4999999999936,10107.69230769265,12398.148148148168,1346.9999999999916,11611.363636363576,1711.9999999998875,12882.142857142862,1406.0000000000653,15000,9675.000000000404,11853.124999999862,10265.000000000264,4327.727272727251,10180.000000000005,5999.999999999147,10185.714285714243,1823.999999999975,2990.000000000096,15000,10824.999999999902,1119.1999999999987,4212.499999999833,11399.999999999995,15000,12755.555555555396,1383.0000000000005,1483.9999999999795,1398.9230769230805,1262.2857142857379,13902.631578947377,13425.000000000082,10629.999999999958,11279.166666666608,15000,10269.04761904742,1302.909090909079,10618.42105263167,4984.999999999953,2769.999999999882,11199.999999999758,3912.499999999648,10479.999999999955,3207.4999999998654,13561.904761904774,13184.782608695632,1612.9999999999206,13178.57142857157,1223.2727272727243,1341.9999999999939,3064.9999999996035,12380.769230769209,10091.666666666688,1811.0000000000487,11079.999999999676,14133.333333333394,12721.42857142846,2097.5000000000346,1143.4285714285695,3856.2499999996962,2742.499999999751,10600.00000000003,12664.516129032287,12464.999999999958,4605.00000000037,2963.7500000002055,6599.999999999318,10095.454545454453,12892.857142857112,10749.999999999825,10029.629629629508,1190.9090909090912,4684.999999999756,1852.9999999999668,1312.8888888888857,1395.7000000000012,1365.8571428571424,14258.333333333278,1365.8823529411873,1303.0666666666662,3667.499999999909,1289.1999999999928,3760.0000000000737,2314.999999999992,12843.74999999986,1339.272727272723,1399.2857142857142,11656.250000000186,1913.9999999999025,3910.9999999999472,11697.500000000027,4018.571428571432,11720.000000000293,9700.000000000127,1244.3333333333408,4824.285714285546,1429.9999999999231,15000,2532.5000000000646,1485.4999999999015,11517.647058823513,13234.615384615228,10991.304347826086,1325.0769230769256,11625.000000000036,10703.333333333376,3667.142857142913,12328.947368420944,14260.86956521744,3391.2500000000723,1384.869565217386,11763.461538461526,1857.4999999999936,1272.181818181811,3360.0000000001933,3604.9999999999104,12987.500000000096,11982.14285714272,12511.904761904954,11842.500000000013,10728.947368421026,2565.714285714244,12553.571428571438,1285.8571428571424,10475.000000000002,10439.473684210605,1202.142857142855,4587.500000000232,10176.190476190512,11363.157894736949,1981.9999999999131,12673.809523809457,4430.000000000518,15000,1377.2307692307745,3259.999999999693,11002.631578947325,5650.000000000298,10928.571428571415,10610.294117647081,11292.500000000024,12178.947368420937,1327.2380952380918,4565.000000000346,1336.9999999999986,2903.75000000022,988.5000000000038,11581.818181818295,12179.99999999983,3087.50000000012,10685.000000000022,1876.9999999997467,1346.2857142857029,11336.666666666657,1236.2352941176343,13832.142857142931,10603.571428571364
imageprovider,1.98,1.98,1.98,1.98,1.98,1.9799999999999998,1.9799999999999998,1.98,1.98,1.98,1.98,1.98,1.98,1.98,1.98,1.9799999999999998,1.9800000000000002,1.98,1.9800000000000002,1.98,1.98,1.98,1.9800000000000002,1.9799999999999998,1.9799999999999998,1.9799999999999998,1.9800000000000002,1.98,1.9799999999999998,1.98,1.9800000000000002,1.98,1.9799999999999998,1.98,1.98,1.98,1.98,1.98,1.9799999999999998,1.98,1.98,1.98,1.98,1.98,1.98,1.98,1.98,1.98,1.98,1.9800000000000002,1.9799999999999998,1.98,1.9799999999999998,1.98,1.98,1.98,1.98,1.98,1.98,1.9800000000000002,1.9799999999999998,1.98,1.9799999999999998,1.98,1.98,1.9800000000000002,1.98,1.98,1.98,1.9799999999999998,1.98,1.98,1.9800000000000002,1.98,1.98,1.9800000000000002,1.98,1.98,1.98,1.98,1.98,1.98,1.98,1.9800000000000002,1.98,1.98,1.9799999999999998,1.9799999999999998,1.98,1.98,1.98,1.98,1.98,1.98,1.98,1.9800000000000002,1.9799999999999998,1.98,1.9800000000000002,1.98,1.98,1.98,1.98,1.98,1.9800000000000002,1.98,1.9800000000000002,1.98,1.98,1.98,1.98,1.9800000000000002,1.98,1.98,1.9799999999999998,1.98,1.98,1.9800000000000002,1.98,1.9800000000000002,1.9800000000000002,1.9799999999999998,1.9799999999999998,1.9799999999999998,1.98,1.98,1.98,1.98,1.98,1.98,1.98,1.98,1.9800000000000002,1.98,1.98,1.98,1.98,1.98,1.98,1.98,1.98,1.98,1.98,1.98,1.9800000000000002,1.98,1.98,1.98,1.98,1.98,1.98,1.9799999999999998,1.98,1.9799999999999998,1.98,1.98,1.98,1.98,1.9799999999999998,1.9799999999999998,1.9800000000000002,1.98,1.98,1.98,1.9800000000000002,1.98,1.98,1.9799999999999998,1.98,1.98,1.98,1.9800000000000002,1.98,1.98,1.98,1.9799999999999998,1.98,1.98,1.98,1.9800000000000002,1.98,1.9799999999999998,1.98,1.9799999999999998,1.98,1.9799999999999998,1.98,1.9799999999999998,1.98,1.98,1.9799999999999998,1.98,1.98,1.98,1.98,1.9799999999999998,1.9799999999999998,1.98,1.9799999999999998,1.98,1.98,1.98,1.9799999999999998,1.9799999999999998,1.98,1.9799999999999998,1.9800000000000002,1.9799999999999998,1.98,1.98,1.9799999999999998,1.98,1.98,1.98,1.98,1.9800000000000002,1.98,1.98,1.98,1.98,1.98,1.98,1.98,1.9800000000000002,1.9799999999999998,1.98,1.9800000000000002,1.98,1.98,1.9799999999999998,1.98,1.98,1.98,1.9799999999999998,1.98,1.9800000000000002,1.98,1.98,1.9799999999999998,1.9799999999999998,1.98,1.98,1.98,1.98,1.98,1.98,1.9799999999999998,1.98,1.9800000000000002,1.98,1.98,1.98,1.98,1.98,1.98,1.9799999999999998,1.98,1.9799999999999998,1.98,1.98,1.9800000000000002,1.98,1.98,1.9799999999999998,1.9799999999999998,1.9800000000000002,1.9800000000000002,1.98,1.98,1.98,1.98,1.9799999999999998,1.98,1.98,1.9799999999999998,1.9799999999999998,1.98,1.98,1.98,1.98,1.98,1.98,1.9800000000000002,1.9800000000000002,1.98,1.9799999999999998,1.9799999999999998,1.98,1.98,1.98,1.9800000000000002,1.98,1.98,1.98,1.98,1.98,1.9800000000000002,1.98,1.9799999999999998,1.98,1.98,1.98,1.9799999999999998,1.9799999999999998
loadgenerator,184.3846153846153,153.14285714286098,1859.60000000001,198.38461538461587,1856.6666666666679,1814.749999999985,1801.1428571428341,12799.999999999958,10478.571428571464,1711.142857142861,179.52380952380943,1789.199999999994,198.37499999999932,1651.9999999999682,1523.7499999999839,188.5833333333378,1551.0000000000225,1816.4000000000337,1796.6000000000022,4280,1606.7999999999927,221.59999999999746,1489.999999999994,1644.6666666666515,4087.9999999998954,10387.500000000075,11199.999999999938,185.35714285714278,1710.7999999999877,1868.000000000006,1841.5999999999985,386.99999999999625,1454.0000000000061,138.99999999999494,1728.500000000001,1458.9999999999966,1491.0909090908922,3031.2499999999527,1571.9999999999986,389.5555555555593,1402.9999999999718,183.99999999999628,1552.999999999979,1562.0000000000084,1911.1999999999925,156.249999999997,1862.545454545461,329.4999999999866,1751.2307692307572,1579.999999999986,1902.0000000000023,3634.999999999928,1751.7499999999818,343.6000000000174,182.22222222222166,179.0000000000009,10045.00000000001,11811.111111111157,125.99999999999949,99.91176470588255,180.58823529411512,1441.3333333333396,194.42857142856434,1654.1818181818512,183.59999999999985,1549.454545454528,171.28571428571536,1979.7500000000018,1671.2000000000098,1499.5999999999917,1572.000000000023,1938.2857142856915,1955.4285714285538,1866.6666666666729,1958.7500000000055,10775.000000000018,1651.000000000002,1703.3333333333444,10199.999999999915,154.25000000000247,161.6363636363645,1971.7142857142785,1577.6000000000074,393.33333333332484,142.50000000000188,1574.6666666666713,1887.500000000006,1717.3333333333546,186.31578947368334,1831.2499999999845,2669.999999999764,1560.9999999999977,1152.6666666666733,7750.000000000853,1906.6666666666654,247.19999999999666,1095.9999999999955,174.24999999999747,1541.4285714285518,334.00000000000085,2310.0000000000546,10690.909090909146,10366.666666666644,1604.0000000000348,1928.8571428571386,1630.5714285714516,1775.999999999995,1510.9999999999857,378.000000000005,178.28571428571576,1370.0000000000255,1485.8000000000102,1848.8000000000197,170.22222222222132,1085.5000000000036,1113.3333333333196,11018.75000000009,1856.6000000000113,1966.4000000000096,1543.9999999999927,1257.1428571428555,1180.799999999998,394.7999999999976,95.03225806451624,191.47058823529449,1250.6666666666463,1135.9999999999625,1255.9999999999925,99.8555555555555,194.2142857142834,1937.600000000032,180.42857142857346,168.20000000000118,93.08823529411829,196.727272727276,148.9999999999988,1386.6666666666788,1838.0000000000166,95.68918918918892,171.79999999999723,110.28571428570918,1566.4999999999964,1554.9999999999848,2197.1428571430233,399.4999999999994,1292.0000000000127,319.99999999998295,371.9999999999824,1218.857142857123,1365.5999999999926,1180.6666666666845,138.85714285714386,1570.9999999999866,173.47619047618912,1861.9999999999704,98.60256410256417,1806.8000000000043,189.0000000000013,4069.9999999998017,1147.428571428573,2801.00000000004,1182.0000000000139,1019.4285714285586,1371.9999999999714,342.33333333333525,368.79999999998836,11200.000000000127,1049.9999999999973,350.8000000000039,323.500000000005,1466.000000000036,1763.0000000000177,1196.5714285714243,1062.3999999999892,1960.4000000000644,1151.4285714285793,130.55555555555662,11980.000000000053,1978.999999999975,1208.727272727282,1098.0000000000014,1591.9999999999054,1571.6000000000643,187.99999999999972,1570.0000000000014,1201.5999999999992,1626.0000000000136,1247.9999999999932,1176.8888888889078,191.3333333333298,178.00000000000358,12370.00000000008,1352.0000000000239,1491.500000000037,1363.9999999999986,189.75000000000094,177.13333333333026,400,1222.9999999999736,1136.8000000000072,196.6153846153863,1281.600000000009,1288.8888888888846,1367.9999999999945,97.08695652173974,197.9230769230768,372.99999999999744,251.66666666666157,1156.99999999999,1390.857142857144,1277.7777777777646,1054.0000000000116,170.66666666667254,1100.5714285714525,183.0625000000026,174.3000000000034,1376.9999999999825,1263.9999999999911,143.9999999999983,1115.999999999992,197.6249999999999,175.20000000000448,1180.8000000000004,125.99999999999773,12799.999999999989,1002.4999999999977,193.3125000000018,343.9999999999284,385.99999999997146,1081.9999999999961,1186.6666666666554,10679.16666666682,180.6666666666656,268.0000000000145,1191.9999999999957,96.45652173913071,193.99999999999795,1126.5000000000077,1370.909090909093,4324.999999999609,1362.666666666631,106.9999999999977,1252.6666666666663,1017.0000000000025,1347.3333333333328,343.0909090909024,1070.8571428571317,1331.5000000000066,1838.0000000000166,336.49999999998647,185.60000000000127,1924.3999999999992,3388.5714285714757,1073.5999999999965,1305.000000000003,1706.0000000000225,1170.9999999999554,1328.0000000000132,1286.5000000000048,198.16666666666617,199.57142857142725,1030.28571428572,165.26666666666472,10405.555555555522,1317.777777777776,1960.9999999999864,1212.000000000006,1540.9999999999416,330.0000000000597,1213.99999999999,156.33333333333326,10260.714285714264,1225.1999999999873,285.33333333332274,1093.1428571428498,1238.9090909090908,11899.999999999964,235.9999999999821,10269.999999999844,1147.4999999999889,12800.000000000186,193.2727272727268,1139.9999999999939,1165.9999999999927,193.4666666666658,1141.7777777777667,151.0000000000007,11473.07692307689,1583.0000000000102,1085.8461538461593,1321.7142857142812,199.76470588235264,1108.8000000000104,143.17647058823695,2400.000000000057,1171.1111111111086,179.38095238095417,1229.4999999999911,1025.3333333333496,160.8181818181835,1273.500000000002,394.0000000000155,1025.9999999999982,1382.66666666666
paymentservice,1.9800000000000002,1.98,1.9800000000000002,NaN,NaN,1.98,NaN,1.98,1.9800000000000002,1.98,1.9800000000000002,1.9800000000000002,NaN,1.98,1.98,NaN,NaN,1.98,NaN,1.98,1.9800000000000002,1.98,1.98,1.98,NaN,1.98,1.9799999999999998,1.98,1.9800000000000002,1.98,1.98,1.98,1.98,1.98,1.98,1.98,NaN,1.98,1.9800000000000002,1.9800000000000002,NaN,1.98,1.98,1.98,1.98,1.9800000000000002,1.9800000000000002,NaN,1.98,NaN,1.9800000000000002,1.98,1.98,1.9800000000000002,1.9799999999999998,1.98,1.98,1.98,1.98,1.98,1.98,1.9800000000000002,NaN,1.98,NaN,1.9800000000000002,1.9800000000000002,1.98,1.98,1.98,1.98,1.98,1.98,1.9800000000000002,1.98,1.98,NaN,1.98,1.9799999999999998,7.799999999999999,1.98,1.9800000000000002,1.98,1.98,1.98,NaN,1.98,1.9799999999999998,1.9800000000000002,NaN,1.98,1.9799999999999998,1.98,1.9799999999999998,1.98,1.9799999999999998,1.98,1.9799999999999998,1.98,1.98,1.98,1.98,1.98,1.98,1.98,1.98,1.98,1.9799999999999998,1.98,1.98,1.98,NaN,1.98,1.98,1.98,1.98,1.98,1.9800000000000002,1.98,1.9800000000000002,1.98,1.9800000000000002,1.9800000000000002,1.98,1.98,1.98,1.98,3.8000000000000016,1.9799999999999998,1.98,1.98,1.9799999999999998,1.9799999999999998,1.98,1.98,1.98,NaN,1.98,1.98,1.98,1.9800000000000002,3.680000000000002,1.98,1.98,1.98,1.98,1.98,1.98,1.98,1.98,1.98,1.98,1.98,1.9800000000000002,1.98,1.9800000000000002,1.98,1.98,1.98,1.98,1.98,1.98,1.9799999999999998,1.98,1.98,1.9799999999999998,1.9800000000000002,1.9800000000000002,1.98,NaN,NaN,NaN,NaN,3.780000000000001,1.9800000000000002,1.9800000000000002,1.98,1.98,1.98,NaN,1.98,1.98,1.9800000000000002,NaN,1.98,1.98,1.98,1.9800000000000002,1.9800000000000002,1.98,NaN,1.98,1.9799999999999998,NaN,NaN,NaN,NaN,1.9800000000000002,1.9800000000000002,3.680000000000002,1.98,NaN,1.9800000000000002,1.9800000000000002,1.98,1.9800000000000002,1.9800000000000002,1.9800000000000002,1.98,1.9800000000000002,1.9800000000000002,NaN,1.98,NaN,1.98,NaN,1.98,1.9800000000000002,1.9800000000000002,1.98,1.98,1.98,1.98,1.9799999999999998,3.4399999999999986,1.9799999999999998,1.98,1.98,1.98,1.9800000000000002,1.98,7.3999999999999995,1.98,1.98,1.9800000000000002,1.98,1.9800000000000002,1.98,1.98,1.98,1.98,1.9800000000000002,1.9800000000000002,1.98,NaN,NaN,1.9800000000000002,1.98,1.98,3.7800000000000007,1.98,1.9799999999999998,1.98,1.98,1.98,3.7600000000000007,1.9799999999999998,1.98,1.98,1.9799999999999998,1.98,1.9800000000000002,1.98,1.9800000000000002,1.98,1.98,1.98,NaN,1.98,1.9799999999999998,1.98,1.98,NaN,1.9799999999999998,1.98,3.9120000000000004,1.98,1.9799999999999998,1.9799999999999998,1.98,1.9800000000000002,1.98,1.98,1.9800000000000002,1.98,1.9799999999999998,1.98,1.98,1.98,1.9800000000000002,1.98,1.98,1.9800000000000002,1.98,1.98,1.9799999999999998,1.98,1.98,1.9800000000000002,NaN,3.8199999999999994,1.9800000000000002,1.98,1.98
productcatalogservice,1.98,1.98,1.98,1.9887224669603525,1.98,1.9966386554621849,1.9922222222222226,1.98,1.98,1.9968510638297872,1.98,1.98,1.98,1.9976785714285714,1.9881481481481482,1.98,1.98,1.9967088607594936,2.533333333333356,1.98,1.98,1.9888392857142856,1.98,1.9903664921465969,1.9799999999999998,2.1300000000000243,1.9987677725118485,1.9901020408163264,1.990421052631579,1.9897058823529412,1.98,1.98,1.98,1.98,1.98,1.98,1.98,1.98,1.9988571428571427,1.98,1.98,2.765000000000005,1.9905882352941178,1.9800000000000002,1.9904761904761903,1.98,1.9892523364485981,1.98,1.98,1.98,1.9886842105263158,1.98,1.98,1.9799999999999998,1.9902061855670101,1.98,1.98,1.9897536945812808,1.9799999999999998,1.9902061855670101,1.9878571428571432,1.98,1.98,1.9891666666666663,1.98,1.98,1.998248847926267,1.98,1.988761061946903,1.98,1.98,1.98,1.9886842105263158,1.9892957746478872,1.9879200000000006,1.9884615384615385,1.9944525547445255,1.98,1.98,1.9959677419354838,1.98,1.98,1.9800000000000002,1.98,1.98,1.98,1.9800000000000002,1.9800000000000002,1.98,1.99546875,1.98,1.98,1.9892523364485983,2.2399999999999745,1.9996039603960398,1.98,1.98,1.98,1.998,1.98,1.98,1.98,1.98,1.98,2.5866666666666576,1.98,1.9893396226415097,2.910000000000003,1.9880161943319843,1.98,1.989519230769231,1.98,1.98,1.98,1.98,2.0300000000000114,1.98,1.98,1.9901538461538462,1.9994117647058822,1.98,1.98,1.98,1.98,1.9886462882096068,1.9972173913043476,1.997142857142857,1.98,1.9891244239631336,1.98,1.98,1.98,1.9800000000000002,2.64500000000002,1.988181818181818,1.9976785714285714,1.9800000000000002,1.9878260869565219,1.98,1.988608695652174,1.9883193277310924,1.98,2.0399999999999956,1.9883544303797467,1.98,1.98,1.9800000000000002,1.9887224669603525,1.988918918918919,1.98,1.98,1.9799999999999998,1.98,1.98,1.9882157676348544,2.089999999999995,1.9885714285714284,1.98,1.992,1.98,1.9901538461538462,1.9878571428571428,1.990259067357513,1.98,1.991578947368421,1.98,1.98,1.9905882352941175,1.98,1.98,1.9893838862559239,1.98,1.9800000000000002,1.9800000000000002,1.98,1.98,1.9800000000000002,1.9800000000000002,1.98,1.98,1.98,1.98,1.989850746268657,1.98,1.9876744186046509,2.9500000000000113,3.24999999999998,1.9799999999999998,1.98,1.98,1.98,1.98,1.9887610619469025,1.9800000000000002,1.9911235955056181,1.9799999999999998,1.988918918918919,2.9900000000000144,1.9984186046511625,1.98,1.9891666666666663,1.98,1.9902061855670101,1.9799999999999998,1.98,1.98,1.98,1.98,1.9967088607594938,1.98,1.98,1.9913142857142856,1.9892523364485981,1.9891666666666663,1.9799999999999998,1.98,1.9967796610169493,1.98,1.98,1.9800000000000002,1.989041095890411,1.9800000000000002,1.98,2.499999999999991,1.98,1.9800000000000002,1.9888000000000001,1.98,1.98,1.9976785714285712,3.6800000000000024,1.9882499999999999,1.98,1.98,1.98,1.9878260869565214,1.9799999999999998,1.9997014925373133,1.98,1.9888392857142858,1.98,1.98,1.98,1.9997014925373133,1.9800000000000002,1.987795275590551,1.98,1.98,1.98,2.8,1.98,1.98,1.9881147540983606,1.9889592760180994,1.98,1.998082191780822,1.9800000000000002,1.9892957746478872,1.9800000000000002,1.99005076142132,1.9889592760180994,1.9995073891625614,1.98,1.9894285714285715,1.98,1.98,1.98,1.98,1.98,1.9893396226415094,1.988081632653061,1.98,1.98,1.9799999999999998,1.98,1.98,3.0760000000000023,1.988284518828452,1.98,1.987951807228916,1.98,1.98,1.98,1.98,1.98,1.98,1.98,1.9902061855670101,1.98,1.98,1.98,1.9886086956521738,2.9800000000000115,1.98,4.233333333333343,1.9882157676348546,1.98,1.9875572519083966,1.98,1.98,1.9891666666666665,1.9892093023255817,1.9799999999999998,1.9889592760180996
quoteservice,NaN,3.8199999999999994,NaN,NaN,NaN,1.98,NaN,NaN,1.98,3.6999999999999993,1.98,NaN,NaN,1.9799999999999998,1.98,NaN,1.98,1.98,1.98,NaN,1.98,NaN,3.7300000000000013,NaN,NaN,3.7299999999999995,1.98,1.98,NaN,1.98,1.9800000000000002,1.98,1.98,1.98,1.98,1.98,NaN,1.98,NaN,NaN,NaN,1.9800000000000002,NaN,1.98,3.2800000000000016,NaN,NaN,NaN,1.98,NaN,NaN,NaN,1.98,NaN,1.98,1.98,1.98,1.98,1.9800000000000002,1.98,1.98,NaN,1.98,1.98,1.98,1.9800000000000002,1.98,1.98,3.8199999999999994,1.98,1.9800000000000002,1.98,1.98,1.98,1.9800000000000002,1.9799999999999998,1.98,1.98,1.9800000000000002,1.98,1.98,1.98,1.98,1.9800000000000002,1.9799999999999998,1.98,1.98,1.98,1.98,1.98,3.6399999999999983,1.98,1.98,1.98,1.98,1.98,1.98,1.98,1.98,1.98,1.98,1.98,1.9799999999999998,1.98,1.9800000000000002,1.98,1.98,1.98,1.98,1.9800000000000002,1.98,1.98,3.46,1.98,1.98,1.98,1.98,1.98,1.98,1.98,1.98,1.98,1.98,1.98,1.9799999999999998,1.98,1.98,1.98,1.98,1.98,1.98,1.9800000000000002,1.98,1.98,1.98,1.9800000000000002,1.98,1.9800000000000002,1.98,1.98,1.98,1.98,1.98,1.98,1.98,1.98,1.98,1.9799999999999998,1.98,1.9800000000000002,1.98,1.98,1.98,1.98,1.9800000000000002,1.98,1.98,1.9800000000000002,1.9799999999999998,1.98,1.98,1.98,1.98,1.98,NaN,1.98,1.98,NaN,1.98,NaN,NaN,NaN,NaN,1.98,1.98,NaN,NaN,1.9800000000000002,NaN,NaN,1.98,1.98,NaN,NaN,1.98,NaN,NaN,NaN,1.98,1.98,NaN,NaN,1.98,NaN,NaN,NaN,1.98,1.98,NaN,1.98,1.98,NaN,NaN,NaN,1.98,NaN,NaN,NaN,1.98,NaN,1.98,1.98,1.98,NaN,NaN,NaN,1.98,NaN,NaN,1.98,1.98,1.98,1.98,1.98,3.5799999999999987,1.98,1.98,1.98,1.98,1.98,1.98,1.98,1.98,1.98,1.98,1.9800000000000002,1.98,1.98,1.98,1.98,1.98,1.98,1.98,1.98,NaN,1.98,1.98,1.98,1.98,5.340000000000005,1.98,1.9800000000000002,1.98,1.98,1.9800000000000002,1.98,1.9800000000000002,1.9800000000000002,1.9800000000000002,1.98,1.98,1.9799999999999998,1.98,1.98,1.98,1.98,1.9799999999999998,1.98,1.98,1.98,1.9800000000000002,7.699999999999999,1.98,1.98,1.98,1.9799999999999998,1.9799999999999998,1.9800000000000002,1.98,1.98,1.98,3.5499999999999963,1.98,1.98,1.9800000000000002,1.98,1.98,1.98,1.9800000000000002,1.98,1.9800000000000002,1.98,1.98,1.98,3.279999999999999,1.98,1.98,1.98,1.98,1.98,1.98,1.98,1.98,1.98
recommendationservice,5.902857142857142,38.8,7.399999999999998,6.7999999999999945,6.959999999999999,5.813333333333333,36.39999999999985,5.873333333333333,5.873333333333334,5.737142857142858,5.846666666666666,5.840000000000001,7.3999999999999995,9.120000000000006,5.791999999999999,5.859999999999999,5.813333333333334,6.240000000000001,5.750000000000002,5.8933333333333335,7.919999999999982,6.160000000000001,39.33333333333343,7.08,7.360000000000006,5.7440000000000015,33.19999999999993,5.847272727272727,5.79,5.6533333333333315,7.359999999999996,7.3599999999999985,36.1333333333333,5.806666666666667,6.719999999999992,32.40000000000013,5.82,5.8533333333333335,5.76,5.840000000000001,5.829999999999998,7.040000000000002,9.279999999999994,5.691428571428571,6.7999999999999945,9.159999999999997,7.079999999999991,8,6.879999999999993,6.4,9.520000000000001,7.479999999999999,9.16,6.959999999999991,5.76,6.159999999999983,5.8533333333333335,6.719999999999992,9.04,9.199999999999998,5.84,5.888,5.855999999999999,8.160000000000002,7.253333333333332,5.825454545454546,5.832,6.160000000000001,8,7.000000000000007,6.959999999999991,5.885714285714285,6.240000000000001,38.26666666666672,7.000000000000007,9.306666666666663,7.760000000000007,7.2,7.040000000000002,7.952,6.159999999999983,7.631999999999998,8,5.898666666666667,7.520000000000001,7.539999999999997,5.8514285714285705,25.999999999999893,5.991999999999998,9.38,7.1599999999999975,7.119999999999995,6.079999999999991,7.359999999999962,8.639999999999985,7.226666666666664,5.781818181818181,5.858461538461538,5.808,9.040000000000003,26.79999999999996,6.879999999999999,8.639999999999985,5.826666666666666,7.040000000000002,7.240000000000001,9.120000000000003,5.985882352941177,6.920000000000003,7.399999999999998,30.80000000000004,5.866666666666666,5.967999999999998,7.413333333333337,7.520000000000001,7.160000000000001,9.040000000000003,8.079999999999991,5.7714285714285705,37.73333333333327,5.82,8.799999999999995,7.360000000000006,8.399999999999984,5.903157894736841,6.7999999999999945,5.825454545454546,5.8646153846153855,5.891764705882352,6.759999999999998,6.480000000000003,7.706666666666665,9.648000000000001,5.777777777777779,7.4799999999999995,5.750000000000001,7.424,7.240000000000002,34.8,6,6.879999999999999,8.95999999999999,7.319999999999992,8.239999999999988,6.879999999999999,7.240000000000002,5.9199999999999955,38.26666666666672,9.459999999999999,5.883076923076923,8,9.159999999999998,5.779999999999999,6.7999999999999945,6.159999999999979,5.824000000000001,9.000000000000007,6.840000000000007,7.699999999999998,7.120000000000006,5.883076923076924,41.359999999999985,7.120000000000006,5.85,8.4,5.767272727272728,6.319999999999984,5.905,5.864000000000001,25.999999999999893,5.891764705882354,5.78909090909091,7.1999999999999975,5.803636363636364,5.808,6.720000000000003,7.2000000000000055,6.759999999999998,8.080000000000014,5.8870588235294115,6.0800000000000125,5.885,6.399999999999984,7.620000000000002,6.959999999999991,7.08,5.743999999999999,39.866666666666724,7.560000000000002,5.815,7.306666666666664,5.8342857142857145,6.079999999999991,5.993846153846152,7.599999999999998,5.8488888888888875,5.702857142857141,32.40000000000013,7.459999999999999,7.079999999999991,5.770000000000001,7.560000000000001,7.240000000000001,5.888,7.360000000000006,7.72,5.7299999999999995,5.664,5.786666666666667,7.079999999999991,5.782857142857144,9.24,5.869090909090908,6.0800000000000125,6.239999999999989,5.777777777777779,5.846666666666666,5.88,5.854545454545454,5.583999999999999,5.888888888888889,35.60000000000003,5.8453333333333335,7.769999999999999,6.7999999999999945,8.159999999999982,8,7.6533333333333315,6.599999999999997,37.7333333333333,5.825454545454545,5.664,7.253333333333332,5.846153846153845,8.799999999999995,29.199999999999978,7.173333333333333,5.863999999999999,7.4999999999999964,7.079999999999996,5.888888888888889,8,5.885,7.2,6.480000000000002,25.199999999999978,8.920000000000002,38.8,5.854545454545454,6.600000000000005,5.908,6.959999999999991,7.693333333333332,7.959999999999994,7.000000000000007,7.279999999999994,7.919999999999982,5.915294117647059,5.963636363636363,9.199999999999998,7.559999999999999,5.360000000000002,6.159999999999983,5.875555555555556,6.920000000000003,5.773333333333332,6.920000000000003,5.822222222222221,9.079999999999991,7.493333333333334,5.895,36.133333333333276,7.040000000000007,6.7999999999999945,5.874999999999999,6.4,7.280000000000001,5.857142857142858,7.679999999999998,8.999999999999993,7.493333333333336,8.399999999999984,5.840000000000001,5.923636363636364,8.95999999999999,8.159999999999979,5.815384615384614,6.240000000000001,5.991999999999998,5.493333333333336,7.160000000000001,6.079999999999991,7.906666666666668,7.1999999999999975,6.920000000000004,7.146666666666676,7.120000000000006,8,9.000000000000007,7.280000000000001,5.7714285714285705,5.88235294117647,5.874285714285714,6
shippingservice,3.9699999999999998,15000,3.9699999999999998,3.9800000000000004,3.98,15000,3.9800000000000004,3.9699999999999998,3.9699999999999998,15000,3.98,3.9699999999999998,3.9800000000000004,15000,15000,NaN,3.9800000000000004,15000,3.9800000000000004,3.9699999999999998,3.9699999999999998,3.9699999999999998,15000,3.9699999999999998,3.9800000000000004,15000,15000,15000,3.9699999999999998,15000,15000,15000,15000,15000,14550,15000,3.98,15000,3.9699999999999998,3.9699999999999998,NaN,15000,3.9699999999999998,15000,15000,3.9699999999999998,3.9699999999999998,3.9800000000000004,15000,3.98,3.9699999999999998,1.98,15000,3.9699999999999998,15000,15000,15000,15000,15000,15000,15000,3.9699999999999998,NaN,15000,15000,15000,15000,15000,15000,15000,15000,1.98,15000,15000,15000,15000,3.98,15000,15000,15000,15000,15000,15000,15000,15000,NaN,15000,15000,3.9699999999999998,NaN,15000,15000,15000,15000,15000,15000,15000,15000,15000,15000,15000,15000,15000,15000,15000,15000,15000,15000,9.936,15000,15000,3.9800000000000004,15000,15000,15000,15000,15000,15000,15000,15000,3.9699999999999998,788,15000,15000,15000,15000,15000,15000,15000,5.64,15000,15000,15000,15000,15000,15000,15000,15000,15000,15000,3.9699999999999998,15000,15000,15000,15000,15000,15000,15000,15000,15000,15000,15000,15000,3.9699999999999998,15000,15000,15000,15000,9549.999999999996,15000,15000,15000,15000,15000,3.9699999999999998,15000,15000,3.9699999999999998,3.9699999999999998,NaN,3.98,3.98,3.9800000000000004,15000,15000,3.9699999999999998,1.98,15000,3.9699999999999998,3.98,3.9699999999999998,15000,3.9699999999999998,NaN,15000,3.9699999999999998,3.9699999999999998,3.9699999999999998,1.9800000000000002,15000,3.9800000000000004,1.98,15000,3.9800000000000004,NaN,3.9800000000000004,3.9800000000000004,15000,3.9699999999999998,15000,15000,NaN,3.9699999999999998,3.9699999999999998,15000,3.9699999999999998,3.9699999999999998,3.9699999999999998,15000,3.9699999999999998,3.9699999999999998,3.98,15000,3.98,3.9699999999999998,3.9800000000000004,15000,3.9699999999999998,3.9699999999999998,15000,15000,15000,15000,15000,15000,15000,15000,15000,15000,15000,7.97,15000,3.9699999999999998,15000,15000,14175.000000000007,1.9800000000000002,15000,15000,15000,15000,15000,15000,15000,NaN,3.9800000000000004,14400,15000,15000,15000,15000,9250,15000,1.98,15000,15000,15000,15000,7.6700000000000035,15000,15000,15000,15000,15000,15000,15000,15000,15000,15000,15000,42.80000000000002,15000,3.98,15000,15000,15000,15000,15000,15000,15000,15000,15000,15000,15000,15000,15000,15000,9.82,15000,15000,15000,15000,3.9699999999999998,15000,15000,15000,15000,1.98,15000,3.98,15000,15000,15000,15000
