accountingservice,93.15830000001006,14.94122222223733,19.543599999975413,NaN,NaN,24.651690909067508,NaN,11.315699999919161,19.345599999884143,11.194427272728221,NaN,37.59780000010505,NaN,10.290573333312446,14.075054545463486,NaN,NaN,9.667669230785508,NaN,67.39819999993779,83.78700000001118,6.981699999934062,19.897544444435173,4.771100000012666,NaN,14.823266666615382,11.632829999970273,21.13723636363548,66.03839999996126,27.25417777776925,13.048536363629285,17.98428333333383,9.739424999977928,12.972500000003492,20.503350000013597,20.426142857177183,NaN,12.007942857120984,54.40210000006482,76.59749999991618,NaN,14.807718181813305,46.88969999994151,6.904566666628751,19.40084166669597,70.8992000001017,46.9081999999471,NaN,9.836074999999257,NaN,46.38610000000335,79.69650000007823,14.955162500002189,60.90090000000782,7.799179999995976,10.27252222222483,15.754474999994274,20.089458333347768,15.290933333376113,14.799800000037067,17.822116666667473,85.84199999994598,NaN,14.905787499999859,14.986942857138013,10.872650000010617,13.048887499957345,17.719510000012814,28.38155555556942,34.3438599999994,12.429563636362383,45.701799999922514,17.18961111109497,25.87388749999809,12.00143636365167,8.249016666668467,NaN,14.822449999997238,11.648029999970458,21.04189999999944,16.10623333331508,20.29066249995958,20.443636363626204,4.546309090896764,16.780246153832056,NaN,14.034022222195441,13.535640000016429,41.35140000004321,NaN,22.18442307692021,8.463060000026598,18.0790666666451,19.164760000025854,9.291223076942305,20.558009999990464,32.25758333333457,24.319700000062586,18.163733333349228,11.283608333304679,26.359385714300775,20.4064500000095,5.161823076912417,9.363229411763742,18.391671428556688,11.322755555544669,8.33535000004728,11.959311111105812,18.88746666671553,5.849399999999959,16.681828571450232,NaN,19.445544444438486,9.618342857142643,33.25252857139068,14.731411111075431,11.535011111111897,7.118550000013784,21.42715555553635,14.85222500000964,2.8255000000353903,55.58069999993313,13.57293749996461,23.871957142837346,7.860083333333023,17.96108333327963,26.676012499956414,11.457169999997133,19.57060000002384,7.433616666705348,14.744181818180632,8.322179999970832,10.87859000004828,17.58002999997698,8.93213636366735,23.607991666688275,13.7037400000263,10.125421428570656,10.072900000010401,12.928315384617935,94.81939999992028,4.180249999975786,10.759399999997445,12.403163636378435,11.58385000001484,30.0626600000076,16.4685499999905,10.152433333316973,14.580754545453766,9.629927272717891,28.979824999987613,21.017450000043027,16.798199999999877,38.68599999998696,9.423763636372644,16.240192307696606,9.402211111142403,4.952621428562062,14.135516666729623,6.371141666662879,8.507192857131095,6.251614285699491,10.48049999999348,12.07129000001587,73.81710000010207,6.866629999992438,14.177879999973813,49.41479999991134,69.10510000004433,NaN,NaN,NaN,NaN,13.201281818201426,5.003324999997858,73.61669999989681,72.7768999999389,8.32850769232027,17.78070000000298,NaN,36.099200000055134,11.19844615386011,72.05509999999776,NaN,17.703308333351742,37.04199999989942,38.80920000001788,75.06780000007711,84.25820000004023,17.941228571414417,NaN,35.123700000112876,24.218900000001305,NaN,NaN,NaN,NaN,17.15357500000391,63.5566000000108,14.885475000017323,31.92995714286475,NaN,39.672500000102445,34.49560000002384,11.789242857202355,14.39559999993071,94.15580000006594,82.88189999992028,28.219922222222927,47.287000000011176,43.99860000004992,NaN,24.919114285714127,NaN,43.98760000010952,NaN,16.369788888919476,60.17269999999553,20.323099999921396,12.705633333289168,22.468525000003865,13.394611111091864,37.353919999953355,17.94996999995783,6.349935714288482,8.786079999990761,23.68168333331899,6.664450000040233,25.335749999969266,15.266390000004323,45.24505000002682,15.466846666671335,32.43819999997504,15.227233333357919,18.43787500000326,16.60982727274214,12.98691111112324,25.466444444428717,6.696074999985285,13.9681499999715,13.821669999998992,44.31164999998873,16.734462499967776,18.78522857142213,NaN,NaN,10.962775000021793,12.069299999986672,11.030833333368518,4.989963636352596,13.313172727294097,13.820879999990575,5.782366666632394,79.13650000002235,9.728500000001596,5.51580833333234,13.134589999960735,10.044199999993328,8.831918181809174,25.593659999966622,25.6298625000054,8.65246000001207,14.726028571404251,5.909787499986123,11.988469230781238,17.45005384615909,8.813273333339021,8.600027272710577,34.19285000003098,11.820522222202271,24.02714166668011,7.888955555571657,NaN,26.067189999949186,5.3720125000108965,13.775936363582414,12.053242857152197,6.576630000001751,10.48428888890582,13.042107692328639,27.278074999980163,8.170942857163027,10.132557142792004,9.675130000011995,8.302054545418782,7.586088888916291,12.285553846114244,28.94800000009127,6.338836363601414,12.100662499957252,20.824171428502137,22.399111111130978,9.70359999999138,14.463783333310857,12.931566666656485,18.731499999947847,6.524109090932391,18.567100000102073,13.861837500007823,59.19070000015199,5.930944444404708,24.847009999956935,5.22253999998793,6.239422222237206
adservice,NaN,NaN,NaN,NaN,NaN,NaN,NaN,NaN,NaN,NaN,NaN,NaN,NaN,NaN,NaN,NaN,NaN,NaN,NaN,NaN,NaN,NaN,NaN,NaN,NaN,NaN,NaN,NaN,NaN,NaN,NaN,NaN,NaN,NaN,NaN,NaN,NaN,NaN,NaN,NaN,NaN,NaN,NaN,NaN,NaN,NaN,NaN,NaN,NaN,NaN,NaN,NaN,NaN,NaN,NaN,NaN,NaN,NaN,NaN,NaN,NaN,NaN,NaN,NaN,NaN,NaN,NaN,NaN,NaN,NaN,NaN,NaN,NaN,NaN,NaN,NaN,NaN,NaN,NaN,NaN,NaN,NaN,NaN,NaN,NaN,NaN,NaN,NaN,NaN,NaN,NaN,NaN,NaN,NaN,NaN,NaN,NaN,NaN,NaN,NaN,NaN,NaN,NaN,NaN,NaN,NaN,NaN,NaN,NaN,NaN,NaN,NaN,NaN,NaN,NaN,NaN,NaN,NaN,NaN,NaN,NaN,NaN,NaN,NaN,NaN,NaN,NaN,NaN,NaN,NaN,NaN,NaN,NaN,NaN,NaN,NaN,NaN,NaN,NaN,NaN,NaN,NaN,NaN,NaN,NaN,NaN,NaN,NaN,NaN,NaN,NaN,NaN,NaN,NaN,NaN,NaN,NaN,NaN,NaN,NaN,NaN,NaN,NaN,NaN,NaN,NaN,NaN,NaN,NaN,NaN,NaN,NaN,NaN,NaN,NaN,NaN,NaN,NaN,NaN,NaN,NaN,NaN,NaN,NaN,NaN,NaN,NaN,NaN,NaN,NaN,NaN,NaN,NaN,NaN,NaN,NaN,NaN,NaN,NaN,NaN,NaN,NaN,NaN,NaN,NaN,NaN,NaN,NaN,NaN,NaN,NaN,NaN,NaN,NaN,NaN,NaN,NaN,NaN,NaN,NaN,NaN,NaN,NaN,NaN,NaN,NaN,NaN,NaN,NaN,NaN,NaN,NaN,NaN,NaN,NaN,NaN,NaN,NaN,NaN,NaN,NaN,NaN,NaN,NaN,NaN,NaN,NaN,NaN,NaN,NaN,NaN,NaN,NaN,NaN,NaN,NaN,NaN,NaN,NaN,NaN,NaN,NaN,NaN,NaN,NaN,NaN,NaN,NaN,NaN,NaN,NaN,NaN,NaN,NaN,NaN,NaN,NaN,NaN,NaN,NaN,NaN,NaN,NaN,NaN,NaN,NaN,NaN,NaN,NaN,NaN,NaN,NaN,NaN,NaN,NaN,NaN,NaN,NaN,NaN,NaN,NaN,NaN,NaN,NaN
cartservice,10.445185990959313,13.206852472308253,8.90020007725894,NaN,NaN,35.4929745903138,NaN,9.020428646362019,9.651762326493369,17.495472923484783,NaN,12.5482293477412,NaN,18.055632950441236,14.780554413119264,NaN,NaN,12.031910551052707,NaN,9.273463959296695,10.56691912815483,12.092153990322052,13.071114661185275,10.010155615025063,NaN,13.775488100124033,15.545883136939596,14.64633437710319,10.969676177998297,15.453804391581789,21.39609779310631,17.01473391537623,15.211041871734412,14.31643621867703,11.363687196577178,16.55340374926075,NaN,16.051181490250883,10.488894635263922,10.819071794840553,NaN,10.251907783950601,9.488420262997595,15.354662027333019,11.854888222124194,9.06209193615709,9.365550601321603,NaN,16.00265441278106,NaN,10.484374900232199,10.092101566452648,15.48524358512206,8.808179930650594,12.394883366586832,12.391786249507174,12.574324503370889,16.913474103688056,23.752917047809262,11.718228877073816,15.479532017968305,10.500662246399884,NaN,19.232907646069798,11.888555591198024,13.354378676842753,12.294058241225128,16.017507102866155,13.782881858464888,24.590351007408444,18.398966766151382,10.765348749989062,19.84608879745826,11.421098051291493,15.707935581411764,14.14227762005819,19.259026122929736,13.762527975592912,17.6155306993229,15.378511967314314,11.973923525255206,12.25113925492297,15.566157501125915,18.219811475690715,17.864611253879154,10.476444903182436,16.01633277117216,21.043037203219534,11.856396209991166,16.964151943760555,28.866653923554395,19.654518582833,21.274586462015936,11.367529889324476,16.643677564494336,11.709726316760966,17.493780075250537,13.714480178011511,12.555086525802851,11.884218004137367,10.657267223008123,24.70256934097035,17.702008307356575,13.414291270774184,18.188331236529326,14.21953893471683,18.37374499331062,13.787632616009349,11.629083616913777,18.050169917762155,10.60398997886815,NaN,13.381416120432863,19.55324907642099,14.954191723059747,15.730323102510747,16.812267361085564,13.14405932528848,15.270852573127954,10.191211057289433,12.288746598832414,11.511488956188971,13.172317918837976,10.96433814265801,15.755606506605059,13.85554109021706,11.529334742933596,11.206595885191232,22.571445969608444,13.493513655938719,11.905198226348931,16.59049486179396,13.429408068621855,11.738358565863587,16.16940092148439,60.49783984622926,9.236304305652816,25.594361783674405,18.888586258853344,11.936870308506373,12.318551257413844,13.604290410247238,14.859510574736037,10.956707098630883,21.959316040678885,18.99426240740522,21.65342856126456,16.03636436782931,14.961439575566601,13.93319999653325,11.924977220998596,12.748375316058723,11.560158884216676,9.208928034156452,21.43967391374996,18.605676502699108,12.442003314157159,17.515063606589806,14.176830074449082,13.556429670842414,19.61750680238538,18.608351400773856,25.356394267310204,113.10093775315464,13.116137467563586,23.547553485825112,14.824707618322735,9.247989595968777,9.358879103305094,NaN,NaN,NaN,NaN,17.348918356840386,19.882094004740054,9.891747206589985,9.794948225932371,22.451759295365278,10.139877240110348,NaN,12.116815944498834,13.36207032099551,10.901340567166288,NaN,11.504640656553661,10.09210971016025,13.600504137597204,10.002556361092404,12.705485856580678,NaN,NaN,11.68018683109835,10.270703709407307,NaN,NaN,NaN,NaN,12.791081168511132,12.938726078231767,13.640000704217632,11.29767369923048,NaN,8.745108240566331,9.677779925638738,12.561571052636655,12.859337847686607,9.022384604305564,9.467640754885585,10.956966122409886,9.412718627408614,12.159205764382005,20.615710723554827,10.263833142557251,NaN,10.65540828914918,NaN,12.125121702684968,10.779112351826095,9.4897524349822,19.313359785320706,10.710581590080661,14.206093388927483,12.778633833369435,16.993616966182053,14.193201171110587,12.394643122909406,10.804909331901266,15.664314802733873,13.532747126988102,10.874026258619507,11.600533529044963,15.679980557866326,12.962137003202379,13.095509548211336,23.955260165730973,12.869649708999855,9.883970557842437,12.94678615843135,15.589331003359346,20.193300529153284,15.57728544249701,9.636439290061483,11.874787295876633,15.227206375632173,NaN,NaN,17.048217435526837,11.354291354824298,85.1050920060288,19.280336866428012,10.994043073529815,16.788136344946647,22.993066328396136,12.018923170880198,18.298967567947546,19.96774292526528,26.333605884833627,18.327479949663047,16.061296608149856,10.91682703071597,13.199250579202255,14.362983920848855,12.688676313365661,15.376711885567099,11.973151429533283,16.169967948763027,13.497517309448112,17.70347946280833,12.602343320201959,9.860464021048642,18.94291978425199,14.715837994690434,NaN,17.36139520212534,12.030603509219253,16.158672746278178,12.599499228864358,16.05237712272998,18.001556032283236,29.070308435500664,21.163147057173592,16.854110933266035,9.424749227752281,15.381611433747892,13.373127866486344,16.063659180593444,17.00757827026329,16.092901955788314,12.523729216079323,16.87824966238664,10.13677042287285,12.100019550301122,13.362637042605396,18.318108106448154,11.389824058851051,18.16587867456793,12.513740618040238,18.811472601014454,20.847702685486595,17.278927121524294,20.71214213891052,16.993884326576755,16.550600689414292,23.627045973835607
checkoutservice,NaN,NaN,NaN,NaN,NaN,NaN,NaN,NaN,NaN,NaN,NaN,NaN,NaN,NaN,NaN,NaN,NaN,NaN,NaN,NaN,NaN,NaN,NaN,NaN,NaN,NaN,NaN,NaN,NaN,NaN,NaN,NaN,NaN,NaN,NaN,NaN,NaN,NaN,NaN,NaN,NaN,NaN,NaN,NaN,NaN,NaN,NaN,NaN,NaN,NaN,NaN,NaN,NaN,NaN,NaN,NaN,NaN,NaN,NaN,NaN,NaN,NaN,NaN,NaN,NaN,NaN,NaN,NaN,NaN,NaN,NaN,NaN,NaN,NaN,NaN,NaN,NaN,NaN,NaN,NaN,NaN,NaN,NaN,NaN,NaN,NaN,NaN,NaN,NaN,NaN,NaN,NaN,NaN,NaN,NaN,NaN,NaN,NaN,NaN,NaN,NaN,NaN,NaN,NaN,NaN,NaN,NaN,NaN,NaN,NaN,NaN,NaN,NaN,NaN,NaN,NaN,NaN,NaN,NaN,NaN,NaN,NaN,NaN,NaN,NaN,NaN,NaN,NaN,NaN,NaN,NaN,NaN,NaN,NaN,NaN,NaN,NaN,NaN,NaN,NaN,NaN,NaN,NaN,NaN,NaN,NaN,NaN,NaN,NaN,NaN,NaN,NaN,NaN,NaN,NaN,NaN,NaN,NaN,NaN,NaN,NaN,NaN,NaN,NaN,NaN,NaN,NaN,NaN,NaN,NaN,NaN,NaN,NaN,NaN,NaN,NaN,NaN,NaN,NaN,NaN,NaN,NaN,NaN,NaN,NaN,NaN,NaN,NaN,NaN,NaN,NaN,NaN,NaN,NaN,NaN,NaN,NaN,NaN,NaN,NaN,NaN,NaN,NaN,NaN,NaN,NaN,NaN,NaN,NaN,NaN,NaN,NaN,NaN,NaN,NaN,NaN,NaN,NaN,NaN,NaN,NaN,NaN,NaN,NaN,NaN,NaN,NaN,NaN,NaN,NaN,NaN,NaN,NaN,NaN,NaN,NaN,NaN,NaN,NaN,NaN,NaN,NaN,NaN,NaN,NaN,NaN,NaN,NaN,NaN,NaN,NaN,NaN,NaN,NaN,NaN,NaN,NaN,NaN,NaN,NaN,NaN,NaN,NaN,NaN,NaN,NaN,NaN,NaN,NaN,NaN,NaN,NaN,NaN,NaN,NaN,NaN,NaN,NaN,NaN,NaN,NaN,NaN,NaN,NaN,NaN,NaN,NaN,NaN,NaN,NaN,NaN,NaN,NaN,NaN,NaN,NaN,NaN,NaN,NaN,NaN,NaN,NaN,NaN,NaN
currencyservice,117415.27336374918,67616.52147795558,91907.28192196952,81654.87141170501,118659.20272755093,91917.7392380423,91711.46595429617,97481.47719434259,101854.82630286182,79990.84809619699,87821.54631936815,94652.00284431197,107402.54948371479,80263.39729066736,83952.45461522757,65886.40902252197,108426.19414248415,74372.67542010467,91694.11232085228,103191.85545799468,133676.40737289854,86686.71003003282,72903.16745849347,89401.72721910477,93047.66116143274,93099.33603959938,110609.9462212157,109395.69831497714,69428.30461214305,78013.18712161102,68925.34881068906,79509.89262714385,74724.61833282479,62104.957983098866,60759.526910700035,75032.68433510175,114838.09506127948,75209.8854302577,50422.363366849604,61357.34082066672,100779.6677707884,85610.2056191413,113974.03655941147,81740.32863529454,75216.4764904658,90393.30340155194,106755.23865294456,76886.29863575101,93064.79721054633,130214.75920167565,92827.57956064331,102009.23362775645,56423.0518321056,108978.13436123983,63226.70645840962,96935.49844295403,74105.3756310322,89952.29444708492,83838.33300175636,117015.58603647481,98154.5637134253,117703.61199807061,53100.17619986575,95513.92904795171,65811.65248233394,108558.70781119961,70468.62508909672,116941.58529270133,57069.662252044676,58211.464574114485,102503.66415755148,93085.89672468978,63853.65438629452,62128.8347954393,71511.69056935991,95477.1241778011,109136.79556546672,80979.41131354254,101821.83180715979,77602.71945679787,65217.96854805465,75349.58539589526,119783.38678312773,68597.0984110854,106771.8762858741,75192.235037,78078.90753968558,95197.41358950383,80358.0648560687,114046.02436782523,85280.38649673166,57781.283117179984,86391.99497560925,86287.38429073492,79902.56572546223,83150.62975447708,58943.24840667248,54602.41738986624,67812.85926158946,105410.86999507954,90591.06975549176,80193.00838926712,93382.59073676003,133764.90571070416,89270.66213373528,117475.06830961644,93708.12883018353,79830.60690011417,92254.56431259135,84535.28381420378,79663.97394951558,70526.30755141929,88616.03497198556,64495.319953905746,73161.81443670198,114452.74401975516,89314.13242049361,104943.2470069027,91311.60547440237,54063.05496434038,78914.83024438223,57437.85287264827,69516.70189838,67661.85449005288,80692.45060497358,93359.58787058527,87669.20487871245,82497.58701845078,66829.0109443551,73426.89396143556,90590.23676554073,46100.83378312985,80582.22597368839,78268.2822383399,84734.39751984089,75323.346099059,113448.55539710303,79405.66300467015,108393.2356859601,88005.37149687065,63557.666322163335,100174.60967204481,83154.86985491303,79017.96958827291,88721.42903221518,65952.66801274623,76189.60312842231,79779.47275837095,74869.7705324491,93486.53955058132,62414.837845906615,95511.92495158326,83245.92091183158,123956.25614314494,77492.13342920077,79701.38319689475,65753.6890822243,84888.3874587419,88208.21763832078,73676.48596065374,72460.69936959214,60443.53244351505,79465.62427846242,75717.02892061911,90158.90137121227,59732.56701637506,89780.1350420288,93191.9649446394,70309.47807053558,76983.58278722203,89050.70321539244,119132.44851481915,105958.54194245339,105146.92653118224,107147.10979477756,69241.84833273367,80459.52226743527,79907.00904349107,85710.90131782956,116505.72323575616,134701.527139856,71113.30598340613,96278.0928813054,94075.05222911834,115740.06927026392,101622.55313441867,135950.89378801073,133528.53274791557,93694.27901007519,83437.61303590628,105420.17757908747,87750.05122620318,80704.50111393134,83303.55108511183,97882.55975374646,64448.07677318703,100930.06461951137,78432.20919614974,109734.22221815484,79740.09372157592,86352.05216320942,82953.81232178211,89684.9166466395,133524.72731055153,105163.09144608077,79588.21599021992,112962.8279159069,156549.08067004944,69820.8625339656,95281.62676602602,73334.99086382736,86672.64094252518,59351.923362383925,103644.54708074356,138786.62934259602,140299.3728419145,146865.30918448945,36927.29951739311,93485.7217592001,92978.92936085595,66793.15861836573,119572.53128871575,59807.49548992373,79983.1605050371,100000.83037810856,74091.4214711014,66168.50730134502,63312.24449706847,122239.43086490806,104702.65262573923,65504.7889170307,89673.49003134033,97420.69163129036,75873.68226105851,92400.60552845646,102505.61944388258,117020.35310202098,88829.36676473089,63907.16094652243,40229.54039568761,111901.72069208253,72665.39010322359,89509.56267795255,60381.29588213271,125924.23257590595,108076.57178517286,104516.11910933767,88881.25583347912,71686.63851923082,84548.1609526459,116574.90844474311,64065.090694332124,89236.67553154627,86499.57280940167,65119.25607016875,87395.93956506727,82023.00796132929,109682.68217651048,108927.1543907404,108202.3711982079,65974.24299243517,83960.3135057858,69188.13032050132,63817.66150241932,85935.26679063882,73686.96075506335,72509.4576210495,79926.8188586235,63586.71660838408,74040.69851046536,92419.98970722927,67487.88260926024,79605.18345328966,100776.74609224207,74638.0168077646,98623.60574626128,113092.14023280573,85293.90711846048,67921.82457261,103532.05547772447,93934.1412390186,120057.02660367754,82186.74681998623,88463.80540967186,96660.37480181541,93992.15941766433,98233.37191529627,105753.3571930502,101235.0872180523,76411.2057075669,41255.16609678906,77427.71881471583,76912.42195488748,84247.56259841389,54416.659950128414,80886.71019098454,75431.06494722102,98522.11336093336,83537.01650550886,73958.3867956852,76860.05149359017,128289.61051805946,89100.54480103473,103100.49149238724
emailservice,5.0314479999869945,12.261036999999407,6.004168999974353,NaN,NaN,7.1027113181775015,NaN,5.987296500014054,4.981985000009445,7.0610547727288075,11.325811049996991,6.114438999986305,NaN,8.378436666663523,5.6762245000013944,NaN,NaN,11.5470012692293,NaN,4.783428999988246,5.215179500009981,5.513735599995561,6.962955111106971,4.697166500009189,NaN,6.481334333332699,7.710728299999755,26.39439840908777,5.995167500004754,8.603521333333951,5.414007863639364,10.62372508333192,6.498858374993688,9.884670687499238,6.039504333323445,6.182815142860428,NaN,7.533905214291735,5.185924999983399,5.76441349999368,NaN,NaN,5.474317500011239,7.227361111109025,8.706532250004178,5.6188715000098455,6.005518999980268,NaN,5.775030333330203,NaN,5.945698499981518,5.324984000006225,7.388775875003375,4.629831000012928,4.932564700001968,4.440264062500319,10.699897625007907,9.22855033333326,7.799912083321034,4.621245700000872,8.538799666664394,6.006512999989354,NaN,5.695869375003895,4.744378142856086,7.4309229000002235,9.179303624997829,6.7319502999998795,5.837553833328355,8.811119000004691,8.080468318187327,9.203171750000546,10.501263555556054,21.824692750004033,5.957090999995919,7.4314825416677195,12.10839049999504,6.907900291668739,5.05569024999313,9.324323149997507,8.683920666665168,6.239705125,8.55249336363208,5.8005537272696195,6.137962692300789,9.69504335714425,10.036944777781578,10.84795865000451,12.107701499997752,8.38754123332498,5.864775653846523,6.615451900001791,6.476467555555751,6.402614049991461,8.46159134615496,19.991168299997298,5.169812250003209,6.069617700001254,7.896852499999416,10.020124250003088,7.763634000000561,12.748190071427546,9.305360115392642,9.916019823529924,5.009967500008705,5.913402055550654,6.8188514166665,7.686143722225097,8.122005333339377,10.939950555554889,6.185573428574052,10.3978279615322,7.484761055560132,5.475496642856472,4.812830642860457,5.646244166669122,6.041970611109314,9.129221031253337,7.603251777782538,5.553268374997515,7.215555749997293,6.995335874997484,6.318207749992325,5.1719022857136485,10.859089583330993,7.066839666680002,6.040309749997505,9.012188200004312,5.210486199996375,5.583784416670218,12.055653636362628,7.505475899996963,5.8571569000043375,11.10728325000382,7.98380427272059,7.487391958335138,9.104516450002848,7.606294464292398,8.014100846153617,10.007247384614367,7.164486916666647,5.013178999999127,8.896027785722772,7.292834818184598,6.833071166655524,14.275863349994689,7.302911999995558,9.08138437499747,10.906111409086986,8.226936454549683,9.324257374993067,5.881868249998206,8.012609166669185,4.96407896153687,8.70841381818404,11.227298538461651,8.517110722229619,6.727515321429954,5.48620816666759,10.768423874995884,7.36634067856929,6.7002539999978445,5.730981599998268,19.837496100001587,6.107152000011411,5.413993849998588,7.230368200004888,4.935471000007965,4.848959000002651,11.536457649995647,NaN,NaN,NaN,8.531779318184073,5.778886499992041,6.377854000016669,5.041148500011332,7.0036066923088445,6.747418500017375,NaN,5.950987961545672,5.293301499976224,6.138952499983134,NaN,8.647110333333632,6.107851499986282,5.317845500008843,5.2911500000045635,7.0031563750035275,NaN,NaN,6.264237500010495,7.020083150007485,NaN,NaN,NaN,NaN,7.414449062498534,6.285256000002846,10.48152543749893,5.8506105714337275,NaN,6.102511000004597,5.672645500013459,6.393750499997883,7.087464500000351,4.640450500006409,5.8610125000050175,5.2420246111085165,4.610191000010673,6.354354999999487,NaN,6.76950214286262,NaN,5.479286999998294,NaN,5.113992277775348,4.701511499999469,5.655331000016304,6.418506833330159,6.831602374992599,6.988163222226932,4.742147599999589,5.4376532499984025,7.134378392862865,9.457110500004637,6.188089583324957,10.547505166665966,10.634609875001843,10.722715750003774,6.203021249990343,10.281492266667676,6.559444272728632,7.605401000007987,9.303798125002686,7.870704545461855,7.494815099998595,6.5170326666609775,6.3927652499969545,8.42219475000229,9.566735600002357,5.970830874994135,6.1262119999978495,7.801858499993873,8.027349375002814,5.421942562506501,7.980326124994917,7.247924777778179,5.573160777780787,9.540927181816766,6.590419136359825,5.4116120000038785,7.838352722217678,8.030199200005153,6.3213517857158354,10.159394083332094,8.658747849999054,9.319780409095321,7.554459636363224,6.142222999998194,7.618693750002421,5.1307053000062295,36.86385042856221,6.044497249999949,6.690584346152509,6.665116321426987,12.707253800002945,9.519710954551556,7.575683250005265,8.015104500004883,28.449249874998106,7.521059666665274,6.6577103750059905,8.10723329999746,4.91599712499783,7.139041909097365,6.0862638928585,10.188628000003519,7.898859500002193,7.5913634230715745,5.083837499998481,6.982899964286064,11.203690928569165,12.382291300003637,5.975025909087311,6.360016277779828,9.342018923072128,9.008863000002748,11.022857590909222,5.306561562497336,5.526343214281431,6.751429555553235,6.637430000000418,7.156360500001634,10.96523483333537,9.132820200008428,8.330979272727166,5.6889156666705585,7.55556643750333,6.950321166661323,6.315644888889641,7.189146150005763,6.0808677272732234,15.55659383333356
flagd,NaN,NaN,NaN,NaN,NaN,NaN,NaN,NaN,NaN,NaN,NaN,NaN,NaN,NaN,NaN,NaN,NaN,NaN,NaN,NaN,NaN,NaN,NaN,NaN,NaN,NaN,NaN,NaN,NaN,NaN,NaN,NaN,NaN,NaN,NaN,NaN,NaN,NaN,NaN,NaN,NaN,NaN,NaN,NaN,NaN,NaN,NaN,NaN,NaN,NaN,NaN,NaN,NaN,NaN,NaN,NaN,NaN,NaN,NaN,NaN,NaN,NaN,NaN,NaN,NaN,NaN,NaN,NaN,NaN,NaN,NaN,NaN,NaN,NaN,NaN,NaN,NaN,NaN,NaN,NaN,NaN,NaN,NaN,NaN,NaN,NaN,NaN,NaN,NaN,NaN,NaN,NaN,NaN,NaN,NaN,NaN,NaN,NaN,NaN,NaN,NaN,NaN,NaN,NaN,NaN,NaN,NaN,NaN,NaN,NaN,NaN,NaN,NaN,NaN,NaN,NaN,NaN,NaN,NaN,NaN,NaN,NaN,NaN,NaN,NaN,NaN,NaN,NaN,NaN,NaN,NaN,NaN,NaN,NaN,NaN,NaN,NaN,NaN,NaN,NaN,NaN,NaN,NaN,NaN,NaN,NaN,NaN,NaN,NaN,NaN,NaN,NaN,NaN,NaN,NaN,NaN,NaN,NaN,NaN,NaN,NaN,NaN,NaN,NaN,NaN,NaN,NaN,NaN,NaN,NaN,NaN,NaN,NaN,NaN,NaN,NaN,NaN,NaN,NaN,NaN,NaN,NaN,NaN,NaN,NaN,NaN,NaN,NaN,NaN,NaN,NaN,NaN,NaN,NaN,NaN,NaN,NaN,NaN,NaN,NaN,NaN,NaN,NaN,NaN,NaN,NaN,NaN,NaN,NaN,NaN,NaN,NaN,NaN,NaN,NaN,NaN,NaN,NaN,NaN,NaN,NaN,NaN,NaN,NaN,NaN,NaN,NaN,NaN,NaN,NaN,NaN,NaN,NaN,NaN,NaN,NaN,NaN,NaN,NaN,NaN,NaN,NaN,NaN,NaN,NaN,NaN,NaN,NaN,NaN,NaN,NaN,NaN,NaN,NaN,NaN,NaN,NaN,NaN,NaN,NaN,NaN,NaN,NaN,NaN,NaN,NaN,NaN,NaN,NaN,NaN,NaN,NaN,NaN,NaN,NaN,NaN,NaN,NaN,NaN,NaN,NaN,NaN,NaN,NaN,NaN,NaN,NaN,NaN,NaN,NaN,NaN,NaN,NaN,NaN,NaN,NaN,NaN,NaN,NaN,NaN,NaN,NaN,NaN,NaN
frauddetectionservice,NaN,NaN,NaN,NaN,NaN,NaN,NaN,NaN,NaN,NaN,NaN,NaN,NaN,NaN,NaN,NaN,NaN,NaN,NaN,NaN,NaN,NaN,NaN,NaN,NaN,NaN,NaN,NaN,NaN,NaN,NaN,NaN,NaN,NaN,NaN,NaN,NaN,NaN,NaN,NaN,NaN,NaN,NaN,NaN,NaN,NaN,NaN,NaN,NaN,NaN,NaN,NaN,NaN,NaN,NaN,NaN,NaN,NaN,NaN,NaN,NaN,NaN,NaN,NaN,NaN,NaN,NaN,NaN,NaN,NaN,NaN,NaN,NaN,NaN,NaN,NaN,NaN,NaN,NaN,NaN,NaN,NaN,NaN,NaN,NaN,NaN,NaN,NaN,NaN,NaN,NaN,NaN,NaN,NaN,NaN,NaN,NaN,NaN,NaN,NaN,NaN,NaN,NaN,NaN,NaN,NaN,NaN,NaN,NaN,NaN,NaN,NaN,NaN,NaN,NaN,NaN,NaN,NaN,NaN,NaN,NaN,NaN,NaN,NaN,NaN,NaN,NaN,NaN,NaN,NaN,NaN,NaN,NaN,NaN,NaN,NaN,NaN,NaN,NaN,NaN,NaN,NaN,NaN,NaN,NaN,NaN,NaN,NaN,NaN,NaN,NaN,NaN,NaN,NaN,NaN,NaN,NaN,NaN,NaN,NaN,NaN,NaN,NaN,NaN,NaN,NaN,NaN,NaN,NaN,NaN,NaN,NaN,NaN,NaN,NaN,NaN,NaN,NaN,NaN,NaN,NaN,NaN,NaN,NaN,NaN,NaN,NaN,NaN,NaN,NaN,NaN,NaN,NaN,NaN,NaN,NaN,NaN,NaN,NaN,NaN,NaN,NaN,NaN,NaN,NaN,NaN,NaN,NaN,NaN,NaN,NaN,NaN,NaN,NaN,NaN,NaN,NaN,NaN,NaN,NaN,NaN,NaN,NaN,NaN,NaN,NaN,NaN,NaN,NaN,NaN,NaN,NaN,NaN,NaN,NaN,NaN,NaN,NaN,NaN,NaN,NaN,NaN,NaN,NaN,NaN,NaN,NaN,NaN,NaN,NaN,NaN,NaN,NaN,NaN,NaN,NaN,NaN,NaN,NaN,NaN,NaN,NaN,NaN,NaN,NaN,NaN,NaN,NaN,NaN,NaN,NaN,NaN,NaN,NaN,NaN,NaN,NaN,NaN,NaN,NaN,NaN,NaN,NaN,NaN,NaN,NaN,NaN,NaN,NaN,NaN,NaN,NaN,NaN,NaN,NaN,NaN,NaN,NaN,NaN,NaN,NaN,NaN,NaN,NaN
frontend,NaN,NaN,NaN,NaN,NaN,NaN,NaN,NaN,NaN,NaN,NaN,NaN,NaN,NaN,NaN,NaN,NaN,NaN,NaN,NaN,NaN,NaN,NaN,NaN,NaN,NaN,NaN,NaN,NaN,NaN,NaN,NaN,NaN,NaN,NaN,NaN,NaN,NaN,NaN,NaN,NaN,NaN,NaN,NaN,NaN,NaN,NaN,NaN,NaN,NaN,NaN,NaN,NaN,NaN,NaN,NaN,NaN,NaN,NaN,NaN,NaN,NaN,NaN,NaN,NaN,NaN,NaN,NaN,NaN,NaN,NaN,NaN,NaN,NaN,NaN,NaN,NaN,NaN,NaN,NaN,NaN,NaN,NaN,NaN,NaN,NaN,NaN,NaN,NaN,NaN,NaN,NaN,NaN,NaN,NaN,NaN,NaN,NaN,NaN,NaN,NaN,NaN,NaN,NaN,NaN,NaN,NaN,NaN,NaN,NaN,NaN,NaN,NaN,NaN,NaN,NaN,NaN,NaN,NaN,NaN,NaN,NaN,NaN,NaN,NaN,NaN,NaN,NaN,NaN,NaN,NaN,NaN,NaN,NaN,NaN,NaN,NaN,NaN,NaN,NaN,NaN,NaN,NaN,NaN,NaN,NaN,NaN,NaN,NaN,NaN,NaN,NaN,NaN,NaN,NaN,NaN,NaN,NaN,NaN,NaN,NaN,NaN,NaN,NaN,NaN,NaN,NaN,NaN,NaN,NaN,NaN,NaN,NaN,NaN,NaN,NaN,NaN,NaN,NaN,NaN,NaN,NaN,NaN,NaN,NaN,NaN,NaN,NaN,NaN,NaN,NaN,NaN,NaN,NaN,NaN,NaN,NaN,NaN,NaN,NaN,NaN,NaN,NaN,NaN,NaN,NaN,NaN,NaN,NaN,NaN,NaN,NaN,NaN,NaN,NaN,NaN,NaN,NaN,NaN,NaN,NaN,NaN,NaN,NaN,NaN,NaN,NaN,NaN,NaN,NaN,NaN,NaN,NaN,NaN,NaN,NaN,NaN,NaN,NaN,NaN,NaN,NaN,NaN,NaN,NaN,NaN,NaN,NaN,NaN,NaN,NaN,NaN,NaN,NaN,NaN,NaN,NaN,NaN,NaN,NaN,NaN,NaN,NaN,NaN,NaN,NaN,NaN,NaN,NaN,NaN,NaN,NaN,NaN,NaN,NaN,NaN,NaN,NaN,NaN,NaN,NaN,NaN,NaN,NaN,NaN,NaN,NaN,NaN,NaN,NaN,NaN,NaN,NaN,NaN,NaN,NaN,NaN,NaN,NaN,NaN,NaN,NaN,NaN,NaN
frontend-web,NaN,NaN,NaN,NaN,NaN,NaN,NaN,NaN,NaN,NaN,NaN,NaN,NaN,NaN,NaN,NaN,NaN,NaN,NaN,NaN,NaN,NaN,NaN,NaN,NaN,NaN,NaN,NaN,NaN,NaN,NaN,NaN,NaN,NaN,NaN,NaN,NaN,NaN,NaN,NaN,NaN,NaN,NaN,NaN,NaN,NaN,NaN,NaN,NaN,NaN,NaN,NaN,NaN,NaN,NaN,NaN,NaN,NaN,NaN,NaN,NaN,NaN,NaN,NaN,NaN,NaN,NaN,NaN,NaN,NaN,NaN,NaN,NaN,NaN,NaN,NaN,NaN,NaN,NaN,NaN,NaN,NaN,NaN,NaN,NaN,NaN,NaN,NaN,NaN,NaN,NaN,NaN,NaN,NaN,NaN,NaN,NaN,NaN,NaN,NaN,NaN,NaN,NaN,NaN,NaN,NaN,NaN,NaN,NaN,NaN,NaN,NaN,NaN,NaN,NaN,NaN,NaN,NaN,NaN,NaN,NaN,NaN,NaN,NaN,NaN,NaN,NaN,NaN,NaN,NaN,NaN,NaN,NaN,NaN,NaN,NaN,NaN,NaN,NaN,NaN,NaN,NaN,NaN,NaN,NaN,NaN,NaN,NaN,NaN,NaN,NaN,NaN,NaN,NaN,NaN,NaN,NaN,NaN,NaN,NaN,NaN,NaN,NaN,NaN,NaN,NaN,NaN,NaN,NaN,NaN,NaN,NaN,NaN,NaN,NaN,NaN,NaN,NaN,NaN,NaN,NaN,NaN,NaN,NaN,NaN,NaN,NaN,NaN,NaN,NaN,NaN,NaN,NaN,NaN,NaN,NaN,NaN,NaN,NaN,NaN,NaN,NaN,NaN,NaN,NaN,NaN,NaN,NaN,NaN,NaN,NaN,NaN,NaN,NaN,NaN,NaN,NaN,NaN,NaN,NaN,NaN,NaN,NaN,NaN,NaN,NaN,NaN,NaN,NaN,NaN,NaN,NaN,NaN,NaN,NaN,NaN,NaN,NaN,NaN,NaN,NaN,NaN,NaN,NaN,NaN,NaN,NaN,NaN,NaN,NaN,NaN,NaN,NaN,NaN,NaN,NaN,NaN,NaN,NaN,NaN,NaN,NaN,NaN,NaN,NaN,NaN,NaN,NaN,NaN,NaN,NaN,NaN,NaN,NaN,NaN,NaN,NaN,NaN,NaN,NaN,NaN,NaN,NaN,NaN,NaN,NaN,NaN,NaN,NaN,NaN,NaN,NaN,NaN,NaN,NaN,NaN,NaN,NaN,NaN,NaN,NaN,NaN,NaN,NaN
frontendproxy,NaN,NaN,NaN,NaN,NaN,NaN,NaN,NaN,NaN,NaN,NaN,NaN,NaN,NaN,NaN,NaN,NaN,NaN,NaN,NaN,NaN,NaN,NaN,NaN,NaN,NaN,NaN,NaN,NaN,NaN,NaN,NaN,NaN,NaN,NaN,NaN,NaN,NaN,NaN,NaN,NaN,NaN,NaN,NaN,NaN,NaN,NaN,NaN,NaN,NaN,NaN,NaN,NaN,NaN,NaN,NaN,NaN,NaN,NaN,NaN,NaN,NaN,NaN,NaN,NaN,NaN,NaN,NaN,NaN,NaN,NaN,NaN,NaN,NaN,NaN,NaN,NaN,NaN,NaN,NaN,NaN,NaN,NaN,NaN,NaN,NaN,NaN,NaN,NaN,NaN,NaN,NaN,NaN,NaN,NaN,NaN,NaN,NaN,NaN,NaN,NaN,NaN,NaN,NaN,NaN,NaN,NaN,NaN,NaN,NaN,NaN,NaN,NaN,NaN,NaN,NaN,NaN,NaN,NaN,NaN,NaN,NaN,NaN,NaN,NaN,NaN,NaN,NaN,NaN,NaN,NaN,NaN,NaN,NaN,NaN,NaN,NaN,NaN,NaN,NaN,NaN,NaN,NaN,NaN,NaN,NaN,NaN,NaN,NaN,NaN,NaN,NaN,NaN,NaN,NaN,NaN,NaN,NaN,NaN,NaN,NaN,NaN,NaN,NaN,NaN,NaN,NaN,NaN,NaN,NaN,NaN,NaN,NaN,NaN,NaN,NaN,NaN,NaN,NaN,NaN,NaN,NaN,NaN,NaN,NaN,NaN,NaN,NaN,NaN,NaN,NaN,NaN,NaN,NaN,NaN,NaN,NaN,NaN,NaN,NaN,NaN,NaN,NaN,NaN,NaN,NaN,NaN,NaN,NaN,NaN,NaN,NaN,NaN,NaN,NaN,NaN,NaN,NaN,NaN,NaN,NaN,NaN,NaN,NaN,NaN,NaN,NaN,NaN,NaN,NaN,NaN,NaN,NaN,NaN,NaN,NaN,NaN,NaN,NaN,NaN,NaN,NaN,NaN,NaN,NaN,NaN,NaN,NaN,NaN,NaN,NaN,NaN,NaN,NaN,NaN,NaN,NaN,NaN,NaN,NaN,NaN,NaN,NaN,NaN,NaN,NaN,NaN,NaN,NaN,NaN,NaN,NaN,NaN,NaN,NaN,NaN,NaN,NaN,NaN,NaN,NaN,NaN,NaN,NaN,NaN,NaN,NaN,NaN,NaN,NaN,NaN,NaN,NaN,NaN,NaN,NaN,NaN,NaN,NaN,NaN,NaN,NaN,NaN,NaN
imageprovider,0,0,0,0,0,0,0,0,0,0,0,0,0,0,0,0,0,0,0,0,0,0,0,0,0,0,0,0,0,0,0,0,0,0,0,0,0,0,0,0,0,0,0,0,0,0,0,0,0,0,0,0,0,0,0,0,0,0,0,0,0,0,0,0,0,0,0,0,0,0,0,0,0,0,0,0,0,0,0,0,0,0,0,0,0,0,0,0,0,0,0,0,0,0,0,0,0,0,0,0,0,0,0,0,0,0,0,0,0,0,0,0,0,0,0,0,0,0,0,0,0,0,0,0,0,0,0,0,0,0,0,0,0,0,0,0,0,0,0,0,0,0,0,0,0,0,0,0,0,0,0,0,0,0,0,0,0,0,0,0,0,0,0,0,0,0,0,0,0,0,0,0,0,0,0,0,0,0,0,0,0,0,0,0,0,0,0,0,0,0,0,0,0,0,0,0,0,0,0,0,0,0,0,0,0,0,0,0,0,0,0,0,0,0,0,0,0,0,0,0,0,0,0,0,0,0,0,0,0,0,0,0,0,0,0,0,0,0,0,0,0,0,0,0,0,0,0,0,0,0,0,0,0,0,0,0,0,0,0,0,0,0,0,0,0,0,0,0,0,0,0,0,0,0,0,0,0,0,0,0,0,0,0,0,0,0,0,0,0,0,0,0,0,0,0,0,0,0,0,0,0,0,0,0
loadgenerator,NaN,NaN,NaN,NaN,NaN,NaN,NaN,NaN,NaN,NaN,NaN,NaN,NaN,NaN,NaN,NaN,NaN,NaN,NaN,NaN,NaN,NaN,NaN,NaN,NaN,NaN,NaN,NaN,NaN,NaN,NaN,NaN,NaN,NaN,NaN,NaN,NaN,NaN,NaN,NaN,NaN,NaN,NaN,NaN,NaN,NaN,NaN,NaN,NaN,NaN,NaN,NaN,NaN,NaN,NaN,NaN,NaN,NaN,NaN,NaN,NaN,NaN,NaN,NaN,NaN,NaN,NaN,NaN,NaN,NaN,NaN,NaN,NaN,NaN,NaN,NaN,NaN,NaN,NaN,NaN,NaN,NaN,NaN,NaN,NaN,NaN,NaN,NaN,NaN,NaN,NaN,NaN,NaN,NaN,NaN,NaN,NaN,NaN,NaN,NaN,NaN,NaN,NaN,NaN,NaN,NaN,NaN,NaN,NaN,NaN,NaN,NaN,NaN,NaN,NaN,NaN,NaN,NaN,NaN,NaN,NaN,NaN,NaN,NaN,NaN,NaN,NaN,NaN,NaN,NaN,NaN,NaN,NaN,NaN,NaN,NaN,NaN,NaN,NaN,NaN,NaN,NaN,NaN,NaN,NaN,NaN,NaN,NaN,NaN,NaN,NaN,NaN,NaN,NaN,NaN,NaN,NaN,NaN,NaN,NaN,NaN,NaN,NaN,NaN,NaN,NaN,NaN,NaN,NaN,NaN,NaN,NaN,NaN,NaN,NaN,NaN,NaN,NaN,NaN,NaN,NaN,NaN,NaN,NaN,NaN,NaN,NaN,NaN,NaN,NaN,NaN,NaN,NaN,NaN,NaN,NaN,NaN,NaN,NaN,NaN,NaN,NaN,NaN,NaN,NaN,NaN,NaN,NaN,NaN,NaN,NaN,NaN,NaN,NaN,15973.603645874333,NaN,NaN,NaN,NaN,NaN,NaN,NaN,NaN,NaN,NaN,NaN,NaN,NaN,NaN,NaN,NaN,NaN,NaN,NaN,NaN,NaN,NaN,NaN,NaN,NaN,NaN,NaN,NaN,NaN,NaN,NaN,NaN,NaN,NaN,NaN,NaN,NaN,NaN,NaN,NaN,NaN,NaN,NaN,NaN,NaN,NaN,NaN,NaN,NaN,NaN,NaN,NaN,NaN,NaN,NaN,NaN,NaN,NaN,NaN,NaN,NaN,NaN,NaN,NaN,NaN,NaN,NaN,NaN,NaN,NaN,NaN,NaN,NaN,NaN,NaN,NaN,NaN,NaN,NaN,NaN,NaN,NaN,NaN,NaN,NaN,NaN,NaN,NaN,NaN
paymentservice,NaN,NaN,NaN,NaN,NaN,NaN,NaN,NaN,NaN,NaN,NaN,NaN,NaN,NaN,NaN,NaN,NaN,NaN,NaN,NaN,NaN,NaN,NaN,NaN,NaN,NaN,NaN,NaN,NaN,NaN,NaN,NaN,NaN,NaN,NaN,NaN,NaN,NaN,NaN,NaN,NaN,NaN,NaN,NaN,NaN,NaN,NaN,NaN,NaN,NaN,NaN,NaN,NaN,NaN,NaN,NaN,NaN,NaN,NaN,NaN,NaN,NaN,NaN,NaN,NaN,NaN,NaN,NaN,NaN,NaN,NaN,NaN,NaN,NaN,NaN,NaN,NaN,NaN,NaN,NaN,NaN,NaN,NaN,NaN,NaN,NaN,NaN,NaN,NaN,NaN,NaN,NaN,NaN,NaN,NaN,NaN,NaN,NaN,NaN,NaN,NaN,NaN,NaN,NaN,NaN,NaN,NaN,NaN,NaN,NaN,NaN,NaN,NaN,NaN,NaN,NaN,NaN,NaN,NaN,NaN,NaN,NaN,NaN,NaN,NaN,NaN,NaN,NaN,NaN,NaN,NaN,NaN,NaN,NaN,NaN,NaN,NaN,NaN,NaN,NaN,NaN,NaN,NaN,NaN,NaN,NaN,NaN,NaN,NaN,NaN,NaN,NaN,NaN,NaN,NaN,NaN,NaN,NaN,NaN,NaN,NaN,NaN,NaN,NaN,NaN,NaN,NaN,NaN,NaN,NaN,NaN,NaN,NaN,NaN,NaN,NaN,NaN,NaN,NaN,NaN,NaN,NaN,NaN,NaN,NaN,NaN,NaN,NaN,NaN,NaN,NaN,NaN,NaN,NaN,NaN,NaN,NaN,NaN,NaN,NaN,NaN,NaN,NaN,NaN,NaN,NaN,NaN,NaN,NaN,NaN,NaN,NaN,NaN,NaN,NaN,NaN,NaN,NaN,NaN,NaN,NaN,NaN,NaN,NaN,NaN,NaN,NaN,NaN,NaN,NaN,NaN,NaN,NaN,NaN,NaN,NaN,NaN,NaN,NaN,NaN,NaN,NaN,NaN,NaN,NaN,NaN,NaN,NaN,NaN,NaN,NaN,NaN,NaN,NaN,NaN,NaN,NaN,NaN,NaN,NaN,NaN,NaN,NaN,NaN,NaN,NaN,NaN,NaN,NaN,NaN,NaN,NaN,NaN,NaN,NaN,NaN,NaN,NaN,NaN,NaN,NaN,NaN,NaN,NaN,NaN,NaN,NaN,NaN,NaN,NaN,NaN,NaN,NaN,NaN,NaN,NaN,NaN,NaN,NaN,NaN,NaN,NaN,NaN,NaN
productcatalogservice,0.3367168929336515,0.33313159679308674,0.3354913786559491,0.33487009627888836,0.32386098507089567,0.3759266226010928,0.6812988907238843,0.3406668300982502,0.3553251071467197,0.36715434768658217,0.31130621841746753,0.2987202017480959,0.31650213509251157,0.3504716026383867,0.3315688389901803,0.31459176149533086,0.3285726733422295,0.34205579269112696,0.3460038039250608,0.3230520894237968,0.3489356814043551,0.3260843487095255,0.3317387336376713,0.30813930034630477,0.30767352228379924,0.29251411272529076,0.3454009080100184,0.362067373420944,0.39231179737670896,0.3491748252313885,0.3258636964258455,0.32342316625479794,0.33977109065866556,0.3106886418377992,0.32433180138430057,0.32115288149061316,0.3269094756954777,0.3141775672092131,0.3683858159697335,0.3770489483953447,0.3296630837963408,0.39079862262693366,0.3285350940898326,0.30794750000533994,0.3533772514400161,0.2988834654208258,0.3229532857120614,0.31486254271497394,0.3383635398460063,0.34124476591141006,0.3960294155210884,0.33103818339303526,0.3342772374758004,0.3471077005300195,0.2939620521332601,0.32919823886266764,0.3114564336577268,0.29522469438103216,0.3468514928155395,0.36805485151188777,0.34419055071848914,0.31919619471750965,0.3467079241363756,0.31853498220921506,0.3370547704998162,0.32282999367558296,0.3869816325620973,0.32193270007755115,0.32042043981534707,0.29971488256059176,0.36672751249428226,0.34936448636913564,0.339084429145573,0.38586637902951326,0.32971619701481514,0.3309239501694426,0.3454318198859968,0.30060451117297293,0.317958956870494,0.3262301803074396,0.3486783086912103,0.30973622875326773,0.324759500955775,0.39138406096265294,0.303662605765007,0.3448435513720962,0.31493783691456334,0.3004603568066082,0.35350693194466454,0.33166908372307286,0.329541337838658,0.3110777176380835,0.3359009576559188,0.35304084233643585,0.35544798492737495,0.317807035975196,0.3099174010421848,0.32230641909551594,0.3512907202755295,0.3520023704406835,0.30280525440029343,0.3178151339093148,0.3374659859584608,0.29816787819583346,0.3819666097133149,0.27898659753245386,0.33086998352999,0.3951807802225567,0.310728807322083,0.33111601179881095,0.3095746425729951,0.3046341882024727,0.3160909633698443,0.321188225403441,0.3234770083399041,0.31976115467799887,0.3155516479228772,0.32265219166486836,0.2973709780530778,0.34445537714956087,0.3293994837833546,0.3437750142640921,0.332104567124865,0.31529747711333256,0.3485354653637819,0.32968873639719465,0.3234739900772595,0.32492448346003333,0.3508629852198495,0.3257333936469097,0.3060022112452315,0.34320676786176463,0.29696584712665786,0.3942224447783227,0.32670593189584174,0.3719438911206179,0.31665070936149714,0.35539258564411547,0.28363454412128986,0.3157364141549962,0.36488987455405164,0.33295067601888423,0.3709790076189009,0.3453943214622959,0.3466407966047299,0.31089185452007095,0.27855282018525884,0.3225094555589638,0.36853831136702664,0.30338379022590345,0.3263304048270375,0.32423821647635437,0.3176674127659073,0.3121096391577336,0.34434502552140156,0.3580770156010886,0.3061734532041067,0.31790287430070874,0.39236393787901425,0.32813374314983323,0.3947325511118226,0.32475528206203363,0.4673670936119628,0.3283274605984017,0.33963904787822924,0.3508309861089974,0.3674645121571155,0.3123561884129141,0.29322119664608143,0.29527197649521336,0.30257807450012014,0.36274469136015264,0.3251184313483376,0.32324211757791943,0.35898399509526263,0.3446831607051002,0.33074585395076544,0.31359570954391514,0.3711400985642806,0.32405638227420097,0.32913237080437563,0.30674832850175754,0.4113341305027194,0.33935706655239073,0.34537609926280716,0.37397312962484386,0.3528564680751461,0.3327054392725095,0.3034243025868796,0.2985758456762837,0.30395287674699256,0.3215525050915664,0.30844521421805976,0.30908064501239485,0.3759873569909526,0.32027480790512913,0.3038638742628332,0.34035744138088636,0.3427823465054608,0.2958275905215164,0.34310496044191685,0.3265793578596832,0.3847257076072975,0.3267304869533651,0.3264523052929717,0.31413862357863065,0.3078100851915621,0.30094629428612746,0.35282544973270535,0.33447112317292843,0.32529143895257573,0.36257860369788275,0.3194931265241943,0.31370119700773336,0.3493879496251953,0.32386033915347556,0.3287709825138659,0.2911011691768295,0.32327188899761705,0.3039910432620366,0.3243358347586061,0.32911417207912425,0.298656620775923,0.3094772154351328,0.33978116666484215,0.3176897296137171,0.3236900347213856,0.31523017203000814,0.28162549443600404,0.3335145465441226,0.37458387776698354,0.3593518571831876,0.3068373604219163,0.30992533427464863,0.313991757576045,0.33042006475397606,0.3619121643593341,0.4104258470176598,0.3012721046770661,0.32468129539152646,0.2902414364051871,0.2863917933395054,0.3777686240331562,0.3524806111078883,0.3273096483558277,0.3253423427787726,0.33840808470125255,0.32255799358606757,0.30059804350185726,0.38124848726270166,0.3149749402109853,0.34279245237067457,0.34804163116248304,0.34411263610879617,0.3241931651161676,0.34551129230769734,0.30569856762349856,0.35060538826734855,0.27785454370758983,0.39696988888874646,0.3600459957123684,0.3768647662625135,0.37826048970144865,0.38172177764055576,0.2962117116808089,0.3481329256606412,0.3387065292454902,0.3143240623579388,0.32019132404292855,0.3255626458430058,0.32795313714712626,0.2903141394737759,0.32591715062843807,0.31489074245194937,0.3162842074927873,0.3618856164263006,0.38090368147913506,0.4532094187136373,0.3425240612066422,0.2960635827308168,0.30611755367095317,0.3493494150529851,0.32139668031449337,0.3397713298874375,0.3163349249168067,0.32395297967273884,0.29164238094170586,0.34800658703241905,0.29707976038017864,0.28173116966335,0.3221250000033774,0.2850184223873816,0.32923473205656073,0.3517165758118454,0.39025491842318155,0.3170583589038283,0.30899204417614134,0.37074497747223134,0.3081639295052944,0.33435547988880854,0.34540511301282684,0.34305784562360986,0.31041992164437854,0.3339022210831993
quoteservice,NaN,1.7538694444452227,NaN,NaN,NaN,0.6156952999993791,NaN,NaN,0.698672999998962,0.9554836999994222,0.5540359999998146,NaN,NaN,0.7400712666669581,0.5782932000005075,NaN,0.6651290000022527,0.6061988333334511,0.6402980000007119,NaN,0.672849000000042,NaN,1.2168962222218498,NaN,NaN,1.3695682222229253,0.5621741000002203,0.6978669999994054,NaN,0.5624926666666094,0.48217409090912866,0.5464005833328353,0.5538468888890848,0.49687962499984906,0.6606126666662628,0.5560247142854807,NaN,0.5290070000002872,NaN,NaN,NaN,0.6323083636368871,NaN,0.5206509999997656,0.7895381666669058,NaN,NaN,NaN,0.44998684615414347,NaN,NaN,NaN,0.6324800000001005,NaN,0.5228474000007737,0.5035013333328304,0.6100335555555223,0.5143270000000182,0.5954630000001088,0.5270386666657789,0.5370761428570014,NaN,0.6237099999993916,0.5299727499991036,0.7149010000011913,0.6349519090910938,0.5514325714281247,0.6379123999998227,1.6165768888889842,0.6124690000001466,0.6577596363636489,0.9549130000013974,0.6502750000002682,0.5268069999999625,0.512605636363291,0.5273314615385342,0.6723390000001928,0.852143916667463,0.45787954545382736,0.5873803000008138,0.6972169999999854,0.6003244285717041,0.6633389999992687,0.46893749999976947,0.6172479999994581,0.6302570000020751,0.4779456250004728,1.0119890999996641,0.673093999998855,0.6816920000001119,1.057226749999586,0.4954181666659376,0.5181508888889665,0.6040919999996277,0.6490834285715275,0.4896325000005163,0.49103949999994256,0.5786959999994906,0.5907515000007303,0.6929670833333905,0.6059754285710629,0.4960643571431709,0.493510384615547,0.6821090000003096,0.5163989999996375,0.5065084444450905,0.4977015384615347,0.582301222222567,0.696593000001485,0.5016586428569099,0.7411833333334622,0.6443250000006628,0.8706808888887282,0.4881828749998931,0.5803388571425785,0.5530286666666042,0.48409075000085977,0.7042059999998855,0.5561282499998772,0.4939977499998349,0.8033290000003035,0.6653983333344513,0.4989778749991274,0.5664716666671363,0.743322615384771,0.5908619999999397,0.8228730000014366,0.6196072500002856,0.5224333333338412,0.6933725000002748,0.5718438000000332,0.4604591818182681,0.5584399999996398,0.5708324999996421,0.6276499999994485,0.5735139545451436,0.6553849999991144,0.5430370000003676,0.6031455384613764,0.5628626153845568,0.6800319999993008,0.6356700000010278,0.5734362142856883,0.57345216666666,0.596875000000091,0.5741390000007414,0.5593048333338023,0.6266733846155847,0.5857546999998249,0.540317454544782,0.6401224000002004,0.5445996249998188,0.6103289999995367,0.6677000000008775,0.5558760909089787,0.5540876923071734,0.7069524444439391,0.682090357143092,0.6724841666665119,0.7176759999997557,0.5134180833330978,0.47023200000001536,0.4834087999996882,0.7677420000009079,NaN,0.47690129999987224,0.47665049999986875,NaN,0.7500780000009399,NaN,NaN,NaN,NaN,0.8256640999994034,0.54441588888863,NaN,NaN,0.5596375714285385,NaN,NaN,0.7298150000001442,0.5572390000003603,NaN,NaN,0.6392215833335891,NaN,NaN,NaN,0.7311190000009447,0.5412657142861202,NaN,NaN,0.5103343000002042,NaN,NaN,NaN,0.6874049999992167,0.6055296666662192,NaN,0.5977141250000386,0.6814170000006925,NaN,NaN,NaN,0.5460561428568715,NaN,NaN,NaN,0.5781813333326985,NaN,0.6825369999987743,0.6626079999991816,0.5841845714280679,NaN,NaN,NaN,0.6686156666664324,NaN,NaN,0.580031666666653,0.5242083750004554,0.5491034999999101,0.5738937999992231,0.49829899999990634,1.1073336428567992,0.6205471999995098,0.5179603333328942,0.5140532857146485,0.5283573999996406,0.6287007999998878,0.6092513333334562,0.6999059999993733,0.5069737916663067,0.5191412857148602,0.48487400000004754,0.5321266363640378,0.6379699999993136,0.477099666667022,0.4567864444448888,0.5233115555561199,0.5872723999992558,0.5300854999995863,0.5239911250000091,0.5594508888892354,NaN,0.7019374999999286,0.5318870000003812,0.5390861111117778,0.5516003333332266,0.9581793636361081,0.6603040000004512,0.5667071052638388,0.526032000000032,0.6842300000016621,0.6978001428571717,0.5619960769232559,0.5745572727266997,0.5872478181821531,0.5646984545452473,0.979953000000205,0.7185569999996915,0.5296710833334828,0.5016068750001068,0.5496537500002319,0.6724890000000414,0.5531828799997492,0.5754825999998805,0.5328226666666372,0.5181806000000506,0.5708072999997966,0.6891134545448536,1.7807984000000487,0.731123000001844,0.5087272222226602,0.6156716666671148,0.5511794166668551,0.5673017692310728,0.6344105454550943,0.773137222221572,0.6271905384617009,0.5353712500001961,0.7695036666669693,0.5911335555550371,0.6074557777779874,0.5007648181818611,0.49714877777756156,0.5646528333331087,0.6005956666666256,0.6945424545455022,0.6495810000010351,0.5540609285713539,0.6977018888894944,0.7203000000004067,0.47296128571464835,0.759571583332748,0.6156487142867003,0.5019725000009202,0.6805130000016106,0.5277081428571364,0.7225229999994554,0.5208736999993562,0.7538920000006328,0.5650184210523884,0.6520888000000014
recommendationservice,NaN,NaN,NaN,NaN,NaN,NaN,NaN,NaN,NaN,NaN,NaN,NaN,NaN,NaN,NaN,NaN,NaN,NaN,NaN,NaN,NaN,NaN,NaN,NaN,NaN,NaN,NaN,NaN,NaN,NaN,NaN,NaN,NaN,NaN,NaN,NaN,NaN,NaN,NaN,NaN,NaN,NaN,NaN,NaN,NaN,NaN,NaN,NaN,NaN,NaN,NaN,NaN,NaN,NaN,NaN,NaN,NaN,NaN,NaN,NaN,NaN,NaN,NaN,NaN,NaN,NaN,NaN,NaN,NaN,NaN,NaN,NaN,NaN,NaN,NaN,NaN,NaN,NaN,NaN,NaN,NaN,NaN,NaN,NaN,NaN,NaN,NaN,NaN,NaN,NaN,NaN,NaN,NaN,NaN,NaN,NaN,NaN,NaN,NaN,NaN,NaN,NaN,NaN,NaN,NaN,NaN,NaN,NaN,NaN,NaN,NaN,NaN,NaN,NaN,NaN,NaN,NaN,NaN,NaN,NaN,NaN,NaN,NaN,NaN,NaN,NaN,NaN,NaN,NaN,NaN,NaN,NaN,NaN,NaN,NaN,NaN,NaN,NaN,NaN,NaN,NaN,NaN,NaN,NaN,NaN,NaN,NaN,NaN,NaN,NaN,NaN,NaN,NaN,NaN,NaN,NaN,NaN,NaN,NaN,NaN,NaN,NaN,NaN,NaN,NaN,NaN,NaN,NaN,NaN,NaN,NaN,NaN,NaN,NaN,NaN,NaN,NaN,NaN,NaN,NaN,NaN,NaN,NaN,NaN,NaN,NaN,NaN,NaN,NaN,NaN,NaN,NaN,NaN,NaN,NaN,NaN,NaN,NaN,NaN,NaN,NaN,NaN,NaN,NaN,NaN,NaN,NaN,NaN,NaN,NaN,NaN,NaN,NaN,NaN,NaN,NaN,NaN,NaN,NaN,NaN,NaN,NaN,NaN,NaN,NaN,NaN,NaN,NaN,NaN,NaN,NaN,NaN,NaN,NaN,NaN,NaN,NaN,NaN,NaN,NaN,NaN,NaN,NaN,NaN,NaN,NaN,NaN,NaN,NaN,NaN,NaN,NaN,NaN,NaN,NaN,NaN,NaN,NaN,NaN,NaN,NaN,NaN,NaN,NaN,NaN,NaN,NaN,NaN,NaN,NaN,NaN,NaN,NaN,NaN,NaN,NaN,NaN,NaN,NaN,NaN,NaN,NaN,NaN,NaN,NaN,NaN,NaN,NaN,NaN,NaN,NaN,NaN,NaN,NaN,NaN,NaN,NaN,NaN,NaN,NaN,NaN,NaN,NaN,NaN
shippingservice,4.550259990024642,40986.46153010714,4.539896007171592,NaN,NaN,21484.739332429275,NaN,4.81354396343977,4.621393958354929,91361.57326254793,NaN,5.191544991672345,NaN,69325.59179273766,9359.023607570529,NaN,NaN,18812.22847176379,NaN,4.591623036579222,4.737010034465584,4.589977030204864,26963.987431849044,4.75536198268901,NaN,8860.809772235667,105988.54654010093,58036.75907016283,6.3485859959068875,48642.72567699442,75422.1807587256,59995.68413417518,71788.87891327037,166771.74403336592,4148.77456133747,14770.948476430905,NaN,50067.423163994485,5.040657971626388,4.746050961032779,NaN,72371.50255808808,4.560884981815434,43269.63578389275,18362.067301917017,5.136109988323369,4.647611971809511,NaN,60076.27998924788,NaN,5.739654004340991,NaN,59808.22895612956,4.848154025707117,37599.04181120324,82449.53623106978,94724.23528274521,37989.74881367112,35871.282495839805,117796.71577899312,17410.031491334852,5.078384051391822,NaN,48947.547510712764,143360.11767491518,33615.18614236494,83549.00045261174,56908.64672528502,7997.117982349036,17496.316079042666,160722.5624158986,NaN,41721.584584004624,51599.26185274449,141131.5178509017,70425.19750524724,NaN,42308.10922140689,113091.17384902679,89596.94654525252,30360.83261615725,44921.223746122545,67728.17025781858,173485.1532793612,48587.51316299922,NaN,178995.72000465626,8398.241375540647,4.731941986316542,NaN,69731.78340908048,131259.05742487137,86337.55024332729,101529.71851740056,82251.99657430834,71385.69236415933,79223.19006199314,13754.401019389254,6670.412261160367,52414.88849797003,16316.828948692704,43699.292889493605,162086.83195246235,63771.55119562445,80709.87247115698,70469.46422642632,105525.72512683297,72805.95229574812,12.79983520745083,104213.12172578413,10902.502360425686,NaN,71259.39541422485,125222.19057357055,40570.473915035356,16822.552212559058,91181.9349421034,47564.028684623714,53593.97628398433,82507.40400200879,4.895088003212095,600.9228624748782,73292.24357751523,94879.30161027251,57548.607415047554,109487.14709608759,34771.01930979708,127686.31771010366,89607.55735920496,5.506190510012251,66561.84440671203,139057.9006425735,79763.98325576098,100098.33244859945,31509.915879272863,85226.37583348698,195575.4631949414,21261.131706419725,91596.55300730644,52277.17942438371,4.292638974857255,77788.76910887763,108637.69318083137,109754.5272365261,34056.38026172866,93330.35244719459,51798.011000505474,94428.47643591373,28973.459200439505,75833.00852363792,14276.50492301463,25593.462742248765,34419.04625198478,4.469721511266698,34100.52058736437,60635.02428567801,140920.21367899596,38467.27664893396,2167.10929782381,88048.86084216795,105454.26194135078,128672.12384983635,59899.88304859951,11455.151153504426,4.909282002063719,126866.73789590762,49971.65035409743,4.7393209563369965,4.729296971946496,NaN,NaN,NaN,NaN,27835.48244428326,70015.47136282331,5.557216016719849,NaN,42053.24374540624,4.594503006942887,NaN,5.191192010055602,7456.303672697656,5.455840998481563,NaN,13309.178061343857,4.821909998401679,5.2666849933129924,4.65093795614257,NaN,70166.38894803653,NaN,NaN,101066.18478268755,NaN,NaN,NaN,NaN,47514.561376075326,5.032757033317466,51882.829705759854,19418.930121563044,NaN,4.65991298741892,5.6442690210647015,112887.06628329806,5.411148008190139,5.463057036090959,4.778416980487691,69096.63123789865,4.68126904793553,4.667928017207942,NaN,50892.84973400786,NaN,4.884355973926631,NaN,54423.95178622972,4.8585079700887945,5.181268006294431,63167.19296410392,121716.98985562252,62993.760687115166,77295.76133099913,80014.77682812934,40194.351839224335,37834.07864559665,36493.83654041882,50385.67946449126,18497.524550247657,53083.70806218787,13.649957953231933,36724.40527720186,4.290537993480484,164603.0447478337,93513.40862911908,1931.1198975279426,NaN,74531.28378754006,104642.45899957442,86679.04886512722,82770.97645109677,132722.25274118138,111278.73112088295,61960.48882381705,NaN,NaN,2745.8381136317385,45395.51119725834,22707.791001769856,43897.007976918954,20879.0707795493,1081.8427041043442,70533.90116942521,NaN,46503.30829127047,60453.520724747956,90694.5273221112,66233.4958721852,7.485436370450398,93643.21644899053,50478.93713234426,166187.55507939213,129896.88532183407,53020.811624842856,78118.17824573217,109463.78900750293,90083.52045306977,73217.43799100076,92514.87220966125,68351.62639944798,10.32779316628133,56100.02775831669,NaN,130001.17040989705,43445.56712653284,51087.148477735864,34297.151630639586,76031.98435348418,37688.503235005635,32795.78887907427,112289.79709986912,77566.38090092027,9919.228271835902,19802.362794203607,77123.51647645645,10405.909582392303,21568.091248898676,10.221978497583299,110215.42120646533,49140.57286187301,129471.51222342212,93381.69153057133,5.010176056922774,102887.31237516919,29929.80560349654,43073.235051911404,157036.76221054944,NaN,29596.83003400753,NaN,5975.737657373839,22500.754588914195,97388.25030389542,107379.15639754164
