accountingservice,95.5,48.93333333333334,49.6,99.5,NaN,97,NaN,NaN,NaN,NaN,95.49999999999997,92.5,NaN,99.5,97.49999999999997,48.199999999999996,NaN,NaN,49.6,NaN,NaN,NaN,97,NaN,1.9800000000000002,NaN,48.6,49.6,NaN,49.6,95.99999999999999,99.5,NaN,99.5,95.5,93.99999999999999,NaN,49.6,94.99999999999997,97.74999999999997,94.49999999999999,48.8,49.6,94.50000000000001,48.900000000000006,190.00000000000006,99.5,95.49999999999997,95.49999999999999,47.599999999999994,48.4,49.040000000000006,96.24999999999999,49.199999999999996,9.96,96.5,96.00000000000003,96.5,96.49999999999999,94.00000000000001,49.266666666666666,97.99999999999999,94.99999999999999,93.49999999999997,48.66666666666666,97,NaN,NaN,92.00000000000006,47.60000000000001,NaN,49.6,96.00000000000003,48.8,NaN,99.5,93.49999999999997,47.2,94.99999999999997,49.099999999999994,48.8,93.00000000000003,48.4,94.50000000000003,49.2,48.66666666666666,94,97,49.06666666666667,96.00000000000003,48.400000000000006,189.00000000000006,97.50000000000001,96.00000000000003,94.49999999999999,94.00000000000001,48.900000000000006,48.6,97.25,95.49999999999997,47.39999999999999,48.8,97.75,96.00000000000003,96.00000000000003,94,96.00000000000003,92.99999999999999,94.50000000000003,45.600000000000016,99,92.00000000000006,45.999999999999986,94,96.00000000000003,94,94.99999999999999,97,92.49999999999997,95.5,98.16666666666666,93.99999999999999,48.66666666666666,94.99999999999997,48.900000000000006,183.99999999999991,95.99999999999999,97.74999999999997,47.73333333333332,95.5,46.80000000000002,5.96,95.5,94.99999999999997,96.00000000000003,48.6,48.53333333333334,48.6,96.49999999999999,97.25,95.99999999999999,48.9,95.99999999999997,95.5,96.74999999999999,48.66666666666666,94.99999999999997,94.99999999999997,NaN,95.99999999999997,196,94.99999999999997,95.99999999999997,97.25,48.66666666666666,47.599999999999994,94.99999999999997,47.99999999999999,95.00000000000003,93.49999999999997,96.00000000000003,93.49999999999997,9.76,94,96.49999999999999,96.5,96.00000000000003,48.53333333333334,48.8,NaN,96.00000000000003,48.26666666666666,98.5,48.93333333333334,94.99999999999999,48.39999999999999,92.5,97.5,99.5,96.75,93.49999999999997,93.49999999999997,NaN,48.8,48.6,98,97.50000000000001,48.8,95.49999999999999,48.99999999999999,48,49.099999999999994,189.00000000000006,94.50000000000003,94,94.49999999999999,49.06666666666667,NaN,95.5,49.120000000000005,94.50000000000003,49.28,48.266666666666666,48,99,93.5,95.5,95.99999999999999,95.99999999999997,NaN,93.99999999999999,48.53333333333334,NaN,NaN,49.3,98.5,NaN,95.00000000000003,NaN,9.96,45.2,98.83333333333333,98,94,97,93.00000000000003,NaN,49.6,48.9,47.999999999999986,99.5,99.5,97.50000000000001,96.5,NaN,7.98,95.5,48.93333333333334,NaN,99.5,99.5,NaN,NaN,49.6,95.49999999999997,96.5,NaN,NaN,NaN,98,49.6,NaN,NaN,49.2,NaN,99.5,96.5,48.8,5.98,45.600000000000016,94.50000000000003,46.80000000000002,97.75,96.00000000000003,48.8,94.50000000000003,96.5,49.04,96.5,97,94.50000000000003,92.5,94.50000000000003,94.99999999999997,99.5,97.49999999999997,48.99999999999999,95.5,99.5,48.99999999999999,48.8,99.5,NaN,93.49999999999997,48.53333333333333,98,95.49999999999997,49.2,94.00000000000001,48.800000000000004,48.53333333333334,96.5,49.06666666666667,48.199999999999996,93.5,93.49999999999997,48.93333333333334,94.00000000000001,96.00000000000003,96.00000000000003,97,96.00000000000003,95.99999999999999,91.99999999999996
adservice,41.99999999999995,45.73333333333336,7.580000000000002,3.82,35.999999999999986,9.709999999999999,39.19999999999999,7.399999999999998,7.739999999999999,37.19999999999992,38.79999999999997,40.79999999999995,9.18,37.20000000000003,45.600000000000016,46.666666666666686,42.99999999999998,7.5000000000000036,41.99999999999995,40.39999999999999,9.52,37.60000000000007,36.7999999999999,33.19999999999993,40.79999999999995,46,7.579999999999998,1.98,9.500000000000002,46.20000000000002,36.40000000000004,33.19999999999993,5.833333333333334,46.8,3.6999999999999997,5.399999999999998,43.20000000000002,42.8,42.8,42.79999999999994,39.599999999999966,44.799999999999955,41.599999999999994,32.40000000000006,40.400000000000006,7.679999999999998,35.999999999999986,7.893333333333333,44.79999999999999,7.6800000000000015,3.810000000000001,39.99999999999997,43.80000000000002,44.800000000000004,7.750000000000001,46.53333333333333,38.39999999999994,45.73333333333336,47.86666666666666,39.60000000000002,9.339999999999996,46.199999999999996,9.519999999999998,9.799999999999999,7.3800000000000034,41.60000000000004,47.33333333333335,44.60000000000003,7.58,5.639999999999997,45.8,9.479999999999999,41.599999999999994,43.60000000000004,35.999999999999986,45.39999999999998,36.40000000000004,5.419999999999997,9.459999999999999,9.64,1.9800000000000002,45.99999999999997,37.999999999999986,39.59999999999994,43.99999999999999,7.6800000000000015,46.13333333333332,35.200000000000074,7.76,41.599999999999994,7.279999999999997,9.419999999999996,9.539999999999997,45.99999999999997,46.26666666666666,9.66,5.739999999999999,42.99999999999997,42.400000000000034,46.199999999999996,40.39999999999999,7.726666666666666,45.19999999999999,40.39999999999999,7.6800000000000015,9.58,40.39999999999999,39.60000000000002,7.560000000000002,42.400000000000034,37.60000000000007,40.79999999999995,44.200000000000024,7.539999999999997,7.859999999999999,7.813333333333334,39.6,44.799999999999955,7.580000000000002,41.99999999999995,37.600000000000065,9.620000000000003,41.599999999999966,41.99999999999995,40.00000000000007,9.66,9.660000000000002,7.609999999999998,42.8,46.666666666666686,43.800000000000026,37.999999999999986,35.200000000000074,44.6,42.199999999999925,45.29999999999998,9.709999999999999,9.339999999999995,41.99999999999997,43.99999999999998,42.40000000000004,33.20000000000002,39.200000000000045,7.6599999999999975,38.39999999999994,45.73333333333336,40.39999999999999,7.500000000000002,43.60000000000004,43.400000000000055,7.709999999999999,41.99999999999995,37.199999999999925,44.40000000000002,37.20000000000003,38.39999999999994,40.00000000000007,44.79999999999998,45.2,44.40000000000002,45.99999999999997,42.2,46.80000000000002,44.93333333333335,5.834999999999999,45.79999999999999,9.459999999999999,42.8,41.599999999999994,39.19999999999999,45.99999999999997,34.800000000000026,9.460000000000003,47.50000000000001,46.99999999999999,9.639999999999999,41.599999999999994,9.399999999999999,46.199999999999996,41.60000000000004,44.79999999999998,9.58,9.58,45.60000000000004,45.59999999999996,40.80000000000004,3.839999999999999,40.39999999999999,36.79999999999993,9.72,41.99999999999995,40.000000000000036,47.27999999999998,37.999999999999986,41.599999999999994,41.60000000000004,43.99999999999999,37.59999999999999,44.40000000000002,44.399999999999984,44.199999999999974,7.699999999999999,5.540000000000002,46.53333333333332,45.199999999999996,44.99999999999997,44.799999999999976,41.99999999999997,42.00000000000006,37.20000000000003,43.80000000000002,9.73,3.74,37.59999999999999,45.00000000000003,3.869999999999999,5.88,7.600000000000003,41.599999999999994,42.199999999999925,9.479999999999999,7.539999999999997,9.620000000000001,3.76,46.87999999999998,37.60000000000007,9.479999999999999,40.799999999999955,5.540000000000002,40.000000000000036,34.800000000000026,9.66,37.199999999999925,3.620000000000002,44.399999999999984,7.620000000000002,7.709999999999999,33.999999999999844,45.33333333333332,9.609999999999996,37.6,39.6,43.99999999999996,40.4,44.99999999999997,9.360000000000001,3.5999999999999974,83.49999999999991,43.99999999999997,37.999999999999986,45.00000000000003,46.4,37.99999999999996,9.440000000000001,42.59999999999994,43.199999999999946,9.420000000000002,9.7,36.00000000000007,9.799999999999999,34.399999999999906,45.199999999999996,43.99999999999998,9.906666666666666,5.699999999999999,41.599999999999994,39.19999999999999,46,7.76,41.20000000000004,3.5999999999999974,7.620000000000002,9.520000000000001,41.20000000000004,3.92,45.466666666666626,37.20000000000003,9.77,7.6800000000000015,1.98,43.199999999999946,43.199999999999946,7.299999999999999,9.58,9.500000000000004,38.400000000000034,40.40000000000005,45.066666666666684,9.560000000000002,35.59999999999988,7.52,44.79999999999998,7.3399999999999945,9.500000000000002,38.79999999999997,5.720000000000001,41.20000000000004,36.80000000000011,9.539999999999997,9.52,37.600000000000065,48.8,9.629999999999997,3.8099999999999996
cartservice,19.899999999999878,22.899999999999824,8.8,7.977499999999999,28.20000000000007,42.571428571428605,29.999999999999847,36.54999999999997,31.679999999999925,15.600000000000058,37.880000000000024,9.821999999999996,20.13333333333332,7.740000000000001,35.85000000000007,37.79999999999997,33.03999999999985,34.60000000000015,38.25000000000003,39.600000000000094,7.724999999999983,9.950000000000005,41.10769230769227,30.199999999999978,32.20000000000001,34,40.40000000000008,26.080000000000354,26.959999999999898,40.72727272727265,28.47999999999989,7.0649999999999995,9.449999999999966,30.80000000000004,34.228571428571286,33.73333333333337,33.19999999999992,8.59000000000003,8.806666666666661,35.77777777777784,34.04444444444432,35.80000000000001,40.000000000000036,27.51999999999995,41.57142857142861,30.514285714285514,33.77142857142847,42.30588235294121,22.0999999999999,29.885714285714297,35.4222222222222,28.85714285714263,39.79999999999992,39.20000000000008,40.22222222222223,23.44000000000002,38.07999999999995,41.45714285714293,39.78181818181824,39.04615384615387,22.799999999999983,30.160000000000032,36.69090909090908,43.178947368421035,16.49999999999997,24.3199999999998,38.444444444444386,27.299999999999876,31.249999999999932,40.33846153846148,9.305000000000005,9.559999999999993,41.846153846153854,42.100000000000016,35.37142857142861,36.342857142857206,36.872727272727175,30.299999999999834,29.06666666666659,27.360000000000202,34.28,29.750000000000092,31.828571428571383,29.266666666666662,30,36.03999999999994,42.89411764705879,31.399999999999974,37.60000000000004,40.276923076923005,37.46666666666677,30.240000000000293,40.39999999999996,31.599999999999827,31.31428571428552,26.533333333333367,40.69333333333333,24.6999999999999,36.04000000000002,42.76923076923075,39.000000000000064,22.999999999999947,39.92727272727259,42.33846153846152,25.799999999999912,33.999999999999844,9.579999999999991,42.02499999999993,40.77142857142856,34.35000000000011,35.399999999999956,9.055999999999994,30.457142857142934,34.31111111111107,41.466666666666725,31.69999999999995,14.999999999999666,39.74545454545462,37.066666666666706,40.69333333333333,34.559999999999974,9.913333333333341,30.93333333333341,43.623529411764686,38.74285714285709,34.03999999999992,9.259999999999977,9.2,24.800000000000075,38.0888888888888,8.169999999999995,39.59999999999993,9.839999999999991,34.19999999999982,25.799999999999912,31.53333333333308,36.61818181818176,27.066666666666624,22.900000000000034,27.999999999999734,34.25000000000014,7.399999999999984,9.731999999999992,9.949999999999992,9.844000000000023,29.500000000000057,28.00000000000023,29.06666666666659,37.86666666666672,9.60666666666666,39.67999999999998,9.753333333333352,32.200000000000074,39.30909090909084,24.160000000000153,8.93999999999998,25.666666666666686,9.173333333333353,37.92727272727271,40.90909090909086,33.079999999999934,20.400000000000063,35.49999999999991,38.48888888888875,34.488888888888695,17.333333333333343,13.799999999999862,9.563999999999998,30.266666666666815,9.679999999999998,78.33333333333326,39.78181818181811,25.199999999999932,36.47999999999991,34.11428571428566,40.22857142857139,40.290909090909054,29.399999999999945,32.80000000000008,9.747500000000006,20.159999999999982,42.675,29.885714285714297,39.85000000000011,9.571999999999987,39.39999999999994,18.399999999999967,38.89999999999994,9.309999999999976,7.679999999999981,33.050000000000125,13.866666666666433,35.99999999999997,30.285714285714327,35.71428571428567,19.466666666666576,36.839999999999925,34.50000000000003,40.77142857142856,25.92000000000007,28.60000000000025,24.79999999999981,23.799999999999653,33.13333333333327,8.694999999999999,32.65000000000011,31.657142857142908,26.480000000000274,23.600000000000055,20.933333333333493,17.400000000000084,39.59999999999995,9.249999999999995,29.1000000000001,42.999999999999986,9.393333333333336,16.39999999999985,30.133333333333358,8.620000000000013,33.950000000000045,39.63333333333328,28.320000000000107,28.23999999999976,35.27999999999986,41.47999999999996,24.199999999999996,18.15999999999977,18.900000000000063,9.914999999999997,28.07999999999999,9.340000000000044,33.266666666666595,24.59999999999972,34.40000000000006,23.39999999999979,9.867999999999999,20.19999999999971,29.92000000000033,30.533333333333275,8.709999999999999,32.32000000000002,36.90000000000003,29.300000000000015,32.240000000000066,27.266666666666488,7.824444444444443,32.31999999999995,23.520000000000046,13.733333333333352,34.399999999999906,39.72000000000003,17.99999999999968,24.000000000000025,9.404999999999994,9.929999999999994,28.55999999999973,9.651999999999997,38.52000000000006,19.7333333333332,6.764000000000012,41.57777777777778,19.33333333333332,27.266666666666605,35.65,39.68888888888884,27.699999999999992,30.285714285714327,25.200000000000024,39.163636363636314,28.628571428571586,7.995999999999995,26.628571428571586,29.371428571428563,15.066666666666482,25.279999999999948,8.529999999999983,36.949999999999996,35.99999999999997,9.585000000000003,8.219999999999894,35.949999999999925,34.60000000000015,9.620000000000013,9.89499999999998,41.714285714285616,9.146666666666665,14.40000000000015,35.46666666666668,41.789473684210506,12.666666666666478,38.62857142857159,41.01818181818192,39.89999999999992,39.833333333333414,35.73333333333347,35.92727272727279,32.5142857142856,30.22857142857132,28.07999999999999,34.79999999999997,40.48888888888888,43.711111111111116,28.599999999999987,29.085714285714264
checkoutservice,15000,15000,15000,15000,15000,15000,15000,15000,14100,15000,15000,15000,15000,15000,15000,15000,1.98,15000,15000,15000,15000,15000,15000,15000,15000,15000,15000,15000,15000,15000,15000,15000,1.98,15000,15000,15000,15000,15000,15000,15000,15000,15000,15000,15000,15000,15000,15000,15000,15000,15000,15000,15000,15000,15000,15000,15000,15000,15000,15000,15000,15000,15000,15000,15000,15000,15000,15000,15000,15000,15000,15000,15000,15000,15000,15000,15000,15000,15000,15000,15000,15000,15000,15000,15000,15000,15000,15000,15000,15000,15000,15000,15000,15000,15000,15000,15000,15000,15000,15000,15000,15000,15000,15000,15000,15000,15000,15000,15000,15000,15000,15000,15000,15000,15000,15000,15000,15000,15000,15000,15000,15000,15000,15000,15000,15000,15000,15000,15000,15000,15000,15000,15000,15000,15000,15000,15000,15000,15000,15000,15000,15000,15000,15000,15000,15000,15000,15000,15000,15000,15000,15000,15000,15000,15000,15000,15000,15000,15000,15000,15000,15000,15000,15000,15000,15000,15000,15000,15000,15000,15000,15000,15000,15000,15000,15000,15000,15000,15000,15000,15000,15000,15000,15000,15000,15000,15000,15000,15000,15000,15000,15000,15000,15000,15000,15000,15000,15000,15000,15000,15000,15000,15000,15000,15000,15000,15000,15000,15000,15000,15000,15000,15000,15000,15000,15000,15000,15000,15000,15000,15000,15000,15000,15000,15000,15000,15000,15000,15000,15000,15000,15000,15000,15000,15000,15000,15000,15000,15000,15000,15000,15000,15000,15000,15000,15000,15000,15000,15000,15000,15000,15000,15000,15000,15000,15000,15000,15000,15000,15000,15000,15000,15000,15000,15000,15000,15000,15000,15000,15000,15000,15000,15000,15000,15000,15000,15000,15000,15000,15000,15000,15000,15000,15000,15000,15000,15000,15000,15000,15000,15000,15000,15000,15000,15000,15000,15000,15000,15000,15000,15000,15000,15000,15000,15000
currencyservice,15000,15000,15000,15000,15000,15000,15000,15000,15000,15000,15000,15000,15000,15000,15000,15000,15000,15000,15000,15000,15000,15000,15000,15000,15000,15000,15000,15000,15000,15000,15000,15000,15000,15000,15000,15000,15000,15000,15000,15000,15000,15000,15000,15000,15000,15000,15000,15000,15000,15000,15000,15000,15000,15000,15000,15000,15000,15000,15000,15000,15000,15000,15000,15000,15000,15000,15000,15000,15000,15000,15000,15000,15000,15000,15000,15000,15000,15000,15000,15000,15000,15000,15000,15000,15000,15000,15000,15000,15000,15000,15000,15000,15000,15000,15000,15000,15000,15000,15000,15000,15000,15000,15000,15000,15000,15000,15000,15000,15000,15000,15000,15000,15000,15000,15000,15000,15000,15000,15000,15000,15000,15000,15000,15000,15000,15000,15000,15000,15000,15000,15000,15000,15000,15000,15000,15000,15000,15000,15000,15000,15000,15000,15000,15000,15000,15000,15000,15000,15000,15000,15000,15000,15000,15000,15000,15000,15000,15000,15000,15000,15000,15000,15000,15000,15000,15000,15000,15000,15000,15000,15000,15000,15000,15000,15000,15000,15000,15000,15000,15000,15000,15000,15000,15000,15000,15000,15000,15000,15000,15000,15000,15000,15000,15000,15000,15000,15000,15000,15000,15000,15000,15000,15000,15000,15000,15000,15000,15000,15000,15000,15000,15000,15000,15000,15000,15000,15000,15000,15000,15000,15000,15000,15000,15000,15000,15000,15000,15000,15000,15000,15000,15000,15000,15000,15000,15000,15000,15000,15000,15000,15000,15000,15000,15000,15000,15000,15000,15000,15000,15000,15000,15000,15000,15000,15000,15000,15000,15000,15000,15000,15000,15000,15000,15000,15000,15000,15000,15000,15000,15000,15000,15000,15000,15000,15000,15000,15000,15000,15000,15000,15000,15000,15000,15000,15000,15000,15000,15000,15000,15000,15000,15000,15000,15000,15000,15000,15000,15000,15000,15000,15000,15000,15000,15000
emailservice,35.60000000000003,5.360000000000006,3.96,3.9200000000000004,NaN,45.199999999999996,NaN,NaN,NaN,NaN,35.59999999999988,25.999999999999893,NaN,3.96,3.9499999999999997,9.280000000000001,NaN,NaN,42.8,NaN,NaN,NaN,3.94,NaN,3.9200000000000004,NaN,38.79999999999997,3.96,NaN,5.92,9.36,3.9200000000000004,NaN,3.96,7.280000000000001,43.59999999999999,NaN,3.9200000000000004,41.99999999999995,7.279999999999994,9.120000000000001,7.280000000000001,3.9200000000000004,5.560000000000001,7.120000000000003,9.866666666666667,3.96,47.94285714285713,7.28,7.862857142857143,30.80000000000004,30.800000000000022,25.99999999999984,5.679999999999998,5.840000000000001,45.51999999999999,7.6800000000000015,7.813333333333334,9.719999999999999,9.040000000000001,47.8,7.679999999999998,9.599999999999998,43.066666666666634,5.599999999999998,7.04,NaN,NaN,24.400000000000063,9.52,NaN,3.96,43.60000000000004,9.280000000000001,NaN,3.96,7.479999999999999,27.599999999999987,33.99999999999994,42.8,25.999999999999893,47.51111111111112,9.040000000000003,44.13333333333335,37.20000000000012,7.599999999999998,40.40000000000002,3.952,5.440000000000001,37.20000000000012,7.360000000000006,7.120000000000006,9.200000000000005,5.360000000000006,32.400000000000006,43.60000000000002,41.20000000000004,9.440000000000001,9.120000000000006,35.59999999999988,43.066666666666634,3.952,47.94285714285714,7.360000000000006,3.946666666666667,43.6,7.6800000000000015,45.51999999999999,9.560000000000002,7.560000000000002,73.99999999999977,5.573333333333336,9.599999999999998,3.9466666666666663,43.60000000000004,9.040000000000003,5.7333333333333325,5.52,43.99999999999998,48.199999999999996,9.120000000000001,7.04,5.599999999999998,9.199999999999998,7.68,8.719999999999985,7.36,9.279999999999994,8.639999999999985,7.76,7.6800000000000015,3.9360000000000004,45.19999999999999,7.599999999999998,37.20000000000012,3.949090909090909,9.120000000000006,45.52000000000001,7.719999999999999,7.12,7.36,3.941333333333333,24.39999999999968,9.64,8.95999999999999,41.99999999999995,33.99999999999994,41.99999999999995,29.199999999999818,37.199999999999925,7.6800000000000015,9.199999999999998,7.359999999999996,44.13333333333335,7.799999999999999,5.52,9.199999999999998,7.2,42.00000000000006,5.739999999999998,5.786666666666668,43.066666666666656,7.68,43.6,9.439999999999998,44.399999999999984,37.20000000000012,45.600000000000016,NaN,NaN,7.7440000000000015,29.199999999999818,40.400000000000006,NaN,7.599999999999999,9.52,7.6,7.599999999999999,36.400000000000034,7.479999999999999,6.959999999999991,39.59999999999994,5.813333333333334,45.199999999999974,7.440000000000001,5.759999999999999,7.2000000000000055,37.999999999999986,9.28,5.733333333333331,46.57142857142857,46.4,7.120000000000006,5.120000000000006,9.52,45.59999999999999,5.813333333333334,7.280000000000001,7.64,41.20000000000003,32.40000000000013,7.64,43.066666666666656,25.999999999999893,7.6800000000000015,44.8,35.60000000000003,7.679999999999999,37.199999999999925,NaN,5.519999999999999,41.20000000000004,NaN,NaN,7.719999999999999,45.199999999999996,NaN,34.00000000000011,NaN,45.199999999999996,30.80000000000004,3.937777777777778,7.6800000000000015,7.52,3.9466666666666668,6.879999999999999,NaN,3.96,9.559999999999999,5.599999999999998,3.96,3.96,7.800000000000002,5.720000000000001,NaN,3.96,9.280000000000001,5.6800000000000015,NaN,3.96,3.9199999999999995,NaN,NaN,3.96,7.279999999999994,7.626666666666668,NaN,NaN,NaN,37.20000000000012,3.9200000000000004,NaN,NaN,5.88,NaN,3.96,9.439999999999998,7.64,3.92,7.120000000000006,32.40000000000013,45.73333333333336,5.819999999999999,37.20000000000012,5.76,7.120000000000006,3.93,45.199999999999996,7.720000000000001,9.52,5.560000000000002,8.799999999999995,41.20000000000004,33.99999999999994,3.9199999999999995,9.199999999999998,5.599999999999998,35.60000000000003,3.9200000000000004,3.92,35.60000000000003,7.120000000000006,NaN,8.95999999999999,41.199999999999974,45.73333333333332,3.9345454545454537,5.840000000000001,43.60000000000002,5.76,41.20000000000004,7.813333333333334,5.440000000000001,7.639999999999999,7.4799999999999995,7.479999999999997,7.360000000000006,9.680000000000001,3.9418181818181823,24.400000000000063,7.84,5.893333333333334,9.36,43.599999999999966
flagd,15000,15000,15000,15000,15000,15000,15000,15000,15000,15000,15000,15000,15000,15000,15000,15000,15000,15000,15000,15000,15000,15000,15000,15000,15000,15000,15000,15000,15000,15000,15000,15000,15000,15000,15000,15000,15000,15000,15000,15000,15000,15000,15000,15000,15000,15000,15000,15000,15000,15000,15000,15000,15000,15000,15000,15000,15000,15000,15000,15000,15000,15000,15000,15000,15000,15000,15000,15000,15000,15000,15000,15000,15000,15000,15000,15000,15000,15000,15000,15000,15000,15000,15000,15000,15000,15000,15000,15000,15000,15000,15000,15000,15000,15000,15000,15000,15000,15000,15000,15000,15000,15000,15000,15000,15000,15000,15000,15000,15000,15000,15000,15000,15000,15000,15000,15000,15000,15000,15000,15000,15000,15000,15000,15000,15000,15000,15000,15000,15000,15000,15000,15000,15000,15000,15000,15000,15000,15000,15000,15000,15000,15000,15000,15000,15000,15000,15000,15000,15000,15000,15000,15000,15000,15000,15000,15000,15000,15000,15000,15000,15000,15000,15000,15000,15000,15000,15000,15000,15000,15000,15000,15000,15000,15000,15000,15000,15000,15000,15000,15000,15000,15000,15000,15000,15000,15000,15000,15000,15000,15000,15000,15000,15000,15000,15000,15000,15000,15000,15000,15000,15000,15000,15000,15000,15000,15000,15000,15000,15000,15000,15000,15000,15000,15000,15000,15000,15000,15000,15000,15000,15000,15000,15000,15000,15000,15000,15000,15000,15000,15000,15000,15000,15000,15000,15000,15000,15000,15000,15000,15000,15000,15000,15000,15000,15000,15000,15000,15000,15000,15000,15000,15000,15000,15000,15000,15000,15000,15000,15000,15000,15000,15000,15000,15000,15000,15000,15000,15000,15000,15000,15000,15000,15000,15000,15000,15000,15000,15000,15000,15000,15000,15000,15000,15000,15000,15000,15000,15000,15000,15000,15000,15000,15000,15000,15000,15000,15000,15000,15000,15000,15000,15000,15000,15000
frauddetectionservice,5.459999999999997,3.88,1.98,1.98,NaN,5.640000000000001,NaN,NaN,NaN,NaN,7.82,7.774999999999999,NaN,1.98,3.9,3.8199999999999994,NaN,NaN,1.98,NaN,NaN,NaN,5.91,NaN,1.98,NaN,3.8949999999999996,1.98,NaN,3.94,3.52,1.98,NaN,1.98,3.892,5.76,NaN,1.98,3.88,7.82,3.9339999999999993,5.819999999999999,1.98,3.890000000000001,7.780000000000002,5.8999999999999995,1.98,5.82,3.91,3.8971428571428572,3.856,3.952,5.8199999999999985,5.76,1.98,5.160000000000004,3.88,3.8949999999999996,3.5800000000000005,3.8971428571428564,5.339999999999993,3.904,3.925,3.9512499999999995,3.9,3.897142857142857,NaN,NaN,3.9668965517241377,1.9799999999999998,NaN,3.94,3.92,3.8649999999999998,NaN,3.94,5.9350000000000005,5.719999999999999,3.8,5.91,5.6999999999999975,7.719999999999999,5.760000000000001,3.9057142857142866,3.84,3.9,3.9446153846153846,3.88,5.859999999999999,5.84,5.84,5.780000000000002,1.98,7.84,3.926666666666666,3.879999999999999,3.868000000000001,7.859999999999999,3.8350000000000017,3.8200000000000007,44.79999999999994,1.98,3.9699999999999998,5.520000000000001,3.88,5.88,3.5200000000000014,5.72,5.780000000000002,5.780000000000002,1.98,5.68,1.98,3.88,5.84,3.8971428571428572,3.953846153846154,1.98,3.8714285714285706,1.98,5.889999999999999,3.76,5.8,3.8,5.890000000000001,7.6800000000000015,3.84,7.82,5.745000000000001,3.4599999999999973,1.98,1.98,1.98,5.400000000000001,3.9466666666666663,5.859999999999999,7.780000000000002,7.859999999999999,1.9800000000000002,3.7799999999999976,5.84,3.9174999999999995,3.912727272727273,1.98,5.739999999999997,3.6999999999999997,5.400000000000001,3.914285714285714,NaN,1.98,3.94,3.88,5.84,5.780000000000002,5.85,3.88,3.953846153846154,5.4,3.799999999999999,3.8439999999999985,5.84,7.220000000000003,3.8971428571428572,7.280000000000001,3.9300000000000006,3.8599999999999994,3.5200000000000014,3.9340000000000006,3.88,NaN,7.68,3.913333333333332,5.879999999999999,3.956363636363636,3.95,1.98,5.87142857142857,3.8999999999999995,NaN,5.74,3.913333333333332,3.913333333333332,NaN,7.099999999999993,7.859999999999999,7.76,5.799999999999999,3.952631578947368,3.8200000000000003,3.914285714285714,5.8999999999999995,5.819999999999999,3.9450000000000003,3.868000000000001,3.88,5.339999999999993,9.86,NaN,5.819999999999999,3.6700000000000026,3.9560000000000004,3.9459999999999997,5.74,5.6999999999999975,3.94,3.9219999999999997,3.892,3.84,3.84,NaN,3.76,5.890000000000001,NaN,NaN,7.86,1.98,NaN,5.799999999999999,NaN,5.88,5.760000000000001,3.8599999999999994,1.98,3.952,3.6399999999999983,5.159999999999997,NaN,1.98,5.889999999999999,3.95,1.98,1.98,3.8999999999999995,7.579999999999998,NaN,1.98,7.819999999999999,3.9314285714285715,NaN,1.98,1.98,NaN,NaN,1.98,5.82,3.9299999999999997,NaN,NaN,NaN,7.84,1.98,NaN,NaN,1.98,NaN,1.98,3.94,5.819999999999999,1.98,3.780000000000002,3.890000000000001,3.84,5.46,40.40000000000002,5.88,7.340000000000003,3.953333333333333,45.20000000000001,3.8599999999999994,3.8971428571428572,3.9492307692307698,3.9399999999999995,7.340000000000003,3.953846153846154,5.699999999999999,3.9333333333333336,1.98,7.819999999999999,1.98,3.889999999999999,9.82,5.780000000000002,NaN,7.739999999999997,3.9587499999999993,3.92,1.98,3.76,3.9485714285714284,3.9639999999999995,3.780000000000002,7.859999999999999,3.5799999999999983,5.46,7.219999999999991,3.869999999999999,3.84,5.759999999999999,3.92,9.040000000000003,3.88,9.520000000000001,3.9314285714285715,43.60000000000002
frontend,15000,15000,1100,12870.370370370427,83.32653061224642,15000,99.15384615384431,49.833818984547456,61.07142857142522,10069.565217391271,15000,13115.909090908983,68.10810810810986,49.85803413772806,11571.951219512028,15000,93.06249999999775,5049.999999993179,15000,814.833333333315,14488.461538461452,49.61801801801799,10685.10638297861,12229.629629629577,967.7647058823459,134.00000000007844,15000,98.04237288135602,93.50000000000139,78.14285714285708,15000,49.974879227053165,49.955963302752295,49.98466147393647,15000,15000,888.4444444444612,80.72727272726895,15000,15000,15000,15000,10070.45454545417,15000,15000,15000,950.222222222239,15000,15000,15000,15000,15000,15000,15000,13283.928571428556,15000,15000,15000,15000,15000,15000,15000,15000,15000,15000,15000,65.95000000000059,15000,15000,15000,69.97727272727275,4789.999999999898,15000,15000,911.0666666666702,85.68421052631606,15000,15000,15000,15000,15000,15000,15000,15000,15000,15000,15000,15000,15000,14697.826086956495,15000,15000,15000,15000,15000,15000,15000,15000,15000,15000,15000,15000,15000,15000,15000,15000,15000,15000,15000,15000,10340.624999999984,15000,15000,15000,15000,15000,15000,15000,15000,15000,15000,15000,15000,15000,15000,15000,15000,15000,15000,15000,15000,15000,15000,15000,15000,15000,15000,15000,15000,15000,15000,15000,15000,15000,15000,15000,15000,15000,49.639944903581245,15000,15000,15000,13939.024390243889,15000,15000,15000,15000,15000,15000,15000,15000,15000,15000,15000,15000,15000,15000,15000,49.72240802675587,11371.153846154095,15000,15000,15000,14959.99999999989,15000,15000,15000,15000,86.95180722891504,15000,15000,15000,84.99999999999147,15000,15000,15000,15000,15000,15000,15000,15000,15000,15000,15000,15000,15000,14249.999999999876,12453.846153846043,15000,15000,15000,15000,15000,15000,15000,15000,15000,15000,15000,49.464966605950224,15000,15000,949.3333333333211,90.52941176470742,13529.629629629804,15000,71.06521739130554,15000,76.54054054054096,15000,15000,15000,15000,15000,15000,15000,11333.333333333523,13540.000000000036,15000,15000,10840.00000000015,11913.043478260553,15000,15000,49.89741935483869,81.05769230769002,15000,14057.407407407416,192.24999999999807,959.9999999999727,12508.57142857143,52.295454545458306,81.80952380952306,94.67500000000086,15000,15000,49.36184560780834,96.02631578947226,72.66666666666045,15000,86.63636363636436,58.84782608695755,74.11764705882081,15000,65.90909090909162,88.03124999999966,15000,15000,953.1428571428951,15000,15000,15000,15000,15000,15000,15000,15000,15000,15000,15000,15000,15000,15000,15000,81.52083333333249,86.06250000000016,14256.521739130207,15000,97.78571428571401,14400.00000000007,14439.06250000003,97.22727272727118,11037.500000000306,15000,15000,15000,15000,15000,15000,15000,15000,14767.187499999998,15000,15000,15000,15000,15000,15000,15000,15000,15000,15000,15000,15000
frontend-web,15000,15000,15000,15000,15000,15000,15000,15000,15000,15000,15000,15000,15000,15000,15000,15000,15000,15000,15000,15000,15000,15000,15000,15000,15000,15000,15000,15000,15000,15000,15000,15000,15000,15000,15000,15000,15000,15000,15000,15000,15000,15000,15000,15000,15000,15000,15000,15000,15000,15000,15000,15000,15000,15000,15000,15000,15000,15000,15000,15000,15000,15000,15000,15000,15000,15000,15000,15000,15000,15000,15000,15000,15000,15000,15000,15000,15000,15000,15000,15000,15000,15000,15000,15000,15000,15000,15000,15000,15000,15000,15000,15000,15000,15000,15000,15000,15000,15000,15000,15000,15000,15000,15000,15000,15000,15000,15000,15000,15000,15000,15000,15000,15000,15000,15000,15000,15000,15000,15000,15000,15000,15000,15000,15000,15000,15000,15000,15000,15000,15000,15000,15000,15000,15000,15000,15000,15000,15000,15000,15000,15000,15000,15000,15000,15000,15000,15000,15000,15000,15000,15000,15000,15000,15000,15000,15000,15000,15000,15000,15000,15000,15000,15000,15000,15000,15000,15000,15000,15000,15000,15000,15000,15000,15000,15000,15000,15000,15000,15000,15000,15000,15000,15000,15000,15000,15000,15000,15000,15000,15000,15000,15000,15000,15000,15000,15000,15000,15000,15000,15000,15000,15000,15000,15000,15000,15000,15000,15000,15000,15000,15000,15000,15000,15000,15000,15000,15000,15000,15000,15000,15000,15000,15000,15000,15000,15000,15000,15000,15000,15000,15000,15000,15000,15000,15000,15000,15000,15000,15000,15000,15000,15000,15000,15000,15000,15000,15000,15000,15000,15000,15000,15000,15000,15000,15000,15000,15000,15000,15000,15000,15000,15000,15000,15000,15000,15000,15000,15000,15000,15000,15000,15000,15000,15000,15000,15000,15000,15000,15000,15000,15000,15000,15000,15000,15000,15000,15000,15000,15000,15000,15000,15000,15000,15000,15000,15000,15000,15000,15000,15000,15000,15000,15000,15000
frontendproxy,14475.862068965613,11709.722222222152,14408.139534883723,15000,11556.410256410314,14838.23529411755,14720.967741935434,10775.862068965398,12420.588235294113,14656.45161290328,12604.999999999967,15000,7575.000000000362,12203.030303030326,11239.583333333432,12480.769230769165,11209.09090909095,14535.714285714253,12567.241379310299,14778.571428571533,15000,11619.444444444456,11334.00000000004,15000,12477.272727272748,13618.181818181902,10504.999999999944,14011.842105263124,13301.1627906976,13309.459459459475,11427.083333333312,15000,11587.931034482694,13025.000000000025,12117.105263157857,14170.512820512722,12239.130434782468,14562.500000000007,14686.11111111111,11048.214285714204,14030.769230769216,14757.692307692138,15000,15000,14845.000000000113,11562.121212121107,14351.282051282056,12320.37037037018,15000,15000,15000,15000,14267.948717948737,11621.428571428429,3315.000000000243,15000,10649.999999999978,12560.93749999989,11699.999999999969,14086.764705882319,15000,13037.14285714284,12120.8333333333,14660.606060606162,15000,13010.60606060598,12837.499999999965,14678.260869565147,13035.526315789464,10753.225806451483,13194.18604651157,15000,14008.333333333383,14123.214285714417,12001.470588235294,13958.333333333316,14779.999999999894,15000,15000,14949.99999999992,13907.81250000011,13452.08333333343,14467.073170731685,14644.230769230768,11988.709677419365,14090.789473684217,13644.285714285556,12856.249999999894,5716.666666666949,8966.666666666411,12752.702702702625,13181.818181818147,13798.48484848476,11893.478260869553,13082.142857142917,13753.333333333369,14958.33333333337,15000,13013.333333333321,14659.677419354772,14878.20512820513,13171.249999999949,12307.142857142728,15000,10414.28571428561,13627.500000000035,15000,14075.000000000013,14518.181818181842,11184.374999999887,15000,15000,12577.586206896569,13958.333333333348,11961.538461538465,12598.749999999976,13893.548387096722,12577.419354838736,15000,15000,11763.793103448195,15000,13601.612903225729,11309.374999999905,15000,14707.69230769236,15000,14928.749999999985,15000,12669.696969696985,13424.242424242299,13596.296296296243,15000,12852.380952380969,14404.99999999997,13183.72093023245,15000,12926.829268292604,11064.285714285505,15000,12032.051282051307,15000,13032.432432432415,15000,14970.370370370492,14324.999999999924,12354.838709677344,15000,12740.624999999996,14929.032258064502,13394.230769230879,12868.965517241437,11532.857142857076,14778.260869565089,11685.71428571435,13953.571428571378,15000,15000,14709.09090909067,14575.757575757572,15000,14886.363636363549,12380.95238095244,11616.6666666666,12987.142857142842,12049.99999999998,14181.999999999969,12192.307692307648,10851.785714285541,15000,13574.489795918369,13821.875000000055,12900.000000000025,11544.23076923086,15000,15000,13806.6666666667,15000,11655.00000000014,14892.307692307582,13336.956521739128,13856.756756756842,15000,12731.25000000005,12886.538461538501,14484.090909090854,15000,12257.812500000025,15000,15000,14706.249999999973,15000,15000,15000,12356.451612903205,13619.999999999853,14437.500000000151,14211.538461538512,12538.095238095233,15000,13752.857142857269,14390.74074074073,15000,11211.538461538497,15000,12319.047619047637,14128.333333333387,15000,10818.571428571364,14140.909090908883,14690.243902439046,11943.333333333328,15000,12636.111111111131,1374.1538461538457,15000,15000,12313.333333333443,12140.625000000058,12331.818181818118,15000,10342.85714285701,11910.000000000016,13814.444444444478,13149.999999999922,14841.428571428547,15000,15000,14161.53846153841,13830.769230769123,14661.764705882282,15000,13630.357142857198,13279.999999999878,14403.846153846078,14311.538461538546,12818.96551724131,10649.999999999864,12995.00000000007,15000,15000,10576.92307692311,10780.35714285709,13003.030303030373,14272.916666666537,15000,13295.454545454515,15000,15000,15000,12463.636363636415,11355.555555555567,14672.41379310357,13546.875000000118,13918.74999999992,13345.000000000055,14733.333333333285,14421.05263157902,14656.521739130549,14771.249999999975,14149.999999999989,12397.222222222244,14571.15384615379,13642.857142857054,15000,10895.000000000011,14458.571428571357,15000,15000,15000,15000,15000,13291.666666666586,15000,12622.857142857167,13617.307692307715,10663.46153846142,15000,14790.000000000135,15000,10999.999999999962,15000,14009.999999999964,15000,15000,13341.935483870871,15000,11521.875000000033,12806.249999999965,12403.846153846056,1373.9999999999895,13664.999999999845,13273.809523809645,14663.333333333248,15000,14408.333333333445,13152.272727272688,13145.000000000058,13331.818181818197,14154.878048780407,11282.894736842103,11105.263157894755,15000,14777.500000000064
imageprovider,1.98,1.9800000000000002,1.9799999999999998,1.9799999999999998,1.9799999999999998,1.9799999999999998,1.98,1.98,1.98,1.98,1.98,1.98,1.98,1.98,1.98,1.9799999999999998,1.98,1.9799999999999998,1.9799999999999998,1.98,1.98,1.98,1.98,1.98,1.98,1.98,1.98,1.98,1.98,1.98,1.98,1.98,1.9800000000000002,1.9799999999999998,1.98,1.9800000000000002,1.98,1.98,1.9800000000000002,1.98,1.9799999999999998,1.98,1.98,1.98,1.98,1.9799999999999998,1.98,1.98,1.98,1.98,1.98,1.98,1.98,1.9800000000000002,1.98,1.98,1.98,1.98,1.98,1.9800000000000002,1.98,1.98,1.9799999999999998,1.98,1.9799999999999998,1.98,1.98,1.98,1.9800000000000002,1.98,1.9800000000000002,1.98,1.9799999999999998,1.98,1.98,1.9800000000000002,1.98,1.9800000000000002,1.9800000000000002,1.98,1.98,1.9799999999999998,1.98,1.98,1.98,1.98,1.98,1.98,1.98,1.98,1.98,1.9800000000000002,1.98,1.98,1.98,1.98,1.9799999999999998,1.98,1.9799999999999998,1.98,1.98,1.98,1.98,1.98,1.98,1.9799999999999998,1.98,1.98,1.98,1.98,1.98,1.9800000000000002,1.98,1.98,1.98,1.9800000000000002,1.98,1.98,1.98,1.98,1.98,1.98,1.98,1.98,1.98,1.98,1.98,1.98,1.98,1.98,1.98,1.98,1.98,1.98,1.9799999999999998,1.98,1.98,1.9799999999999998,1.98,1.98,1.98,1.98,1.9800000000000002,1.9799999999999998,1.98,1.98,1.98,1.9799999999999998,1.98,1.9800000000000002,1.98,1.98,1.98,1.98,1.98,1.98,1.98,1.98,1.98,1.98,1.98,1.98,1.98,1.98,1.98,1.98,1.98,1.98,1.98,1.98,1.98,1.98,1.98,1.98,1.98,1.98,1.98,1.98,1.9799999999999998,1.98,1.9799999999999998,1.98,1.98,1.98,1.98,1.9799999999999998,1.98,1.9800000000000002,1.98,1.9799999999999998,1.9799999999999998,1.9800000000000002,1.98,1.98,1.98,1.98,1.98,1.9800000000000002,1.98,1.98,1.98,1.98,1.98,1.98,1.98,1.9799999999999998,1.98,1.9799999999999998,1.98,1.98,1.98,1.98,1.98,1.98,1.98,1.9799999999999998,1.98,1.98,1.98,1.98,1.98,1.9800000000000002,1.98,1.98,1.9799999999999998,1.98,1.9800000000000002,1.98,1.98,1.98,1.9799999999999998,1.9800000000000002,1.98,1.9800000000000002,1.98,1.98,1.98,1.9799999999999998,1.98,1.98,1.98,1.98,1.9799999999999998,1.9799999999999998,1.98,1.98,1.98,1.98,1.9799999999999998,1.98,1.9800000000000002,1.98,1.98,1.98,1.98,1.98,1.98,1.98,1.9799999999999998,1.98,1.98,1.98,1.98,1.98,1.98,1.9799999999999998,1.98,1.98,1.98,1.9800000000000002,1.9800000000000002,1.98,1.98,1.9799999999999998,1.9799999999999998,1.9799999999999998,1.9799999999999998,1.9800000000000002,1.98,1.98,1.9799999999999998,1.9799999999999998,1.98,1.98,1.9799999999999998,1.98,1.98,1.9800000000000002,1.98,1.98,1.9800000000000002,1.98,1.9800000000000002,1.9800000000000002,1.98,1.98,1.98,1.9800000000000002,1.9799999999999998,1.98,1.9799999999999998,1.98,1.9799999999999998,1.98
loadgenerator,139.75000000000094,93.44871794871744,85.33333333333293,286.66666666667186,150.87499999999974,146.8999999999995,136.6666666666651,96.82407407407398,91.06862745098026,171.43750000000009,150.7599999999993,141.27272727272614,103.86666666666429,97.41935483870961,148.52173913043669,104.15384615384627,162.26666666666767,97.04347826086965,151.39999999999816,183.46666666666636,323.5999999999951,69.04999999999916,113.24999999999666,127.84615384615483,143.73333333333278,165.88888888888994,87.5147058823531,385.2000000000037,167.59999999999692,150.42105263158058,119.31578947368378,79.02777777777771,82.76562500000026,112.81249999999905,146.6249999999972,141.88888888888582,129.1111111111112,136.37500000000063,173.38095238095295,96.64705882352936,127.4999999999936,135.6153846153872,162.70588235294173,154.3333333333333,144.33333333333363,150.79999999999873,171.75,127.61111111111225,6166.666666666524,11450.000000000635,160.30000000000058,192.9999999999987,7025.000000000253,252.363636363631,84.6792452830185,101.6666666666669,118.53333333333183,145.21428571428658,160.19999999999948,196.1666666666677,10783.333333333476,123.56249999999906,134.92307692307452,164.57142857142696,95.67647058823533,226.00000000000884,137.16666666666748,90.74999999999997,99.6250000000002,117.33333333333394,98.33333333333334,99.67391304347856,140.74999999999932,160.63636363636422,150.83333333333258,174.58823529411717,179.5000000000013,148.00000000000114,176.00000000000298,130.8461538461521,160.52631578947185,254.80000000001,172.21739130434793,142.39999999999455,120.99999999999909,97.333333333334,175.6923076923073,95.8163265306126,175.76470588235355,117.15384615384482,125.4444444444432,177.39999999999975,179.7647058823529,179.85714285714215,178.500000000005,142.3076923076927,172.79999999999893,164.85714285714232,149.8461538461553,187.72000000000088,169.92857142857213,153.9374999999975,99.53472222222231,282.4444444444441,172.21212121212102,173.90476190476056,191.93333333333413,337.99999999999744,164.87500000000267,374.40000000000356,174.16666666666475,190.88235294117604,157.27999999999895,173.71428571428618,104.86666666666622,117.49999999999638,144.6874999999979,143.8888888888886,238.44444444444665,183.11111111111006,174.54545454545962,174.52941176470674,196.4761904761912,154.50000000000017,13916.666666666602,376.9999999999959,120.222222222224,138.24999999999915,163.4285714285695,185.89285714285762,142.65000000000103,186.66666666666742,10170.000000000104,149.00000000000054,132.9999999999978,231.6000000000007,171.62499999999986,99.27272727272702,125.86363636363835,310.99999999998465,147.56249999999923,181.87499999999986,143.88235294117663,141.49999999999758,188.9166666666648,133.43750000000168,136.78571428572027,149.7333333333323,92.95833333333225,166.6249999999991,138.5294117647037,176.09090909090946,102.84999999999842,257.9999999999884,128.56249999999895,120.50000000000114,97.63235294117624,95.43243243243239,138.1666666666628,161.09090909091003,290.40000000000094,226.7999999999917,173.0555555555544,106.16666666666879,4099.9999999997435,99.86111111111109,95.92857142857154,91.44444444444457,130.31249999999918,164.18749999999676,181.8749999999951,132.8235294117645,138.23529411764721,142.6000000000006,153.00000000000048,11516.666666666682,181.03703703703673,7599.9999999999145,193.71428571428646,182.66666666666623,141.65217391304532,172.49999999999926,144.69999999999663,104.68750000000088,165.27777777777823,312.39999999999793,152.8000000000016,95.12222222222182,145.4999999999983,133.30000000000032,177.64285714285654,182.99999999999903,167.26086956521766,232.85714285714937,168.43750000000193,156.66666666666868,190.5789473684203,126.38461538461956,165.27777777777905,219.33333333333678,157.1874999999988,168.41176470588306,385.7500000000042,126.57142857143049,168.00000000000074,176.34999999999758,371.3333333333342,133.6363636363622,92.50000000000048,114.66666666666578,176.2142857142859,98.82926829268254,93.38709677419317,202.28571428571706,169.69230769230785,197.6666666666697,135.46666666666454,105.33333333333447,177.87499999999818,123.66666666666788,99.15384615384593,99.74637681159385,188.30000000000365,158.8181818181821,173.0625000000003,185.73333333333315,13283.333333333292,295.1999999999992,173.37500000000017,160.83333333333235,159.36363636363694,10609.999999999916,98.1410256410253,210.2000000000062,155.85714285714153,132.36363636363387,97.92307692307685,142.79999999999566,165.74999999999915,10209.090909090877,173.25000000000034,95.61111111111114,98.10344827586175,136.23076923076536,98.52631578947395,270.5000000000065,85.32000000000056,99.56410256410197,138.38461538461308,90.07575757575756,162.4705882352944,123.46666666666692,99.33870967741916,95.73529411764724,135.07142857142748,173.25000000000185,189.4285714285695,167.57142857142816,95.02000000000015,117.99999999999979,196.66666666666617,120.99999999999626,145.08333333333132,129.58333333333087,131.6666666666668,138.75999999999942,116.71428571428628,188.95454545454504,160.6250000000037,192.99999999999943,11570.000000000062,140.36363636363836,148.38461538461752,163.5294117647054,183.37037037037038,105.88888888889468,116.21739130434867,132.9285714285712,150.23529411764736,10159.999999999713,127.21428571428766,99.77631578947356,95.85714285714349,99.59459459459467,271.9999999999693,108.12499999999989,194.77777777777217,127.70588235294073,162.66666666666714,105.6363636363686,95.21428571428574,178.2799999999985,194.52380952380946,132.64285714285876,11862.500000000031,10681.818181818142,93.71428571428544,91.56249999999976,157.20833333333195,191.38461538461553,174.54999999999808,197.00000000000028,161.76470588235333,338.5000000000082
paymentservice,1.98,1.9800000000000002,1.98,1.9800000000000002,NaN,3.88,NaN,NaN,NaN,NaN,1.9799999999999998,1.98,NaN,1.9800000000000002,1.9799999999999998,1.98,NaN,NaN,1.9800000000000002,1.9799999999999998,NaN,NaN,1.98,NaN,1.9800000000000002,NaN,3.7199999999999993,1.9800000000000002,NaN,1.9800000000000002,1.98,1.9800000000000002,NaN,1.9800000000000002,1.98,5.76,NaN,1.9800000000000002,1.9799999999999998,1.9799999999999998,1.98,1.98,1.9800000000000002,1.98,3.8900000000000006,1.9800000000000002,1.9800000000000002,1.9799999999999998,1.98,1.98,5.520000000000001,7.5200000000000005,1.98,1.98,1.9800000000000002,3.4399999999999986,1.9800000000000002,1.98,1.98,3.7600000000000007,1.98,3.679999999999998,1.98,1.98,1.9799999999999998,1.98,NaN,NaN,3.3600000000000056,1.98,NaN,1.9800000000000002,1.9800000000000002,1.98,NaN,1.9800000000000002,1.98,1.98,1.9799999999999998,1.98,5.699999999999999,1.98,1.98,1.98,1.9800000000000002,5.799999999999999,3.7600000000000002,1.98,1.98,3.8400000000000007,1.9800000000000002,1.98,1.9800000000000002,1.9800000000000002,1.98,1.98,1.98,1.98,45.600000000000016,1.9799999999999998,3.479999999999997,1.98,1.98,1.9800000000000002,1.9800000000000002,1.98,1.9800000000000002,3.888,1.98,1.98,1.9800000000000002,1.9800000000000002,5.599999999999999,1.98,1.9800000000000002,1.98,1.98,1.98,1.98,1.98,1.98,1.98,1.9799999999999998,1.9799999999999998,3.5200000000000014,1.98,1.98,3.639999999999997,1.9799999999999998,1.98,1.9800000000000002,1.9800000000000002,1.98,1.9799999999999998,1.9800000000000002,5.720000000000001,1.98,1.98,1.98,1.98,1.98,1.98,1.98,1.98,1.98,1.9799999999999998,1.9799999999999998,1.9799999999999998,NaN,1.98,3.8400000000000007,1.9799999999999998,1.98,3.560000000000002,3.5999999999999974,1.98,1.9799999999999998,1.98,1.9800000000000002,1.98,1.9800000000000002,1.98,3.76,1.98,3.719999999999999,1.98,1.9800000000000002,1.98,1.98,NaN,1.9800000000000002,1.98,1.98,1.9800000000000002,1.98,1.98,1.98,1.98,NaN,1.98,1.98,1.98,NaN,3.6999999999999984,1.98,1.98,1.9800000000000002,1.98,1.98,1.9799999999999998,3.6999999999999997,1.98,1.98,1.98,1.98,1.98,1.98,1.98,1.98,3.5600000000000014,1.98,1.98,5.739999999999999,1.98,1.9800000000000002,1.98,1.98,1.98,1.9799999999999998,NaN,1.98,1.98,NaN,NaN,1.98,1.98,NaN,1.9800000000000002,NaN,1.98,1.98,3.7199999999999993,1.9800000000000002,5.76,1.98,1.98,NaN,1.98,1.98,3.8999999999999995,1.9800000000000002,1.98,1.9800000000000002,1.98,NaN,1.9800000000000002,NaN,1.9800000000000002,NaN,1.9800000000000002,1.98,NaN,NaN,1.98,1.9799999999999998,1.98,NaN,NaN,NaN,1.9800000000000002,1.9800000000000002,NaN,NaN,1.98,NaN,1.9800000000000002,1.98,1.98,1.98,1.98,1.98,1.9800000000000002,1.98,1.9800000000000002,1.98,1.98,1.98,3.5200000000000014,1.98,3.5200000000000014,1.98,1.98,9.560000000000002,1.9799999999999998,1.98,1.9800000000000002,1.9799999999999998,1.98,1.9800000000000002,1.98,1.98,1.9800000000000002,NaN,1.98,1.98,1.98,1.9799999999999998,1.9800000000000002,3.7600000000000007,1.98,1.98,1.98,1.98,1.98,1.98,1.98,1.9800000000000002,3.7600000000000007,1.9800000000000002,5.6800000000000015,1.98,1.9800000000000002,1.98,1.98
productcatalogservice,1.9872262773722627,2.6949999999999994,1.98,1.98,1.98,2.9799999999999756,1.9893396226415097,1.9957142857142853,3.1100000000000136,1.997757847533632,1.9871999999999999,1.9871739130434785,1.9901538461538462,1.9799999999999998,1.9878260869565216,2.073333333333317,1.98,1.98,2.046666666666618,1.9947761194029852,1.98,1.98,1.9960975609756098,1.98,1.9799999999999998,1.9887610619469025,1.9799999999999998,2.453333333333334,1.987734375,1.9888392857142856,1.9864495114006515,1.98,1.98,1.98,1.98,2.0933333333332884,1.9876447876447878,1.98,1.9972674418604652,1.9994117647058822,2.9266666666666676,1.98,1.9800000000000002,1.9800000000000002,2.399999999999968,1.9869473684210524,1.988878923766816,1.987764705882353,1.9877343749999998,1.9944000000000002,1.9947761194029852,1.9994117647058822,1.9800000000000002,1.98,1.9878260869565216,1.98,1.987734375,1.98,1.988284518828452,2.159999999999963,1.9799999999999998,1.9799999999999998,1.98,2.270000000000011,1.9865562913907282,1.9997342192691032,1.98,1.9986792452830189,1.98,1.98,1.98,1.98,1.9937499999999997,1.9874999999999996,1.9878260869565216,1.98,3.469999999999997,1.9933333333333334,1.9874999999999996,1.9959036144578315,1.98,1.9868989547038327,1.9800000000000002,1.98,1.9944525547445253,2.3399999999999905,1.9799999999999998,1.9881481481481482,2.2300000000000155,2.9559999999999995,1.994943396226415,1.98,1.98,1.9955294117647058,2.3533333333333353,1.987415730337079,2.226666666666692,1.9941935483870965,3.9639999999999986,1.98,2.6650000000000067,1.987173913043478,1.98,1.9943999999999997,1.9943478260869565,1.9799999999999998,1.9938461538461538,1.98,1.9800000000000002,1.9881481481481482,2.4600000000000044,1.986875,1.9996688741721855,2.5599999999999934,1.98,1.987279411764706,1.9864918032786887,1.9935153583617748,1.98,1.9870714285714288,1.987615384615385,1.9880161943319836,1.98,2.039999999999978,1.9944000000000002,1.9991612903225804,1.98,1.992899022801303,1.9868989547038327,1.9870212765957451,1.9867576791808876,1.98,1.987173913043478,1.9952895752895754,1.98,1.987279411764706,1.98,1.993469387755102,1.9868512110726646,2.0199999999999916,1.9943478260869567,2.714999999999994,2.2533333333333116,2.369999999999974,1.9933333333333334,1.98,1.9869473684210528,1.9864495114006515,1.9990384615384613,1.9799999999999998,2.5099999999999856,1.9935153583617748,1.9870462633451955,1.9940425531914892,2.800000000000007,1.9959677419354838,3.1299999999999994,1.9944000000000002,1.9869964664310955,1.9800000000000002,4.140000000000027,1.9936082474226806,1.98,1.98,1.9869718309859152,1.9799999999999998,1.9921472392638035,1.986875,1.9872262773722627,1.9884615384615385,1.985945945945946,1.9800000000000002,1.98,1.9869718309859152,1.9967796610169493,1.987615384615385,1.9866,1.9944525547445255,2.5499999999999963,1.9800000000000002,1.9868512110726642,3.109999999999975,1.9997999999999998,2.1799999999999997,1.98,1.9868512110726646,1.9872794117647057,1.9870462633451957,1.9800000000000002,1.9799999999999998,1.9866666666666666,5.119999999999987,1.98,6.490000000000068,1.9884615384615385,1.989383886255924,2.2300000000000155,1.9862857142857142,2.5999999999999894,1.98,1.986470588235294,2.019999999999954,1.9879200000000001,1.986470588235294,1.9868041237113403,2.5266666666666984,1.9868041237113403,2.680000000000017,2.704999999999981,1.989041095890411,1.9866,1.9868512110726642,1.98,1.9799999999999998,1.98,2.669999999999995,1.9889999999999999,1.9800000000000002,1.9962962962962962,1.99546875,1.9957768924302788,2.694999999999979,1.98,1.98,1.9799999999999998,2.1299999999999994,1.98,1.9800000000000002,1.9883898305084746,2.273333333333313,1.9966386554621849,1.9953488372093018,1.9876447876447878,1.9868989547038327,1.9994117647058824,1.98,2.1399999999999584,1.9799999999999998,1.98,1.990259067357513,1.9800000000000002,1.98,1.988878923766816,1.98,1.9937024221453286,1.98,1.9963636363636363,1.9877647058823527,1.9890825688073395,1.9866891891891891,1.9977578475336322,1.9876153846153846,1.98,1.98,2.479999999999983,1.987764705882353,1.9868275862068963,2.590000000000004,1.9800000000000002,1.98,1.9871480144404332,1.9969957081545064,1.9863665594855302,1.9873880597014926,1.9864285714285719,1.98,1.9929836065573772,3.019999999999971,1.9874436090225558,3.0700000000000056,1.9931999999999999,1.9997999999999998,1.9933783783783783,1.9959036144578315,1.987795275590551,1.9867576791808876,1.98,3.1350000000000056,1.9896116504854369,1.987252747252747,1.98,2.3666666666666543,1.98,2.253333333333324,2.5600000000000156,1.9878571428571425,2.615000000000008,3.993333333333325,1.9967088607594934,1.9951145038167941,1.9963636363636363,1.9873333333333332,1.9871739130434785,3.1249999999999902,1.98,1.9920731707317074,1.98,1.9865780730897011,1.9959036144578315,1.98,3.6700000000000292,1.9952307692307696,1.9866666666666664,2.040000000000008
quoteservice,1.98,1.98,NaN,NaN,NaN,1.98,NaN,NaN,NaN,NaN,1.98,1.9799999999999998,NaN,NaN,1.98,1.98,NaN,NaN,1.98,1.98,NaN,NaN,1.98,NaN,NaN,NaN,1.98,NaN,NaN,1.98,1.98,NaN,NaN,NaN,1.98,1.9799999999999998,NaN,NaN,1.98,1.98,1.98,2.8600000000000017,NaN,1.9800000000000002,3.6700000000000026,1.98,1.98,1.98,1.98,1.98,1.98,1.9799999999999998,1.9799999999999998,1.98,1.98,1.98,1.98,1.98,1.9800000000000002,3.6399999999999983,3.3399999999999923,1.98,3.4,1.9799999999999998,5.699999999999999,1.98,NaN,1.98,1.98,1.9799999999999998,NaN,NaN,1.9800000000000002,1.98,NaN,1.98,1.98,1.9799999999999998,1.98,1.98,1.98,1.9799999999999998,1.9799999999999998,1.9800000000000002,1.98,2.980000000000009,1.98,1.98,1.98,1.98,1.98,1.98,1.98,1.98,1.9799999999999998,1.9799999999999998,1.98,1.98,1.98,1.98,1.9800000000000002,1.98,1.98,1.98,1.98,1.9800000000000002,1.98,1.98,1.98,5.370000000000001,1.98,1.9800000000000002,1.98,1.98,1.98,1.98,1.98,1.98,1.98,1.98,1.98,1.9799999999999998,1.9800000000000002,1.98,1.98,1.98,1.98,1.98,1.98,1.98,5.520000000000001,1.98,1.98,1.98,1.9800000000000002,1.98,NaN,1.98,1.9800000000000002,1.98,1.98,1.9799999999999998,1.98,1.98,1.98,1.98,1.98,1.98,1.98,1.98,1.98,1.98,3.7600000000000002,1.98,1.98,1.98,1.98,1.9799999999999998,1.98,1.98,1.9799999999999998,1.9799999999999998,1.98,1.98,1.98,1.9799999999999998,1.98,1.98,1.98,NaN,1.98,1.98,1.98,NaN,1.98,1.98,3.2800000000000016,1.98,1.98,1.98,1.98,1.98,1.98,1.98,1.98,1.98,1.98,1.98,1.98,1.98,1.98,1.9800000000000002,1.98,1.98,1.9800000000000002,1.98,3.040000000000002,1.98,1.98,1.9800000000000002,1.9800000000000002,1.98,1.9800000000000002,3.5499999999999963,1.98,1.98,1.98,1.98,1.98,NaN,1.9799999999999998,1.98,NaN,NaN,1.9800000000000002,1.98,NaN,3.3999999999999972,NaN,1.98,1.98,1.98,1.98,1.9800000000000002,1.9799999999999998,1.98,NaN,NaN,1.9799999999999998,1.98,NaN,NaN,1.9799999999999998,1.98,1.98,NaN,1.98,1.98,NaN,NaN,NaN,NaN,NaN,NaN,1.98,1.98,NaN,NaN,NaN,1.98,NaN,NaN,NaN,1.98,NaN,NaN,1.98,1.98,NaN,1.9800000000000002,1.98,1.98,3.46,1.98,1.98,1.98,1.9800000000000002,1.98,1.98,1.98,1.9800000000000002,1.98,3.25,1.98,1.98,1.98,1.98,1.98,NaN,1.98,1.98,1.98,NaN,1.9799999999999998,1.9799999999999998,1.98,1.98,1.98,1.9799999999999998,1.9799999999999998,1.9800000000000002,1.98,1.98,1.98,1.98,1.9799999999999998,1.98,1.9799999999999998,1.98,1.98,1.9799999999999998,1.98,1.9800000000000002,1.9799999999999998
recommendationservice,5.844705882352939,7.799999999999996,7.519999999999998,40.79999999999995,6.839999999999998,30.266666666666815,33.19999999999993,31.333333333333382,7.120000000000006,8.759999999999998,8.719999999999985,6.920000000000003,7.58,6.319999999999992,5.911428571428572,8.639999999999985,8.920000000000005,33.19999999999993,17.99999999999968,31.866666666666465,5.868235294117648,6.159999999999983,6.679999999999981,32.93333333333352,25.999999999999893,29.199999999999818,8.600000000000005,7.552000000000001,7.3999999999999995,41.67999999999995,7.626666666666675,6,6.879999999999999,7.714285714285715,5.911111111111111,7.752000000000001,5.976296296296297,8.879999999999999,7.439999999999998,21.199999999999577,29.733333333333466,5.984761904761903,18.80000000000001,6.760000000000009,26.800000000000047,8.879999999999997,9.58,8.879999999999997,7.819999999999997,7.28,7.952,6.760000000000009,6.879999999999993,9.120000000000003,8.72000000000002,32.40000000000011,9.552000000000001,9.079999999999991,9.253333333333332,36.13333333333329,9.22666666666667,8.959999999999992,32.39999999999988,8.799999999999995,30.799999999999915,9.440000000000001,38.8,9.626666666666665,7.600000000000001,7.599999999999998,23.599999999999618,6.639999999999985,7.093333333333323,7.649999999999999,5.981176470588235,40.40000000000002,27.599999999999852,9.173333333333332,25.199999999999978,7.000000000000007,5.924444444444444,8.839999999999998,5.892173913043479,25.999999999999893,9.706666666666665,22.00000000000016,36.133333333333276,9.359999999999962,9.013333333333332,9.586666666666668,26.79999999999996,26.79999999999996,29.999999999999865,24.400000000000404,29.19999999999986,7.955555555555556,5.886315789473684,9.093333333333323,7.399999999999984,8.159999999999979,7.488000000000004,23.599999999999618,11.59999999999983,8.67999999999998,9.599999999999994,7.28,7.853333333333332,9.226666666666667,9.733333333333329,30.000000000000135,7.424,7.3399999999999945,6.799999999999992,6.7999999999999945,32.93333333333352,29.199999999999818,8.480000000000004,7.823999999999998,7.759999999999998,7.6800000000000015,7.92,6.959999999999993,8.079999999999991,9.259999999999998,34,7.8800000000000034,6.640000000000004,40.66666666666662,7.455999999999997,8.639999999999985,6.559999999999993,6.639999999999985,8.559999999999993,7.946666666666664,24.400000000000404,7.360000000000006,7.871999999999993,9.359999999999962,7.240000000000002,7.759999999999995,33.999999999999964,6.799999999999992,7.120000000000003,9.893333333333327,7.853333333333332,5.834999999999998,7.299999999999999,8.399999999999984,17.99999999999968,19.59999999999979,29.199999999999914,8.67999999999998,8.639999999999995,7.866666666666664,5.979354838709677,8.879999999999999,7.6,28.400000000000134,9.472000000000005,7.3399999999999945,7.6799999999999855,9.786666666666665,23.599999999999618,7.093333333333323,24.399999999999828,8.906666666666666,20.399999999999956,29.733333333333363,8.72000000000002,7.600000000000002,5.970666666666666,5.975652173913044,6.959999999999999,8.600000000000009,7.460000000000002,28.400000000000134,7.519999999999998,25.199999999999967,7.146666666666659,8,33.466666666666654,7.839999999999999,9.319999999999993,5.9228571428571435,8.72000000000002,22.800000000000082,7.173333333333332,32.93333333333352,9.919999999999986,5.975,24.400000000000404,37.59999999999999,7.899999999999998,39.59999999999994,8.839999999999998,30.8,7.52,21.19999999999987,7.3399999999999945,7.850000000000004,5.830588235294117,32.3999999999999,30.8,9.573333333333325,20.399999999999956,16.39999999999968,7.6800000000000015,8.439999999999996,5.976000000000001,35.06666666666673,7.853333333333334,8.87999999999999,5.858461538461539,7.639999999999985,8.640000000000004,9.479999999999997,7.386666666666663,22.799999999999894,7.600000000000002,6.7999999999999945,7.9199999999999955,9.359999999999996,9.173333333333332,7.911999999999999,6.68000000000002,9.399999999999999,6.159999999999983,8.799999999999995,41.199999999999974,7.360000000000006,7.226666666666664,25.200000000000173,7.146666666666659,5.869090909090909,9.333333333333336,9.519999999999998,7.3399999999999945,7.519999999999998,6.879999999999999,32.40000000000013,31.59999999999991,7.239999999999994,5.982857142857142,5.8950000000000005,9.680000000000016,23.599999999999618,9.759999999999998,32.933333333333294,29.999999999999865,6.679999999999981,5.9799999999999995,25.199999999999978,5.853333333333333,7.666666666666668,5.9733333333333345,32.93333333333352,7.03999999999999,7.066666666666668,5.869473684210527,7.000000000000007,5.895999999999999,9.839999999999993,6.520000000000003,7.173333333333333,7.7230769230769205,7.559999999999995,21.19999999999987,7.75272727272727,8.72000000000002,32.3999999999999,8.600000000000009,24.400000000000404,5.834666666666667,7.983999999999996,9.040000000000008,7.3399999999999945,5.876666666666667,6.72000000000002,6.159999999999983,7.306666666666665,36.39999999999985,14.800000000000022,7.520000000000001,6.159999999999983,6.599999999999997,9.36,6.639999999999994,8.159999999999982,8.080000000000014,25.999999999999893,29.199999999999818,8.67999999999998,8.67999999999998,39.439999999999955,8.853333333333323,7.679999999999999,8.839999999999998,9.779999999999998,9.419999999999996,35.6,26.800000000000132,7.942857142857141,7.0133333333333265,7.093333333333334
shippingservice,15000,15000,3.9699999999999998,3.9699999999999998,NaN,15000,3.9800000000000004,3.98,NaN,NaN,15000,15000,3.9800000000000004,3.9699999999999998,15000,14325,NaN,NaN,3.9699999999999998,3.9800000000000004,NaN,5.98,15000,3.9800000000000004,3.9699999999999998,3.9800000000000004,4684.999999999999,3.9699999999999998,NaN,3.9699999999999998,9349.999999999998,3.9699999999999998,NaN,3.9699999999999998,15000,15000,NaN,3.9699999999999998,7.699999999999999,15000,15000,15000,1.9800000000000002,15000,15000,15000,1.9800000000000002,15000,15000,15000,15000,15000,15000,5.88,5.92,15000,15000,15000,15000,15000,15000,15000,15000,15000,7.699999999999999,15000,3.98,3.98,15000,9.819999999999999,3.9800000000000004,3.9699999999999998,15000,15000,3.9800000000000004,3.9699999999999998,15000,15000,15000,15000,15000,15000,15000,15000,15000,15000,15000,9.64,15000,48.4,15000,15000,15000,15000,15000,15000,9.670000000000003,15000,15000,15000,15000,15000,15000,9450.000000000004,15000,15000,15000,15000,15000,15000,3.96,15000,15000,15000,15000,15000,15000,9.82,15000,15000,15000,15000,15000,15000,15000,15000,14399.999999999998,14374.999999999996,15000,15000,7.76,7.88,15000,7.699999999999999,15000,5.79,15000,15000,9.81,9.690000000000001,15000,15000,15000,15000,15000,15000,15000,15000,NaN,15000,9.86,15000,7.896,15000,15000,7.840000000000001,9.8,15000,15000,15000,15000,15000,9.64,15000,15000,9.81,15000,15000,15000,3.9800000000000004,15000,15000,15000,15000,15000,15000,15000,15000,3.975,15000,15000,15000,NaN,13875,15000,15000,7.85,15000,15000,7.9,15000,15000,15000,15000,15000,15000,15000,15000,7.865,15000,15000,15000,15000,15000,7.8999999999999995,15000,1350.0000000000002,9.739999999999998,15000,3.9800000000000004,15000,15000,NaN,3.9800000000000004,15000,3.9699999999999998,3.9800000000000004,15000,3.9800000000000004,7.82,15000,15000,15000,15000,15000,5.579999999999998,NaN,3.9699999999999998,15000,15000,3.9699999999999998,3.9699999999999998,15000,1362.0000000000002,3.98,3.9699999999999998,9325,15000,3.9800000000000004,3.9699999999999998,1.98,3.98,3.9800000000000004,3.9699999999999998,9.73,15000,3.9800000000000004,NaN,NaN,15000,3.9699999999999998,NaN,3.98,15000,3.98,3.9699999999999998,45.79999999999999,4595,3.9699999999999998,15000,15000,15000,15000,15000,15000,15000,15000,15000,15000,15000,15000,15000,15000,370,1.98,15000,15000,4595,3.9699999999999998,3.9699999999999998,15000,1.9800000000000002,3.9800000000000004,3.9675,15000,45.19999999999998,15000,9.86,15000,7.800000000000002,15000,15000,9475,5.855,15000,15000,15000,15000,5.76,15000,15000,9.780000000000001,15000,15000
