accountingservice,13.123944444478386,12.096474999998463,44.81359999999404,78.32569999992847,NaN,20.39224999999472,NaN,NaN,NaN,NaN,15.962044444426686,13.82862666665266,NaN,85.0449999999255,20.440340000018477,9.731533333322862,NaN,NaN,13.23989999992773,NaN,NaN,NaN,22.349466666656856,NaN,1.0326000000350177,NaN,9.698457142837078,22.847099999897182,NaN,28.653699999907985,12.558762500033481,78.44709999999031,NaN,64.32080000010319,11.906055555575424,14.79477499999727,NaN,48.293199999956414,14.614029999985359,25.07244444447052,12.177909090903334,7.984122222211833,21.621199999935925,13.980272727298804,11.232900000050327,23.624310000007974,88.07440000004135,16.692833333327954,12.851488888858714,8.416708333340162,8.639933333344137,12.571924999996554,15.145000000003105,12.359399999957532,5.772499999962747,15.377999999992813,16.458424999931594,13.99417142859394,19.694442857156638,17.073425000028994,11.025472727223216,24.651974999986123,13.441459999978543,13.867307692318438,10.281369999982417,19.005383333327096,NaN,NaN,16.83920624999155,11.756666666672876,NaN,46.48820000002161,17.23404999997001,13.006422222178015,NaN,72.63500000000931,14.662976923076293,5.98957857142003,12.158119999989868,9.200211111145714,8.780106666684151,16.680378571418778,9.555233333337432,14.920854545452379,18.36477499999455,8.571559999976307,13.84439166666319,14.434233333333395,9.775542857191924,17.77751250003348,7.153200000000652,14.001881818223575,16.261779999989088,20.67329999996582,9.902636363657868,12.023883333313279,7.588690909091383,12.227828571439854,19.032318181866273,11.817466666689144,5.990484615393843,8.388599999986278,19.28917777778891,18.645087500015507,15.83416250004666,15.137991666658005,21.427412499993807,14.450057142863182,14.432345454559915,8.724972727264024,47.4583500000881,11.188062500033993,6.014190000016242,15.77145000001959,23.7432999999437,15.434691666683648,11.519510000012813,21.933666666659217,9.441780000024787,16.827011111140664,29.17873636364344,12.789341666716307,8.006179999979214,12.280040000006556,11.125999999994582,13.316281250008617,12.945712500018999,26.528088888851926,8.54745882355115,19.04572222224023,6.219100000045728,3.85747500002617,12.32651111113632,12.841720000002534,12.415637500031153,9.159500000000532,6.65235454544679,7.5039999999904206,22.34937142856818,24.750727272698317,21.041699999943376,9.615363636371594,17.35817499998666,11.100966666644025,16.10393846156792,6.113880000007339,17.22782000002917,20.194960000016728,NaN,15.312062499986496,36.18332499999087,12.0287800000282,14.883350000018254,21.396772727285597,7.390469999983907,7.030199999998634,17.031460000015795,7.232809999980963,12.484849999984727,10.75178461539774,19.682425000006333,13.772023076925857,4.725716666667722,12.602933333313558,19.894214285703907,19.86805714287662,16.1064250000054,10.455963636367498,14.979150000028312,NaN,13.491037499989034,7.91846153843933,30.03161666666468,13.302449999988312,16.528280000016093,7.360733333334793,12.346333333337679,21.70981999998912,93.40170000004582,19.16847692308231,10.537969230781668,11.224407692314484,NaN,8.620560000014182,10.784242857147806,24.009158333356027,19.1437900000019,8.84423333335047,12.41189999999996,9.908829999994486,8.58735333334965,13.362977777762959,15.353854545434428,14.040336363631384,10.659200000033403,12.139763636324048,12.519271428563766,NaN,11.955488888857266,10.818063636373898,16.209599999986082,14.204688888871008,8.401553846143472,7.843179999990388,38.95477500004927,11.08451538461332,13.71130000005683,14.493012500024635,14.770574999973176,NaN,11.079974999981156,6.58090000000613,NaN,NaN,9.3537999999909,34.687483333284035,NaN,18.806390000018293,NaN,5.660466666643818,7.231158333345472,32.077485714240794,29.954225000023143,12.314675000011144,22.80991666667008,13.09830714286571,NaN,38.93060000007972,11.410990909122946,9.497579999966547,63.47900000005029,69.40910000004806,17.93562000002712,11.246071428559455,NaN,7.016400000080466,14.733888888886819,12.917399999976624,NaN,96.11810000007972,60.01879999996162,NaN,NaN,43.12039999989793,18.027999999984686,19.72749285710909,NaN,NaN,NaN,19.252550000004703,19.639900000067428,NaN,NaN,17.670366666667785,NaN,51.093399999896064,16.863571428594042,9.96750000002794,4.8393000001087785,5.784663636364382,14.171800000021573,4.652824999997392,25.212644444468125,15.947525000025053,11.949383333325386,20.31290909089148,16.148814285706198,8.638841666688677,23.684385714320733,22.59623333334457,12.906454545466907,13.610193333340188,13.142954545455392,14.939180000033229,94.07890000008047,22.48210999998264,8.445399999991059,17.034077777760103,73.30719999992289,13.338479999965056,13.113811111129406,52.52790000010282,NaN,12.475192307709502,9.172463636337357,25.789612499967916,17.69565555554194,5.550800000026356,12.887541666665737,14.441216666678278,7.88921818183735,12.57272857144874,12.329857142874971,7.061877777748224,12.888553846143902,11.843907692272646,7.674724999960745,13.870874999983547,21.393937500019092,13.29251875000773,16.294333333304774,16.178524999966612,13.398324999987382,10.720950000002631
adservice,NaN,NaN,NaN,NaN,NaN,NaN,NaN,NaN,NaN,NaN,NaN,NaN,NaN,NaN,NaN,NaN,NaN,NaN,NaN,NaN,NaN,NaN,NaN,NaN,NaN,NaN,NaN,NaN,NaN,NaN,NaN,NaN,NaN,NaN,NaN,NaN,NaN,NaN,NaN,NaN,NaN,NaN,NaN,NaN,NaN,NaN,NaN,NaN,NaN,NaN,NaN,NaN,NaN,NaN,NaN,NaN,NaN,NaN,NaN,NaN,NaN,NaN,NaN,NaN,NaN,NaN,NaN,NaN,NaN,NaN,NaN,NaN,NaN,NaN,NaN,NaN,NaN,NaN,NaN,NaN,NaN,NaN,NaN,NaN,NaN,NaN,NaN,NaN,NaN,NaN,NaN,NaN,NaN,NaN,NaN,NaN,NaN,NaN,NaN,NaN,NaN,NaN,NaN,NaN,NaN,NaN,NaN,NaN,NaN,NaN,NaN,NaN,NaN,NaN,NaN,NaN,NaN,NaN,NaN,NaN,NaN,NaN,NaN,NaN,NaN,NaN,NaN,NaN,NaN,NaN,NaN,NaN,NaN,NaN,NaN,NaN,NaN,NaN,NaN,NaN,NaN,NaN,NaN,NaN,NaN,NaN,NaN,NaN,NaN,NaN,NaN,NaN,NaN,NaN,NaN,NaN,NaN,NaN,NaN,NaN,NaN,NaN,NaN,NaN,NaN,NaN,NaN,NaN,NaN,NaN,NaN,NaN,NaN,NaN,NaN,NaN,NaN,NaN,NaN,NaN,NaN,NaN,NaN,NaN,NaN,NaN,NaN,NaN,NaN,NaN,NaN,NaN,NaN,NaN,NaN,NaN,NaN,NaN,NaN,NaN,NaN,NaN,NaN,NaN,NaN,NaN,NaN,NaN,NaN,NaN,NaN,NaN,NaN,NaN,NaN,NaN,NaN,NaN,NaN,NaN,NaN,NaN,NaN,NaN,NaN,NaN,NaN,NaN,NaN,NaN,NaN,NaN,NaN,NaN,NaN,NaN,NaN,NaN,NaN,NaN,NaN,NaN,NaN,NaN,NaN,NaN,NaN,NaN,NaN,NaN,NaN,NaN,NaN,NaN,NaN,NaN,NaN,NaN,NaN,NaN,NaN,NaN,NaN,NaN,NaN,NaN,NaN,NaN,NaN,NaN,NaN,NaN,NaN,NaN,NaN,NaN,NaN,NaN,NaN,NaN,NaN,NaN,NaN,NaN,NaN,NaN,NaN,NaN,NaN,NaN,NaN,NaN,NaN,NaN,NaN,NaN,NaN,NaN,NaN,NaN,NaN,NaN,NaN,NaN
cartservice,18.808784422328277,12.814662589211439,10.74024689455086,9.615575486117038,NaN,27.339992379357547,NaN,NaN,NaN,NaN,17.263661121460572,17.681076074001428,NaN,10.069663773857638,15.457249963946772,17.488330092721384,NaN,NaN,11.172393219653062,NaN,NaN,NaN,16.435481518454218,NaN,11.094992039312249,NaN,19.294328952628515,10.799251147921696,NaN,11.405599153903701,14.671370301194388,11.019548379547912,NaN,11.85883806343217,14.146913903283208,17.477184416731387,NaN,9.805571812148486,12.700157107326849,16.33049356843265,20.77341277070514,15.097194681390603,12.089458388168024,20.29306579085032,20.981885627907022,17.807146457678105,16.242267801861907,25.265744256207192,13.89390862155382,19.681215394532533,19.96714196355217,15.276163601658517,22.604350490130884,18.013513205888028,25.249553684532962,14.16142530765461,17.788088692147046,17.808664853299394,18.351237407385394,18.5625349767325,14.828626352144806,13.6901625630813,17.10086032025968,34.66958570583577,20.95149316004598,13.364310161306177,NaN,NaN,21.133295312761838,27.62944314467467,NaN,10.87937785768172,22.92854553791455,20.55856085260191,NaN,12.37430489813119,17.704619109042422,15.22094174661855,13.184831072979831,17.98997032973988,19.49940437389768,14.267858829794843,19.664002067391063,15.142045285096895,14.13849705235033,18.55899242510408,26.2185925727955,13.149319130444102,15.145490009174292,21.735847027976554,15.062861771319987,15.641306880845217,19.715530107629537,13.064529891098609,12.729217912773546,16.407655328998334,26.380779889466663,16.4842473855401,18.770016637571498,19.875348663049476,26.74422259757102,15.068307350722662,17.518786631971544,18.756181121897967,17.43785091795662,15.201986386679046,14.532519765702608,19.924551806806996,23.305074877685485,16.475853160395328,11.025556083100993,13.590958164101732,18.605313209260114,17.009833928591213,29.119748647822025,16.27998258595774,15.94212674409433,14.218559694556765,20.726926753090552,26.44013407329491,15.071831965715564,10.745243168183512,16.710210693456066,34.71655634420481,17.617616442538225,16.02111622112888,15.371028081975401,14.56446717657635,15.328505074793176,20.19539180601329,10.734756392501833,12.546189063607168,13.296306665269121,16.11207700267881,13.41217094505473,12.363631818368177,19.916570790616312,20.04570758916336,17.50320270507668,13.644451782099628,17.536561879879343,11.988108664255826,11.695840286405826,14.156225749104697,17.60048790844143,11.848246173879046,16.09332443182498,14.474562674031967,14.117265313488966,12.99667170258713,21.21522565760725,10.718006895832739,21.980385523527026,23.70689159392871,14.385216281490695,10.115155100733435,13.630095015091504,15.686322845244762,15.671203235311236,20.11125858098299,15.88466248508107,17.34942563520476,15.547696020690418,19.697772660650784,18.850399685780804,15.22807253970598,19.08125020553406,14.067847010258147,16.718746462523402,NaN,64.44998104868678,21.43591664452479,11.174630735339315,15.190034655594618,14.269188987832562,16.573621384880095,18.068470436484656,11.189597741520661,12.003079952402429,14.516832532417167,16.56741856797268,33.39944438587565,NaN,20.90997765542931,13.152357863707357,17.251002716054145,13.231776473000703,17.410871854399407,13.201584901533938,11.893141051681427,20.44078328603125,13.2153354386165,16.20695272579125,16.15318621079688,20.493791130540888,12.727118738598914,18.335027205241968,NaN,14.379919586667986,13.824758093927228,17.241124753134347,22.46306039664586,15.794124458869243,16.088452113255563,12.795060665779857,16.654183121901557,12.809711238830372,15.926938792070017,14.533991659087354,NaN,11.448051000880035,16.948083024415112,NaN,NaN,16.27820150074428,12.276078487073464,NaN,16.06620756200501,NaN,13.664208349919203,24.912357128570786,17.645539554746016,13.361005828640147,22.38339941548848,15.890935656567716,14.312502599189106,NaN,9.223180467693794,18.913435391383544,20.298985347621446,9.788229136040837,11.67630131306234,14.73675511858636,18.65936426304892,NaN,10.092965522160032,NaN,13.480676420526853,NaN,9.84657268087967,12.158953588392887,NaN,NaN,12.110149889003843,15.49636689840472,12.534438250074743,NaN,NaN,NaN,13.414755363127574,13.464940879064493,NaN,NaN,10.737065876301653,NaN,11.331192347111621,13.031433902778149,19.922791420421984,12.434226425419297,10.591587775444859,38.23228976987255,12.803670654465433,13.130086788408862,18.38495458934313,12.211772178349495,15.746835940464067,14.562402019675256,15.208272058427362,19.356575463311383,14.317867917904703,15.36358886438023,17.50190014025177,13.318424387609236,12.020175050552535,10.603103939419595,15.280203223542053,12.902932260271484,24.061544135827088,10.092555952440556,9.700225714876852,18.558099746016367,12.647219616407458,NaN,12.804429038468822,35.02449131401042,11.831304176890342,13.585575734740846,16.926508714643347,26.263907754876037,15.232490248012013,15.801396841153153,23.322500282843322,14.28792973544106,21.134544880342517,19.06294803719266,19.256847751006553,17.364023460955117,19.0473418772477,14.83097550287088,19.14907469374397,14.024947324582639,20.9908816452978,17.791312714944116,15.315793464975439
checkoutservice,NaN,NaN,NaN,NaN,NaN,NaN,NaN,NaN,NaN,NaN,NaN,NaN,NaN,NaN,NaN,NaN,NaN,NaN,NaN,NaN,NaN,NaN,NaN,NaN,NaN,NaN,NaN,NaN,NaN,NaN,NaN,NaN,NaN,NaN,NaN,NaN,NaN,NaN,NaN,NaN,NaN,NaN,NaN,NaN,NaN,NaN,NaN,NaN,NaN,NaN,NaN,NaN,NaN,NaN,NaN,NaN,NaN,NaN,NaN,NaN,NaN,NaN,NaN,NaN,NaN,NaN,NaN,NaN,NaN,NaN,NaN,NaN,NaN,NaN,NaN,NaN,NaN,NaN,NaN,NaN,NaN,NaN,NaN,NaN,NaN,NaN,NaN,NaN,NaN,NaN,NaN,NaN,NaN,NaN,NaN,NaN,NaN,NaN,NaN,NaN,NaN,NaN,NaN,NaN,NaN,NaN,NaN,NaN,NaN,NaN,NaN,NaN,NaN,NaN,NaN,NaN,NaN,NaN,NaN,NaN,NaN,NaN,NaN,NaN,NaN,NaN,NaN,NaN,NaN,NaN,NaN,NaN,NaN,NaN,NaN,NaN,NaN,NaN,NaN,NaN,NaN,NaN,NaN,NaN,NaN,NaN,NaN,NaN,NaN,NaN,NaN,NaN,NaN,NaN,NaN,NaN,NaN,NaN,NaN,NaN,NaN,NaN,NaN,NaN,NaN,NaN,NaN,NaN,NaN,NaN,NaN,NaN,NaN,NaN,NaN,NaN,NaN,NaN,NaN,NaN,NaN,NaN,NaN,NaN,NaN,NaN,NaN,NaN,NaN,NaN,NaN,NaN,NaN,NaN,NaN,NaN,NaN,NaN,NaN,NaN,NaN,NaN,NaN,NaN,NaN,NaN,NaN,NaN,NaN,NaN,NaN,NaN,NaN,NaN,NaN,NaN,NaN,NaN,NaN,NaN,NaN,NaN,NaN,NaN,NaN,NaN,NaN,NaN,NaN,NaN,NaN,NaN,NaN,NaN,NaN,NaN,NaN,NaN,NaN,NaN,NaN,NaN,NaN,NaN,NaN,NaN,NaN,NaN,NaN,NaN,NaN,NaN,NaN,NaN,NaN,NaN,NaN,NaN,NaN,NaN,NaN,NaN,NaN,NaN,NaN,NaN,NaN,NaN,NaN,NaN,NaN,NaN,NaN,NaN,NaN,NaN,NaN,NaN,NaN,NaN,NaN,NaN,NaN,NaN,NaN,NaN,NaN,NaN,NaN,NaN,NaN,NaN,NaN,NaN,NaN,NaN,NaN,NaN,NaN,NaN,NaN,NaN,NaN,NaN
currencyservice,117345.99314512199,138119.35769486733,116819.78811692199,161310.9935524972,161785.67226907413,86489.94039283907,110861.27122856521,148758.56986483332,104335.15862421629,164203.87363273418,114000.6607778426,83663.35733884573,121690.59873513674,139289.012211442,101176.7017197898,109798.64611637767,142725.30952016244,135697.05225658417,104180.39144088626,116468.03400251368,111473.63665835591,107629.007020772,118181.38372722759,122858.62342837453,108496.729980131,130848.30894275772,143885.16058430672,87407.06925310194,105813.64921375646,140433.00044456066,116776.1914122148,95510.79507025746,112315.36957297722,151686.37300923467,131574.12051242834,105214.80477943138,148779.8163573444,156084.80327725242,114634.0893350748,173728.39839784152,115194.41117645701,126870.23911114069,94269.60974389977,122527.17583368685,109919.38908096756,122035.68037140966,115058.6455124079,137737.52307260747,104394.72880480136,119374.25480712387,105864.33583408181,130361.88977835815,161742.73477813497,115869.58689528237,144538.19342174087,116413.13520162959,131790.91197070113,111550.94744824471,141268.54315388633,155135.2908790938,128373.86337382847,142806.01501267334,134407.47614759908,150895.60208715015,137987.2137198937,106723.04633739362,124972.96249412489,160524.26457699167,150088.08453636945,153831.72974865866,115389.10320635636,121837.4144885689,106345.01636050877,130894.68030462916,122507.11083006859,97088.3177402504,114154.55654010178,130525.42897693368,135044.7874021427,125065.69272860544,106771.45286983252,125751.96189391002,113958.789645693,114126.6954657629,119768.9652896598,115208.68693503198,161444.69496975758,114131.48265204194,116540.74994012943,121776.37734318996,162067.98163278372,119636.25093297685,101267.30737112314,152901.40724582746,127215.87986704438,115480.71215527231,122880.33837149301,104791.89049340799,148299.55022765658,141255.94177168037,99455.3389160002,127485.66525938397,159560.36259418103,101680.39390128746,149243.61630559928,98243.06707687366,98077.26191707976,142909.59667784435,132911.4686684737,101149.26496214775,120049.27702615972,109905.5647177621,136517.4287101681,131675.0556444732,117261.7931529459,105484.0116478573,126943.77149671316,135441.22283611586,130870.86642017865,91312.9433167433,114893.29263135584,133673.08796785673,129956.54597167947,110068.82378577543,113725.69307926152,113493.52782911292,109094.47096259828,137479.4946720848,131026.549501837,82306.07331467058,115794.28525688108,101164.91353647946,105426.50046907962,110946.69162347741,101413.39904403687,108194.03884918822,117608.08842758599,111522.65082892812,130082.87968946116,127874.56475474883,148665.04850455344,139578.42811446998,124669.24483591596,104611.12432182544,95918.69614123947,83061.90109054718,110103.24685773472,108485.55722401489,115794.87336403891,113324.04076766747,113060.80820563981,95359.21087539865,117911.5808872707,122593.1017549054,106306.12852250016,119676.67974350188,80624.90231421789,83053.90701026325,108070.5360152201,106681.88904016899,93860.15691303552,120632.44463666153,138628.47007979784,100105.82753013255,91506.46158813371,107261.38175770003,147527.22725776638,129378.78141274984,86225.66223353148,75455.62727681796,92381.98415065533,129949.71197150912,92327.38024813755,84124.26449585982,110986.81633655372,113473.65961144146,123379.66473499339,114991.59077336313,132809.81453867114,119806.36824812123,113125.45027127056,112770.59949818678,117183.94213138436,133017.79976990848,107273.58907461682,108153.85129804943,110777.27226968585,111271.43602876557,85079.21207547188,91775.60229913583,123613.71159735772,129785.01234498278,105596.21730015034,130121.54288176808,92302.43969071859,100692.92795982782,86108.30592381716,100672.73439512649,163649.85769259182,137096.07254182364,129378.29258617203,137361.85928246085,125162.1017655929,120321.4173451397,103788.80293701909,124569.32713770735,127252.27197866404,113654.11394616286,110020.91262176291,135711.6508788329,145558.53677958646,121817.04903653945,129880.01509886522,112664.63635091252,116232.33668378551,108685.11913246152,119216.56898146868,115083.62285817243,143042.74010955586,137882.8388662327,108270.63602682098,101796.50180970592,136334.57189338765,134512.54649307166,145306.49994903518,117123.84922922429,110409.28590621418,140006.43365460634,117760.6875747079,105955.58463394536,103870.56032851164,114280.71052464718,113518.23232311946,108519.63999054798,128382.24977332354,131321.96186669136,97135.04258923448,103874.9838189658,107489.38483600857,130082.3798988206,73706.95954693446,105513.57990027714,123185.5620737626,115196.58604460955,126202.26713689929,174641.06934243807,157086.26781995146,129235.994380792,141093.41289876302,115732.12001235159,73723.66668566069,117430.00043256744,198026.13889807463,152279.45877088082,104509.02589951621,134899.2721429649,122480.31329885672,114344.71427666428,107731.38668575883,154348.5610071702,128918.83586138717,114232.25238706995,74757.70366217104,124311.19310659506,109782.8768694764,165983.52824423084,89232.69033695091,119070.73710716353,124955.05721018912,147820.32721607358,116981.53884498047,150912.9960228555,116999.31003650348,112836.40331395467,112279.75218091582,111268.53079582492,152918.79313307314,132130.4990550038,95614.87663146429,140760.08760132472,127854.9775647138,125066.07356308876,163001.6363496454,139128.09671799137,111357.93249411343,84243.67116336395,113085.84647434167,147941.0070144711,85777.184822635,124655.45498257579,117514.36244697204,85846.87239561477,110670.62855661244,160055.35375963902,122674.23785167703,131597.91418587882,141934.13106569974,121125.59040123722,94068.4161337086,127725.37176784835,91011.59858837244,112668.82019184186,148134.29048742203,118641.24222690972
emailservice,10.328778611113092,5.543963937505396,6.762101500007702,5.553517000003922,NaN,10.580705000005159,NaN,NaN,NaN,NaN,10.540833999999853,9.005889799997627,NaN,6.67066299999351,5.556684099998165,7.471666944440585,NaN,NaN,11.484006111116186,NaN,NaN,NaN,5.092494499992123,NaN,4.981534000002284,NaN,7.660633642855828,5.321133500010546,NaN,8.075984999990396,6.6407286250075686,4.852237000011883,NaN,6.038965999990978,5.876930222225686,9.424421374998323,NaN,5.028276500011998,12.166782200002125,8.069262388892943,7.733077954544404,8.031458611113623,4.986649999995279,5.663961818178657,5.996253500004472,10.267453100005879,6.71503249998932,13.708108166662797,6.7885842777741345,9.829917708330868,7.961272083335038,9.386092041661868,10.338740166664866,6.8011042499952055,7.6612620000078095,14.288170714284206,6.16780987500124,7.828326285715906,7.031216142857374,8.31890762500052,15.396471681814297,6.706698562495603,9.999241150001762,10.765520461537632,5.809548499998527,7.684902083333782,NaN,NaN,8.370008718749546,9.687178666663993,NaN,5.574176500000249,9.739903187501568,8.366283055563043,NaN,6.3157910000009,6.856451115385704,7.286730500001405,9.933329250004316,8.775016833336041,7.21715279999759,17.724821214288568,7.379633458335168,13.01035972727616,7.911786187494954,6.920541999992747,8.584317458328618,5.606244333329414,5.533877428571941,7.972265624999636,7.340539187501236,5.9838017727248705,9.050917550003943,5.7594803750073424,9.472342409089668,12.038302083336779,9.19453895454965,6.502433071428252,7.213459545448958,10.115190444446045,8.404039923077036,5.865986749995803,23.22287500000089,7.42375418750089,5.514628249994985,11.742877583330786,8.145075437491869,11.734393678572035,8.44140431818381,6.708951636363219,18.310111807687953,5.664975843745992,8.876334400004817,5.251851875000284,8.8312458124974,8.571446041660995,6.213615049994586,5.460198416672332,11.162788499994834,16.78827194444077,7.208536090909547,6.840608583332748,6.034800450006332,7.533938949994808,7.446106166664474,8.725910749997979,7.483193250007389,6.504251444444283,7.806509970581507,7.796642666672091,7.471780625006886,5.108162624996112,8.872211111111433,7.196396650001042,7.475769062493555,5.6369954285655695,8.235852318188336,12.517984714283687,8.265538071428766,6.9046538181815285,5.659716812498118,5.01283972726808,9.401526937501785,6.618922000000667,8.525978076923192,8.521829899992735,7.379477799992309,11.998057750001317,10.587110346154358,7.470209374991555,7.821758999996746,8.516519750000588,8.227294749993234,10.567391045456382,9.906298999998034,5.293814250000651,8.20769954999596,6.487583400002404,10.45049444999968,6.218129846152386,6.563325562501177,9.064426038460415,7.587936958335073,9.760708750002777,8.280408071429909,10.630958714283352,8.048298874998636,12.954523636359557,NaN,NaN,9.249285968753611,8.063669538454493,8.018690000007458,NaN,8.30523669999784,7.305949041661734,6.774910233328409,6.975483600002916,9.50007017647102,7.6323996153819635,5.773824961532787,9.556148961541252,6.543352714277196,9.020522499997606,7.464131071437546,6.455515958332702,5.402929799999402,9.98111930000329,8.53402261110912,6.056543149998833,14.100237333336555,12.58207250000487,7.468939045450746,6.4815565909177,9.191062625004937,15.893885136358717,6.9341204285670495,8.540255444444483,7.375594833335021,8.677314045458676,10.554475681818571,8.42445966667017,10.31741900000466,8.36845360000346,7.176516499998797,11.58455830769834,7.60089433333269,7.960572812499777,6.460269000001517,NaN,5.680312708329742,9.753086909086216,NaN,NaN,8.477198785717128,9.807795749994815,NaN,8.837079699998867,NaN,12.512593916664628,8.196931458335106,5.111360142852001,8.419751500000075,7.967764458330748,5.123608750006194,5.9407429642921805,NaN,5.0713585000085,8.56637313636549,7.145958000010433,5.33194100000037,6.395070999977179,7.405986100004521,5.905018999993314,NaN,6.4168120000031195,8.949889944441464,6.616122187493147,NaN,7.044821999996202,4.671683999997185,NaN,NaN,6.157040499994764,7.123985166663058,7.6075051071441395,NaN,NaN,NaN,9.956390000008014,4.832533000000694,NaN,NaN,7.202804666658267,NaN,5.659462499977963,8.25365264285834,7.347906999997778,4.374713999983214,6.851538500002459,6.924084454536734,12.27140424999925,6.619954222225109,9.066131874990333,6.493362416653933,6.100879136364463,4.6200937857159134,11.136835416668571,8.240211928567858,7.6239095416700975,6.033353000000551,6.651839333333919,10.036189545455603,10.2756564000003,5.205426499996975,7.101021300002685,5.886767600009625,7.951101944440678,5.200150499989832,5.151598000025842,8.686977611110908,5.8057875000049535,NaN,8.524004307693339,9.195772454539771,11.124791250003454,4.77474872222754,7.352798500001882,13.902026833335489,6.667268416664228,11.112079272728971,8.892883857148263,5.795170000001235,6.825552833332445,7.143411076923467,6.752886769231946,8.080976125000689,7.209420374999961,5.252361874995131,9.09886028125129,9.496843833326542,7.435400500000924,6.306193437503225,10.050095562502975
flagd,NaN,NaN,NaN,NaN,NaN,NaN,NaN,NaN,NaN,NaN,NaN,NaN,NaN,NaN,NaN,NaN,NaN,NaN,NaN,NaN,NaN,NaN,NaN,NaN,NaN,NaN,NaN,NaN,NaN,NaN,NaN,NaN,NaN,NaN,NaN,NaN,NaN,NaN,NaN,NaN,NaN,NaN,NaN,NaN,NaN,NaN,NaN,NaN,NaN,NaN,NaN,NaN,NaN,NaN,NaN,NaN,NaN,NaN,NaN,NaN,NaN,NaN,NaN,NaN,NaN,NaN,NaN,NaN,NaN,NaN,NaN,NaN,NaN,NaN,NaN,NaN,NaN,NaN,NaN,NaN,NaN,NaN,NaN,NaN,NaN,NaN,NaN,NaN,NaN,NaN,NaN,NaN,NaN,NaN,NaN,NaN,NaN,NaN,NaN,NaN,NaN,NaN,NaN,NaN,NaN,NaN,NaN,NaN,NaN,NaN,NaN,NaN,NaN,NaN,NaN,NaN,NaN,NaN,NaN,NaN,NaN,NaN,NaN,NaN,NaN,NaN,NaN,NaN,NaN,NaN,NaN,NaN,NaN,NaN,NaN,NaN,NaN,NaN,NaN,NaN,NaN,NaN,NaN,NaN,NaN,NaN,NaN,NaN,NaN,NaN,NaN,NaN,NaN,NaN,NaN,NaN,NaN,NaN,NaN,NaN,NaN,NaN,NaN,NaN,NaN,NaN,NaN,NaN,NaN,NaN,NaN,NaN,NaN,NaN,NaN,NaN,NaN,NaN,NaN,NaN,NaN,NaN,NaN,NaN,NaN,NaN,NaN,NaN,NaN,NaN,NaN,NaN,NaN,NaN,NaN,NaN,NaN,NaN,NaN,NaN,NaN,NaN,NaN,NaN,NaN,NaN,NaN,NaN,NaN,NaN,NaN,NaN,NaN,NaN,NaN,NaN,NaN,NaN,NaN,NaN,NaN,NaN,NaN,NaN,NaN,NaN,NaN,NaN,NaN,NaN,NaN,NaN,NaN,NaN,NaN,NaN,NaN,NaN,NaN,NaN,NaN,NaN,NaN,NaN,NaN,NaN,NaN,NaN,NaN,NaN,NaN,NaN,NaN,NaN,NaN,NaN,NaN,NaN,NaN,NaN,NaN,NaN,NaN,NaN,NaN,NaN,NaN,NaN,NaN,NaN,NaN,NaN,NaN,NaN,NaN,NaN,NaN,NaN,NaN,NaN,NaN,NaN,NaN,NaN,NaN,NaN,NaN,NaN,NaN,NaN,NaN,NaN,NaN,NaN,NaN,NaN,NaN,NaN,NaN,NaN,NaN,NaN,NaN,NaN
frauddetectionservice,NaN,NaN,NaN,NaN,NaN,NaN,NaN,NaN,NaN,NaN,NaN,NaN,NaN,NaN,NaN,NaN,NaN,NaN,NaN,NaN,NaN,NaN,NaN,NaN,NaN,NaN,NaN,NaN,NaN,NaN,NaN,NaN,NaN,NaN,NaN,NaN,NaN,NaN,NaN,NaN,NaN,NaN,NaN,NaN,NaN,NaN,NaN,NaN,NaN,NaN,NaN,NaN,NaN,NaN,NaN,NaN,NaN,NaN,NaN,NaN,NaN,NaN,NaN,NaN,NaN,NaN,NaN,NaN,NaN,NaN,NaN,NaN,NaN,NaN,NaN,NaN,NaN,NaN,NaN,NaN,NaN,NaN,NaN,NaN,NaN,NaN,NaN,NaN,NaN,NaN,NaN,NaN,NaN,NaN,NaN,NaN,NaN,NaN,NaN,NaN,NaN,NaN,NaN,NaN,NaN,NaN,NaN,NaN,NaN,NaN,NaN,NaN,NaN,NaN,NaN,NaN,NaN,NaN,NaN,NaN,NaN,NaN,NaN,NaN,NaN,NaN,NaN,NaN,NaN,NaN,NaN,NaN,NaN,NaN,NaN,NaN,NaN,NaN,NaN,NaN,NaN,NaN,NaN,NaN,NaN,NaN,NaN,NaN,NaN,NaN,NaN,NaN,NaN,NaN,NaN,NaN,NaN,NaN,NaN,NaN,NaN,NaN,NaN,NaN,NaN,NaN,NaN,NaN,NaN,NaN,NaN,NaN,NaN,NaN,NaN,NaN,NaN,NaN,NaN,NaN,NaN,NaN,NaN,NaN,NaN,NaN,NaN,NaN,NaN,NaN,NaN,NaN,NaN,NaN,NaN,NaN,NaN,NaN,NaN,NaN,NaN,NaN,NaN,NaN,NaN,NaN,NaN,NaN,NaN,NaN,NaN,NaN,NaN,NaN,NaN,NaN,NaN,NaN,NaN,NaN,NaN,NaN,NaN,NaN,NaN,NaN,NaN,NaN,NaN,NaN,NaN,NaN,NaN,NaN,NaN,NaN,NaN,NaN,NaN,NaN,NaN,NaN,NaN,NaN,NaN,NaN,NaN,NaN,NaN,NaN,NaN,NaN,NaN,NaN,NaN,NaN,NaN,NaN,NaN,NaN,NaN,NaN,NaN,NaN,NaN,NaN,NaN,NaN,NaN,NaN,NaN,NaN,NaN,NaN,NaN,NaN,NaN,NaN,NaN,NaN,NaN,NaN,NaN,NaN,NaN,NaN,NaN,NaN,NaN,NaN,NaN,NaN,NaN,NaN,NaN,NaN,NaN,NaN,NaN,NaN,NaN,NaN,NaN,NaN
frontend,NaN,NaN,NaN,NaN,NaN,NaN,NaN,NaN,NaN,NaN,NaN,NaN,NaN,NaN,NaN,NaN,NaN,NaN,NaN,NaN,NaN,NaN,NaN,NaN,NaN,NaN,NaN,NaN,NaN,NaN,NaN,NaN,NaN,NaN,NaN,NaN,NaN,NaN,NaN,NaN,NaN,NaN,NaN,NaN,NaN,NaN,NaN,NaN,NaN,NaN,NaN,NaN,NaN,NaN,NaN,NaN,NaN,NaN,NaN,NaN,NaN,NaN,NaN,NaN,NaN,NaN,NaN,NaN,NaN,NaN,NaN,NaN,NaN,NaN,NaN,NaN,NaN,NaN,NaN,NaN,NaN,NaN,NaN,NaN,NaN,NaN,NaN,NaN,NaN,NaN,NaN,NaN,NaN,NaN,NaN,NaN,NaN,NaN,NaN,NaN,NaN,NaN,NaN,NaN,NaN,NaN,NaN,NaN,NaN,NaN,NaN,NaN,NaN,NaN,NaN,NaN,NaN,NaN,NaN,NaN,NaN,NaN,NaN,NaN,NaN,NaN,NaN,NaN,NaN,NaN,NaN,NaN,NaN,NaN,NaN,NaN,NaN,NaN,NaN,NaN,NaN,NaN,NaN,NaN,NaN,NaN,NaN,NaN,NaN,NaN,NaN,NaN,NaN,NaN,NaN,NaN,NaN,NaN,NaN,NaN,NaN,NaN,NaN,NaN,NaN,NaN,NaN,NaN,NaN,NaN,NaN,NaN,NaN,NaN,NaN,NaN,NaN,NaN,NaN,NaN,NaN,NaN,NaN,NaN,NaN,NaN,NaN,NaN,NaN,NaN,NaN,NaN,NaN,NaN,NaN,NaN,NaN,NaN,NaN,NaN,NaN,NaN,NaN,NaN,NaN,NaN,NaN,NaN,NaN,NaN,NaN,NaN,NaN,NaN,NaN,NaN,NaN,NaN,NaN,NaN,NaN,NaN,NaN,NaN,NaN,NaN,NaN,NaN,NaN,NaN,NaN,NaN,NaN,NaN,NaN,NaN,NaN,NaN,NaN,NaN,NaN,NaN,NaN,NaN,NaN,NaN,NaN,NaN,NaN,NaN,NaN,NaN,NaN,NaN,NaN,NaN,NaN,NaN,NaN,NaN,NaN,NaN,NaN,NaN,NaN,NaN,NaN,NaN,NaN,NaN,NaN,NaN,NaN,NaN,NaN,NaN,NaN,NaN,NaN,NaN,NaN,NaN,NaN,NaN,NaN,NaN,NaN,NaN,NaN,NaN,NaN,NaN,NaN,NaN,NaN,NaN,NaN,NaN,NaN,NaN,NaN,NaN,NaN,NaN
frontend-web,NaN,NaN,NaN,NaN,NaN,NaN,NaN,NaN,NaN,NaN,NaN,NaN,NaN,NaN,NaN,NaN,NaN,NaN,NaN,NaN,NaN,NaN,NaN,NaN,NaN,NaN,NaN,NaN,NaN,NaN,NaN,NaN,NaN,NaN,NaN,NaN,NaN,NaN,NaN,NaN,NaN,NaN,NaN,NaN,NaN,NaN,NaN,NaN,NaN,NaN,NaN,NaN,NaN,NaN,NaN,NaN,NaN,NaN,NaN,NaN,NaN,NaN,NaN,NaN,NaN,NaN,NaN,NaN,NaN,NaN,NaN,NaN,NaN,NaN,NaN,NaN,NaN,NaN,NaN,NaN,NaN,NaN,NaN,NaN,NaN,NaN,NaN,NaN,NaN,NaN,NaN,NaN,NaN,NaN,NaN,NaN,NaN,NaN,NaN,NaN,NaN,NaN,NaN,NaN,NaN,NaN,NaN,NaN,NaN,NaN,NaN,NaN,NaN,NaN,NaN,NaN,NaN,NaN,NaN,NaN,NaN,NaN,NaN,NaN,NaN,NaN,NaN,NaN,NaN,NaN,NaN,NaN,NaN,NaN,NaN,NaN,NaN,NaN,NaN,NaN,NaN,NaN,NaN,NaN,NaN,NaN,NaN,NaN,NaN,NaN,NaN,NaN,NaN,NaN,NaN,NaN,NaN,NaN,NaN,NaN,NaN,NaN,NaN,NaN,NaN,NaN,NaN,NaN,NaN,NaN,NaN,NaN,NaN,NaN,NaN,NaN,NaN,NaN,NaN,NaN,NaN,NaN,NaN,NaN,NaN,NaN,NaN,NaN,NaN,NaN,NaN,NaN,NaN,NaN,NaN,NaN,NaN,NaN,NaN,NaN,NaN,NaN,NaN,NaN,NaN,NaN,NaN,NaN,NaN,NaN,NaN,NaN,NaN,NaN,NaN,NaN,NaN,NaN,NaN,NaN,NaN,NaN,NaN,NaN,NaN,NaN,NaN,NaN,NaN,NaN,NaN,NaN,NaN,NaN,NaN,NaN,NaN,NaN,NaN,NaN,NaN,NaN,NaN,NaN,NaN,NaN,NaN,NaN,NaN,NaN,NaN,NaN,NaN,NaN,NaN,NaN,NaN,NaN,NaN,NaN,NaN,NaN,NaN,NaN,NaN,NaN,NaN,NaN,NaN,NaN,NaN,NaN,NaN,NaN,NaN,NaN,NaN,NaN,NaN,NaN,NaN,NaN,NaN,NaN,NaN,NaN,NaN,NaN,NaN,NaN,NaN,NaN,NaN,NaN,NaN,NaN,NaN,NaN,NaN,NaN,NaN,NaN,NaN,NaN
frontendproxy,NaN,NaN,NaN,NaN,NaN,NaN,NaN,NaN,NaN,NaN,NaN,NaN,NaN,NaN,NaN,NaN,NaN,NaN,NaN,NaN,NaN,NaN,NaN,NaN,NaN,NaN,NaN,NaN,NaN,NaN,NaN,NaN,NaN,NaN,NaN,NaN,NaN,NaN,NaN,NaN,NaN,NaN,NaN,NaN,NaN,NaN,NaN,NaN,NaN,NaN,NaN,NaN,NaN,NaN,NaN,NaN,NaN,NaN,NaN,NaN,NaN,NaN,NaN,NaN,NaN,NaN,NaN,NaN,NaN,NaN,NaN,NaN,NaN,NaN,NaN,NaN,NaN,NaN,NaN,NaN,NaN,NaN,NaN,NaN,NaN,NaN,NaN,NaN,NaN,NaN,NaN,NaN,NaN,NaN,NaN,NaN,NaN,NaN,NaN,NaN,NaN,NaN,NaN,NaN,NaN,NaN,NaN,NaN,NaN,NaN,NaN,NaN,NaN,NaN,NaN,NaN,NaN,NaN,NaN,NaN,NaN,NaN,NaN,NaN,NaN,NaN,NaN,NaN,NaN,NaN,NaN,NaN,NaN,NaN,NaN,NaN,NaN,NaN,NaN,NaN,NaN,NaN,NaN,NaN,NaN,NaN,NaN,NaN,NaN,NaN,NaN,NaN,NaN,NaN,NaN,NaN,NaN,NaN,NaN,NaN,NaN,NaN,NaN,NaN,NaN,NaN,NaN,NaN,NaN,NaN,NaN,NaN,NaN,NaN,NaN,NaN,NaN,NaN,NaN,NaN,NaN,NaN,NaN,NaN,NaN,NaN,NaN,NaN,NaN,NaN,NaN,NaN,NaN,NaN,NaN,NaN,NaN,NaN,NaN,NaN,NaN,NaN,NaN,NaN,NaN,NaN,NaN,NaN,NaN,NaN,NaN,NaN,NaN,NaN,NaN,NaN,NaN,NaN,NaN,NaN,NaN,NaN,NaN,NaN,NaN,NaN,NaN,NaN,NaN,NaN,NaN,NaN,NaN,NaN,NaN,NaN,NaN,NaN,NaN,NaN,NaN,NaN,NaN,NaN,NaN,NaN,NaN,NaN,NaN,NaN,NaN,NaN,NaN,NaN,NaN,NaN,NaN,NaN,NaN,NaN,NaN,NaN,NaN,NaN,NaN,NaN,NaN,NaN,NaN,NaN,NaN,NaN,NaN,NaN,NaN,NaN,NaN,NaN,NaN,NaN,NaN,NaN,NaN,NaN,NaN,NaN,NaN,NaN,NaN,NaN,NaN,NaN,NaN,NaN,NaN,NaN,NaN,NaN,NaN,NaN,NaN,NaN,NaN,NaN
imageprovider,0,0,0,0,0,0,0,0,0,0,0,0,0,0,0,0,0,0,0,0,0,0,0,0,0,0,0,0,0,0,0,0,0,0,0,0,0,0,0,0,0,0,0,0,0,0,0,0,0,0,0,0,0,0,0,0,0,0,0,0,0,0,0,0,0,0,0,0,0,0,0,0,0,0,0,0,0,0,0,0,0,0,0,0,0,0,0,0,0,0,0,0,0,0,0,0,0,0,0,0,0,0,0,0,0,0,0,0,0,0,0,0,0,0,0,0,0,0,0,0,0,0,0,0,0,0,0,0,0,0,0,0,0,0,0,0,0,0,0,0,0,0,0,0,0,0,0,0,0,0,0,0,0,0,0,0,0,0,0,0,0,0,0,0,0,0,0,0,0,0,0,0,0,0,0,0,0,0,0,0,0,0,0,0,0,0,0,0,0,0,0,0,0,0,0,0,0,0,0,0,0,0,0,0,0,0,0,0,0,0,0,0,0,0,0,0,0,0,0,0,0,0,0,0,0,0,0,0,0,0,0,0,0,0,0,0,0,0,0,0,0,0,0,0,0,0,0,0,0,0,0,0,0,0,0,0,0,0,0,0,0,0,0,0,0,0,0,0,0,0,0,0,0,0,0,0,0,0,0,0,0,0,0,0,0,0,0,0,0,0,0,0,0,0,0,0,0,0,0,0,0,0,0,0
loadgenerator,NaN,NaN,NaN,NaN,NaN,NaN,NaN,NaN,NaN,NaN,NaN,NaN,NaN,NaN,NaN,NaN,NaN,NaN,NaN,NaN,NaN,NaN,NaN,NaN,NaN,NaN,NaN,NaN,NaN,NaN,NaN,NaN,NaN,NaN,NaN,NaN,NaN,NaN,NaN,NaN,NaN,NaN,NaN,NaN,NaN,NaN,NaN,NaN,NaN,NaN,NaN,NaN,NaN,NaN,NaN,NaN,NaN,NaN,NaN,NaN,NaN,NaN,NaN,NaN,NaN,NaN,NaN,NaN,NaN,NaN,NaN,NaN,NaN,NaN,NaN,NaN,NaN,NaN,NaN,NaN,NaN,NaN,NaN,NaN,NaN,NaN,NaN,NaN,NaN,NaN,NaN,NaN,NaN,NaN,NaN,NaN,NaN,NaN,NaN,NaN,NaN,NaN,NaN,NaN,NaN,NaN,NaN,NaN,NaN,NaN,NaN,NaN,NaN,NaN,NaN,NaN,NaN,NaN,NaN,NaN,NaN,NaN,NaN,NaN,NaN,NaN,NaN,NaN,NaN,NaN,NaN,NaN,NaN,NaN,NaN,NaN,NaN,NaN,NaN,NaN,NaN,NaN,NaN,NaN,NaN,NaN,NaN,17213.946945206164,NaN,NaN,NaN,NaN,NaN,NaN,NaN,NaN,NaN,NaN,NaN,NaN,NaN,NaN,NaN,NaN,NaN,NaN,NaN,NaN,NaN,NaN,NaN,NaN,NaN,NaN,NaN,NaN,NaN,NaN,NaN,NaN,NaN,NaN,NaN,NaN,NaN,NaN,NaN,NaN,NaN,NaN,NaN,NaN,NaN,NaN,NaN,NaN,NaN,NaN,NaN,NaN,NaN,NaN,NaN,NaN,NaN,NaN,NaN,NaN,NaN,NaN,NaN,NaN,NaN,NaN,NaN,NaN,NaN,NaN,NaN,NaN,NaN,NaN,NaN,NaN,NaN,NaN,NaN,NaN,NaN,NaN,16953.681846961874,NaN,NaN,NaN,NaN,NaN,NaN,NaN,NaN,NaN,NaN,NaN,NaN,NaN,NaN,NaN,NaN,NaN,NaN,NaN,NaN,NaN,NaN,NaN,NaN,NaN,NaN,NaN,NaN,NaN,NaN,NaN,NaN,NaN,NaN,NaN,NaN,NaN,NaN,NaN,NaN,NaN,NaN,NaN,NaN,NaN,NaN,NaN,NaN,NaN,NaN,NaN,NaN,NaN,NaN,NaN,NaN,NaN,NaN,NaN,NaN,NaN,NaN,NaN,NaN,NaN,NaN,NaN,NaN,NaN,NaN,NaN,NaN,NaN
paymentservice,NaN,NaN,NaN,NaN,NaN,NaN,NaN,NaN,NaN,NaN,NaN,NaN,NaN,NaN,NaN,NaN,NaN,NaN,NaN,NaN,NaN,NaN,NaN,NaN,NaN,NaN,NaN,NaN,NaN,NaN,NaN,NaN,NaN,NaN,NaN,NaN,NaN,NaN,NaN,NaN,NaN,NaN,NaN,NaN,NaN,NaN,NaN,NaN,NaN,NaN,NaN,NaN,NaN,NaN,NaN,NaN,NaN,NaN,NaN,NaN,NaN,NaN,NaN,NaN,NaN,NaN,NaN,NaN,NaN,NaN,NaN,NaN,NaN,NaN,NaN,NaN,NaN,NaN,NaN,NaN,NaN,NaN,NaN,NaN,NaN,NaN,NaN,NaN,NaN,NaN,NaN,NaN,NaN,NaN,NaN,NaN,NaN,NaN,NaN,NaN,NaN,NaN,NaN,NaN,NaN,NaN,NaN,NaN,NaN,NaN,NaN,NaN,NaN,NaN,NaN,NaN,NaN,NaN,NaN,NaN,NaN,NaN,NaN,NaN,NaN,NaN,NaN,NaN,NaN,NaN,NaN,NaN,NaN,NaN,NaN,NaN,NaN,NaN,NaN,NaN,NaN,NaN,NaN,NaN,NaN,NaN,NaN,NaN,NaN,NaN,NaN,NaN,NaN,NaN,NaN,NaN,NaN,NaN,NaN,NaN,NaN,NaN,NaN,NaN,NaN,NaN,NaN,NaN,NaN,NaN,NaN,NaN,NaN,NaN,NaN,NaN,NaN,NaN,NaN,NaN,NaN,NaN,NaN,NaN,NaN,NaN,NaN,NaN,NaN,NaN,NaN,NaN,NaN,NaN,NaN,NaN,NaN,NaN,NaN,NaN,NaN,NaN,NaN,NaN,NaN,NaN,NaN,NaN,NaN,NaN,NaN,NaN,NaN,NaN,NaN,NaN,NaN,NaN,NaN,NaN,NaN,NaN,NaN,NaN,NaN,NaN,NaN,NaN,NaN,NaN,NaN,NaN,NaN,NaN,NaN,NaN,NaN,NaN,NaN,NaN,NaN,NaN,NaN,NaN,NaN,NaN,NaN,NaN,NaN,NaN,NaN,NaN,NaN,NaN,NaN,NaN,NaN,NaN,NaN,NaN,NaN,NaN,NaN,NaN,NaN,NaN,NaN,NaN,NaN,NaN,NaN,NaN,NaN,NaN,NaN,NaN,NaN,NaN,NaN,NaN,NaN,NaN,NaN,NaN,NaN,NaN,NaN,NaN,NaN,NaN,NaN,NaN,NaN,NaN,NaN,NaN,NaN,NaN,NaN,NaN,NaN,NaN,NaN,NaN
productcatalogservice,0.3612531637089843,0.34780382406876287,0.3456068184632861,0.3290823154453052,0.3193729970296485,0.3579561397174316,0.40705091807889426,0.3652213915134099,0.35527524959985723,0.36428166358916314,0.3344310970757835,0.32392717927890363,0.3674990667964827,0.28979138473801286,0.35850173035603866,0.3298025933079544,0.3639736946223723,0.3724423271037285,0.3295971999698615,0.3594311354938804,0.3322763961937553,0.3429850316964965,0.36085743531343684,0.3370071849284853,0.36837347451341795,0.3465629025067042,0.38911695714341477,0.37799997096305193,0.39131718671482685,0.3962730740773074,0.31777743175970824,0.32424142392702393,0.34537767527755303,0.3683477113793419,0.3049597433077833,0.37590738359844156,0.3361711837531023,0.35594132025922065,0.37134886111449417,0.32226382791941466,0.3685411729305983,0.3492551632203399,0.3279171421361106,0.36687247775567927,0.5907893337796,0.32823388823935357,0.40214478518085794,0.3376933846736349,0.3253380140476124,0.33663582666105074,0.3322186522565976,0.40376628356944766,0.329254300703841,0.33044854786706257,0.37394403215372185,0.3140984692604417,0.3436325313512454,0.3319229505064172,0.36372291077447627,0.33382326867410794,0.3577431415782875,0.3181641590945052,0.3388702722640553,0.3676758500903501,0.32549000177993587,0.36524680991373504,0.35983142620310654,0.35766779432349305,0.34285855991481307,0.3309539855085942,0.3597438267414878,0.34801005470718704,0.3622311757792463,0.38295071621753,0.3522285223798887,0.31296311211624606,0.48892315547610576,0.3161712968491396,0.3105775151538164,0.35443230575285345,0.275103443253814,0.3641198771445996,0.318065510519021,0.31365800455144494,0.34374463478072914,0.3757623435515009,0.3365795135020073,0.3576040706931435,0.3474373015343827,0.38507497546627234,0.35857607425308075,0.33381714396412676,0.35845504260213645,0.3848873408161927,0.38484874131181934,0.33375151424304395,0.3472362562054672,0.32251693101827933,0.42464736076912835,0.3259650848750535,0.34205626369370246,0.36830648804047583,0.35012368186954856,0.3345850510803522,0.3798530750583822,0.3375753817477309,0.3737929520909099,0.34583025746536045,0.30238721491149767,0.3756786474374306,0.3376622041108577,0.35352894971483717,0.35941274925148003,0.4001409802490504,0.3208304457432016,0.3436983733011143,0.3000384007598763,0.3316383942791109,0.32557170708198374,0.3268441936115228,0.38524518655655454,0.3405956955008166,0.3007944403888444,0.38365174944305913,0.3461838114654354,0.33615685309052046,0.33251822439491124,0.3663044446361886,0.3119475888548058,0.40676746230684346,0.3183727999042982,0.34587657303404307,0.3616301716682189,0.39942612184047444,0.3522225231524013,0.36059994648020505,0.3503721290708013,0.3294896281772985,0.34960553160745345,0.4068995604884849,0.35775922178621056,0.41693384948339796,0.4192509323691004,0.43886364108643916,0.35599493841542496,0.32909408745766044,0.3336862317284607,0.34498594673103944,0.40243387836971445,0.31494774605291853,0.3806679075581235,0.3688734798076162,0.34674642951968726,0.3875041758687408,0.4327315625035253,0.3711470144855973,0.3657023270866139,0.3678259871909638,0.33307067815981756,0.3143676651315198,0.3767828752798802,0.3231804556897404,0.2971018632886291,0.34556789717992714,0.3145698709096362,0.33563410393511156,0.3730179814691693,0.3296324888436767,0.3237234486418054,0.3069021695354602,0.29972627711037747,0.34255995977913756,0.35859112177809993,0.3574013845812859,0.36638549874961124,0.39035707422689936,0.3325967764215773,0.45875166582630966,0.39447017355922653,0.319370107841841,0.3244346812911832,0.3866812488007991,0.39115701033494343,0.3497697111815064,0.34993257671259526,0.3611992891767951,0.28555894444366264,0.34515597275189314,0.3194736071365436,0.33400974017285867,0.32789466575758364,0.6452215160342452,0.3544813472907383,0.42496981558747726,0.35050943104768645,0.34019164034705335,0.35022850253956095,0.3420561024848954,0.35459491026835127,0.3130968464661408,0.3162065820481084,0.36692303786322794,0.3479599605559982,0.36340145024750853,0.3631263106635967,0.3860579632285371,0.34922008532029397,0.3387855806688794,0.36081552680076423,0.37047263693523486,0.38204147516711173,0.35061508344680115,0.3495217205158387,0.31780746499774976,0.30725894992662256,0.3924777851559099,0.39297497259994263,0.331667050782686,0.41752211791574156,0.3562264975669275,0.4005100905275231,0.41164454975722126,0.31916704895947173,0.3285431999987923,0.3557160321963082,0.372540989086362,0.3349180663079112,0.3334559901335098,0.3720315925351492,0.36519492889991056,0.37740930103003945,0.3950293201851729,0.35196539089970014,0.325281091435468,0.3705084618248701,0.3472359571533854,0.40568246981325795,0.3789328811412959,0.3221080125689332,0.3399369048975617,0.2825820561637994,0.3305679171536512,0.36628938989441884,0.35374997819718634,0.38959100883745157,0.33178776525608844,0.3532745418343587,0.3423353842644482,0.3516979065502659,0.35268733793251184,0.3670314713700414,0.3350148694407122,0.3272008637421942,0.30446506484415414,0.33849651407015824,0.35017271873966116,0.37073618348675325,0.3928165659613095,0.3298165717421061,0.3401773905584195,0.3468464081912922,0.37330128771650517,0.33021561146298595,0.3411701448603937,0.35857393029992557,0.34663327694760115,0.3377546345398766,0.34650443874583625,0.4419030714174368,0.46180198380475995,0.3566661046811497,0.35133750096717725,0.3273174524057743,0.38430032882723053,0.3443156315257583,0.3292582040264378,0.3239114757582705,0.367649346797275,0.3462768458698505,0.33450885833897503,0.3549437464990821,0.3933304193010452,0.33472528086452785,0.37374013793617766,0.4870028677616707,0.32399896859806615,0.3785820717935183,0.5150331182803705,0.38209572383897106,0.3945512164050895,0.3473624613679501,0.31904455418661454,0.382344611105136,0.3936583281769336,0.356953634813143,0.345117141937507,0.34028597563784413,0.35007174159864385,0.331317818002082,0.3052546161376162,0.4639808674172053,0.3781377390129389,0.36575715297692074,0.3823907940037633
quoteservice,0.7301544444450074,0.5588443750008025,NaN,NaN,NaN,0.6656923333335953,NaN,NaN,NaN,NaN,0.6840499999996533,0.7156586153846022,NaN,NaN,0.6329120000009425,0.7512312142860894,NaN,NaN,0.7185886666667329,0.6791822000005595,NaN,NaN,0.6364332000001468,NaN,NaN,NaN,0.6629337142857951,NaN,NaN,1.083433000000241,1.1410318749996406,NaN,NaN,NaN,0.643334999999297,0.5796040476195143,NaN,NaN,0.8697410000013406,0.6986082222219162,0.6731409999995321,0.8137161052633785,NaN,0.6438774545452732,1.1988389090910336,0.8090021999998727,0.7500499999989643,1.0240249999978914,0.6907171249991109,0.6323696666665801,0.752985999999756,0.7056636666665858,0.7010385333332427,0.7410672500003557,0.6046369999991535,0.5504471538459675,0.7155312499997137,0.642799874999838,0.6238089999999049,1.0108448333333324,0.8080296363637817,0.7448806249998938,1.3261574999995673,0.5882400769233195,1.3827129000008427,0.6338188333336349,NaN,0.6696129999991172,0.6481470000003355,0.5873619999986961,NaN,NaN,0.6358524705883476,0.6256328888894132,NaN,0.6363419999977395,0.6499029999986305,0.7229174230768125,0.5542829999998048,0.8638770000002296,0.8217351250004015,0.5937348666668792,0.5996718076926649,0.5921352727273808,0.6429639999992105,0.7714336470586498,0.588241416667112,0.5803814285710099,0.746853428571025,0.624624500000067,0.7155459999999039,0.6229698571428668,0.640295333333424,0.5843277499999999,0.5362424545460478,0.7825628333329746,0.68934700000068,0.6243594444443186,0.708343999998533,0.699163700000031,0.5627773181822704,0.504886571428025,0.7765495555555239,0.7392010000003495,0.6870370000003732,0.6332737894738449,0.6985636249993945,0.6408118571426614,0.7232639999981529,1.178773285714128,0.6231440833331211,0.5478575882350469,0.6808550000003833,0.7518220000010842,0.7132513500000414,0.7682290833336273,0.6533180000001266,0.5736683333328377,0.5811560000000782,0.6117021666665986,0.8021380000020599,0.5972655238094831,0.6074837272728101,0.5676084000001992,0.7120429999998995,0.622919062499605,0.6502277500008802,0.7830606250003029,0.6151045000002063,0.650487000000112,1.2072035000001762,0.7031414999999015,0.6087661111111579,0.7374519999993936,0.6418178235295299,0.6319975714285907,NaN,0.6361722800003281,0.6826671428569364,0.8182469999997011,0.5857359444438165,0.6748630909098459,0.6652966666663511,0.6038511000001563,0.6882700000003297,0.7423998095235089,0.6550450999998247,0.7517079999990983,0.6486401999997724,0.6347461250000492,0.942590400000563,0.6224902222228745,1.419172000000799,0.7642940000018825,0.6448691500002383,0.6485106666667662,0.6425983333325702,0.6899875454546832,0.7412820000022293,0.5662476666663628,0.5411875384615297,0.679295619047404,0.6214141666660756,0.6309492500002989,0.6965432500001327,0.7864140000005287,0.6603600000003098,0.6468890555554607,0.6149471666666765,NaN,0.8344396249998596,0.8203630000011799,0.6487340000003449,NaN,0.627034176470662,0.6660579999991114,0.8683396666663725,0.6322731500001054,0.6311740000012378,0.7152206666670888,0.6201258571422679,0.7544550000018262,0.6741733333337455,0.7368980714288844,0.6341885000000218,0.6142697500002139,0.792099699999767,0.5656913750008101,0.5807725555563745,0.6946401999998215,0.9241689999998925,0.5712084545455334,0.5536340833334824,0.7444609999984095,0.6248185909090374,0.6871589999996104,0.7783093125000136,0.5813203333331481,0.6061546666661949,0.621179363635995,0.6509756363633311,0.7327462499993942,0.5806397857139699,0.9620536000001418,0.7359066666663239,0.6406112857144015,0.6587660000009237,0.6647138749999755,0.66129299999875,NaN,0.564822727273188,0.7228689999983544,NaN,NaN,0.5738224285714425,0.5962924000003114,NaN,0.9709080999999515,NaN,0.8223809999996471,0.7026059999999082,0.8402391428573992,0.667082999998911,0.6549011052627879,0.6759908333328136,0.7500139999988278,NaN,NaN,0.5838803636360023,0.609727333332709,NaN,NaN,0.6203960000005206,0.622832571428749,0.7709950000005392,NaN,0.7225459999992836,0.663014749999661,NaN,NaN,NaN,NaN,NaN,NaN,0.6434737777778234,0.6583292857142331,NaN,NaN,NaN,0.6319852380955321,NaN,NaN,NaN,0.7320473333326921,NaN,NaN,0.6775218571427298,0.6943841111108213,NaN,0.5866860909091801,0.6959730000023683,0.6245860555554322,1.0335406666664413,0.5572717499998419,0.7247345000001815,0.6669019999985721,0.6285880588230905,0.6833829166670284,0.6491877142856148,0.6563164166668685,0.675406272727266,0.6740750000012667,0.877335999999832,0.7220891999993455,0.6552059999987705,0.6126165000004221,0.8448357999997824,0.6566987777774406,NaN,0.6908269999994445,0.6841129999996459,0.7003059999985908,NaN,0.6552535384619554,0.6668434545457248,0.5676636249995681,0.5986801111104746,0.7097949999999855,0.6540322499998107,0.7187696666657454,0.7473821818181147,0.632968857143039,0.7792392857144088,0.6372436666662098,0.7127080000001954,0.6082729999998089,0.6721544444443074,0.6241549166668392,0.6497437499998568,0.7742840000009892,0.623358999999796,0.7279920000009952,0.8991880000001271,0.5878357500000391
recommendationservice,NaN,NaN,NaN,NaN,NaN,NaN,NaN,NaN,NaN,NaN,NaN,NaN,NaN,NaN,NaN,NaN,NaN,NaN,NaN,NaN,NaN,NaN,NaN,NaN,NaN,NaN,NaN,NaN,NaN,NaN,NaN,NaN,NaN,NaN,NaN,NaN,NaN,NaN,NaN,NaN,NaN,NaN,NaN,NaN,NaN,NaN,NaN,NaN,NaN,NaN,NaN,NaN,NaN,NaN,NaN,NaN,NaN,NaN,NaN,NaN,NaN,NaN,NaN,NaN,NaN,NaN,NaN,NaN,NaN,NaN,NaN,NaN,NaN,NaN,NaN,NaN,NaN,NaN,NaN,NaN,NaN,NaN,NaN,NaN,NaN,NaN,NaN,NaN,NaN,NaN,NaN,NaN,NaN,NaN,NaN,NaN,NaN,NaN,NaN,NaN,NaN,NaN,NaN,NaN,NaN,NaN,NaN,NaN,NaN,NaN,NaN,NaN,NaN,NaN,NaN,NaN,NaN,NaN,NaN,NaN,NaN,NaN,NaN,NaN,NaN,NaN,NaN,NaN,NaN,NaN,NaN,NaN,NaN,NaN,NaN,NaN,NaN,NaN,NaN,NaN,NaN,NaN,NaN,NaN,NaN,NaN,NaN,NaN,NaN,NaN,NaN,NaN,NaN,NaN,NaN,NaN,NaN,NaN,NaN,NaN,NaN,NaN,NaN,NaN,NaN,NaN,NaN,NaN,NaN,NaN,NaN,NaN,NaN,NaN,NaN,NaN,NaN,NaN,NaN,NaN,NaN,NaN,NaN,NaN,NaN,NaN,NaN,NaN,NaN,NaN,NaN,NaN,NaN,NaN,NaN,NaN,NaN,NaN,NaN,NaN,NaN,NaN,NaN,NaN,NaN,NaN,NaN,NaN,NaN,NaN,NaN,NaN,NaN,NaN,NaN,NaN,NaN,NaN,NaN,NaN,NaN,NaN,NaN,NaN,NaN,NaN,NaN,NaN,NaN,NaN,NaN,NaN,NaN,NaN,NaN,NaN,NaN,NaN,NaN,NaN,NaN,NaN,NaN,NaN,NaN,NaN,NaN,NaN,NaN,NaN,NaN,NaN,NaN,NaN,NaN,NaN,NaN,NaN,NaN,NaN,NaN,NaN,NaN,NaN,NaN,NaN,NaN,NaN,NaN,NaN,NaN,NaN,NaN,NaN,NaN,NaN,NaN,NaN,NaN,NaN,NaN,NaN,NaN,NaN,NaN,NaN,NaN,NaN,NaN,NaN,NaN,NaN,NaN,NaN,NaN,NaN,NaN,NaN,NaN,NaN,NaN,NaN,NaN,NaN
shippingservice,47664.9373166682,94510.85780587458,4.659411007484323,5.025727001149107,NaN,23022.00421400018,NaN,NaN,NaN,NaN,82090.78788222083,5009.184018823821,NaN,4.751925008464923,9295.954907403453,2447.726159332339,NaN,NaN,4.692952998432247,NaN,NaN,NaN,32650.076108030804,NaN,5.139163002954547,NaN,1150.8774132842368,4.6992259992102845,NaN,5.82702099747371,2069.7684579442034,4.555228009750408,NaN,4.581352006891166,29541.708840337054,106131.77731264396,NaN,5.574904996215764,6.330143000814246,76682.73906222083,20821.24682545135,81075.44135100802,NaN,54781.84759874674,33624.71491090692,4904.660658883324,NaN,51978.42360533,63769.76455377749,39466.23311862093,63565.921946795905,5120.08069324688,4132.280675285659,6.936971748343694,6.73689416969296,55826.999981102614,7662.178855250265,29638.763701285603,37545.02128099655,22029.92932116647,15396.468390156675,25023.418621496563,12381.67910419983,46689.26789753735,7.220661997997399,18814.755059956824,NaN,NaN,42326.10716750205,10.217579831895478,NaN,5.414783995950756,41258.304425502676,70714.0692968732,NaN,4.461529992325723,31427.9239953099,78017.42339049932,47392.381255800035,6108.396703447092,53821.46853753441,146930.1330584294,64716.92654941612,129747.77608023552,13460.673332375183,10110.512323110708,34650.7444323302,6.904381335325108,75229.82419738089,13.35705049719678,50552.518297247334,62567.32753008781,49753.08189333742,48051.674834626705,78232.06726083478,21901.424254562546,8.73820963647557,36380.128540713755,3052.5900260920616,58948.34347122143,86406.55659933621,102760.72027726252,125179.6803134545,2239.4613493073302,29249.529276500532,28601.317351361242,97602.13097869682,73605.6714434078,5233.0573816358765,73887.15154927458,4.339348003043142,73452.28113899947,4436.96164169135,35784.63502108491,98404.81203287722,16660.955676751357,37198.25092666977,9.22236100023353,55626.58720340123,64785.67816293217,75801.23845318597,42263.343522500225,60261.966448797,19056.833323202827,39660.66986164431,54265.56492191643,3677.5227865006023,3150.1266631810186,32396.80862370609,33841.13658147045,6.215449998914721,6.655638999595567,7283.960818750275,6.707540800890501,67829.39525899866,6.5091731422124735,51053.89790044949,87397.84156225945,10.404653259649422,7.021045597685373,52593.809602513335,12439.881176545005,43650.0115654472,58828.82885554556,56509.98019469295,48261.05684300457,19824.916447800177,48398.17944360016,NaN,24595.841266768668,10.170259751987508,12695.617446621816,8.080890303251598,52719.68181427842,111957.20715509988,7.555526669326355,9.140491202753266,14215.043060246653,127956.5528670134,89357.22903207823,87312.1713231239,65080.15693262993,6.966002252990886,74159.89626649702,51978.782582982356,7.234743291496259,19034.311999125748,131448.6474024538,6454.347813217505,NaN,9641.946919374786,27163.168969128456,120412.76237199995,74728.98947900365,55465.46691529893,64222.13027100002,33973.1542839329,7955.313243500558,4.944513500424364,5792.941458142362,42295.80345836238,22812.875896334743,NaN,1492.5981121996956,60756.82440660766,32094.56544650168,8.61334490376312,59507.48088196401,12551.401348667023,8.782507003676619,66834.50162797153,78264.81472122246,31798.09317194703,49573.30337787374,114382.53649628045,34637.80876111832,56966.23735600096,24159.55026536599,8.125995113586164,95967.66254936683,12284.900560363938,83570.55448702976,18762.03751033618,31354.700384510386,7.961171168531337,50880.20400977543,316.68331231736096,7.3466127889750705,78147.7167572543,NaN,25136.198485496316,26792.280459909554,NaN,NaN,86116.16577152045,5.0392653350562195,NaN,31869.712239698096,NaN,8.555028337822023,63250.322378369514,62125.246769974256,42904.3599726261,87910.50735333179,73533.92204916287,5.6753518565052605,NaN,4.562934996529748,48296.94167091102,89638.97979680133,4.606979005378889,5.3071950017738345,107875.56398939944,418.83960133017143,NaN,4.811462000263418,2069.2852957749155,14762.286629502694,NaN,4.961204995112439,NaN,NaN,NaN,4.633267003337096,7.9762594414906856,70896.49793013251,NaN,NaN,NaN,56151.242797873674,4.547284016651247,NaN,NaN,35518.08909899798,NaN,4.853978011610252,12.532986715370237,950.082208219586,4.5586130088140635,9889.817559635308,3183.7168847322105,69344.99563487338,10954.832928214688,35128.8197489894,28768.257639506133,13699.679239453078,33029.96057057482,24390.16121141723,6975.456577141546,28676.649023312897,21010.078057732004,36170.553166127356,97545.27726582333,52.454246595510995,NaN,63916.96335223888,19774.776453204333,747.5242967745729,5.0794029808103005,5.352643020252344,25247.993484558614,NaN,NaN,5.499472696416293,4294.332765458538,10.257952870754195,66323.34975766946,8.285360949558186,97332.2690636456,7.010907805845688,100497.77695532836,27316.385061848785,2345.6156234181753,6.612309559269205,52881.629863724884,25869.419405460565,47608.96284949468,12404.818461079338,6.206472001229031,31464.5884673833,136326.18367049895,11.687214468284406,44134.704754629405,47705.43728412748
